-- MySQL Administrator dump 1.4
--
-- ------------------------------------------------------
-- Server version	5.0.51a


/*!40101 SET @OLD_CHARACTER_SET_CLIENT=@@CHARACTER_SET_CLIENT */;
/*!40101 SET @OLD_CHARACTER_SET_RESULTS=@@CHARACTER_SET_RESULTS */;
/*!40101 SET @OLD_COLLATION_CONNECTION=@@COLLATION_CONNECTION */;
/*!40101 SET NAMES utf8 */;

/*!40014 SET @OLD_UNIQUE_CHECKS=@@UNIQUE_CHECKS, UNIQUE_CHECKS=0 */;
/*!40014 SET @OLD_FOREIGN_KEY_CHECKS=@@FOREIGN_KEY_CHECKS, FOREIGN_KEY_CHECKS=0 */;
/*!40101 SET @OLD_SQL_MODE=@@SQL_MODE, SQL_MODE='NO_AUTO_VALUE_ON_ZERO' */;


--
-- Create schema db_apotek3
--

CREATE DATABASE IF NOT EXISTS db_apotek3;
USE db_apotek3;

--
-- Definition of table `admin`
--

DROP TABLE IF EXISTS `admin`;
CREATE TABLE `admin` (
  `id` int(11) unsigned NOT NULL auto_increment,
  `username` varchar(50) NOT NULL,
  `fullname` varchar(100) NOT NULL,
  `password` varchar(60) NOT NULL,
  `jns_kel` varchar(1) NOT NULL,
  `kode` varchar(1) NOT NULL,
  `ket` varchar(25) NOT NULL,
  `status_aktivasi` varchar(1) NOT NULL,
  PRIMARY KEY  (`id`)
) ENGINE=MyISAM AUTO_INCREMENT=7 DEFAULT CHARSET=latin1;

--
-- Dumping data for table `admin`
--

/*!40000 ALTER TABLE `admin` DISABLE KEYS */;
SET AUTOCOMMIT=0;
INSERT INTO `admin` (`id`,`username`,`fullname`,`password`,`jns_kel`,`kode`,`ket`,`status_aktivasi`) VALUES 
 (1,'angga','anggara suci nugraha','8479c86c7afcb56631104f5ce5d6de62','L','1','Admin','1'),
 (2,'yui','yui aora','4eff0335928a2d0e92f38ea9bb56d72b','P','2','Apoteker','1'),
 (3,'hyde','hyde takarai','c597ea1ed1948f1a6ef867787ea1772b','L','3','Kasir','0'),
 (4,'nani','nani nani','02ea2ae2a237c042285e093e6972eaa9','P','3','Kasir','0'),
 (5,'gara','gara','04b7aaeab58d4c6507e86a90250694af','P','3','Kasir','1'),
 (6,'234','234Lovers','25d55ad283aa400af464c76d713c07ad','L','2','Apoteker','0');
COMMIT;
/*!40000 ALTER TABLE `admin` ENABLE KEYS */;


--
-- Definition of table `apotik`
--

DROP TABLE IF EXISTS `apotik`;
CREATE TABLE `apotik` (
  `id` int(11) NOT NULL auto_increment,
  `kd_barang` varchar(20) NOT NULL,
  `jml` float(9,2) NOT NULL,
  `harga` float(9,2) NOT NULL,
  `F` varchar(100) NOT NULL,
  PRIMARY KEY  (`id`)
) ENGINE=MyISAM DEFAULT CHARSET=latin1;

--
-- Dumping data for table `apotik`
--

/*!40000 ALTER TABLE `apotik` DISABLE KEYS */;
SET AUTOCOMMIT=0;
COMMIT;
/*!40000 ALTER TABLE `apotik` ENABLE KEYS */;


--
-- Definition of table `barang_unit`
--

DROP TABLE IF EXISTS `barang_unit`;
CREATE TABLE `barang_unit` (
  `id` int(11) NOT NULL auto_increment,
  `barang_id` int(11) NOT NULL,
  `unit_id` int(11) NOT NULL,
  `stok` float(9,2) NOT NULL,
  `min_stok` float(9,2) NOT NULL,
  `max_stok` float(9,2) NOT NULL,
  `flags` bit(1) NOT NULL,
  `created_datetime` datetime NOT NULL,
  `created_user` varchar(20) NOT NULL,
  `update_datetime` datetime NOT NULL,
  `update_user` varchar(20) NOT NULL,
  `fld01` float(14,2) default NULL,
  `fld02` float(14,2) default NULL,
  `fld03` varchar(255) default NULL,
  `fld04` varchar(255) default NULL,
  `fld05` varchar(255) default NULL,
  `fld06` varchar(255) default NULL,
  `fld07` varchar(255) default NULL,
  `fld08` varchar(255) default NULL,
  `fld09` varchar(255) default NULL,
  `fld10` varchar(255) default NULL,
  `expire_date` varchar(10) NOT NULL,
  `ex_date` int(2) NOT NULL,
  `ex_month` int(2) NOT NULL,
  `ex_year` int(4) NOT NULL,
  PRIMARY KEY  (`id`,`barang_id`)
) ENGINE=MyISAM AUTO_INCREMENT=48 DEFAULT CHARSET=latin1;

--
-- Dumping data for table `barang_unit`
--

/*!40000 ALTER TABLE `barang_unit` DISABLE KEYS */;
SET AUTOCOMMIT=0;
INSERT INTO `barang_unit` (`id`,`barang_id`,`unit_id`,`stok`,`min_stok`,`max_stok`,`flags`,`created_datetime`,`created_user`,`update_datetime`,`update_user`,`fld01`,`fld02`,`fld03`,`fld04`,`fld05`,`fld06`,`fld07`,`fld08`,`fld09`,`fld10`,`expire_date`,`ex_date`,`ex_month`,`ex_year`) VALUES 
 (47,53,91,100.00,100.00,1000.00,0x01,'2011-07-24 22:17:10','URAD','0000-00-00 00:00:00','',2800.00,3300.00,NULL,NULL,NULL,NULL,NULL,NULL,NULL,NULL,'',0,0,0),
 (46,51,91,30.00,100.00,1000.00,0x01,'2011-07-24 22:17:10','URAD','0000-00-00 00:00:00','',3900.00,4400.00,NULL,NULL,NULL,NULL,NULL,NULL,NULL,NULL,'',0,0,0),
 (45,52,52,100.00,100.00,1000.00,0x01,'2011-07-24 22:16:50','UOCA','0000-00-00 00:00:00','',2000.00,2500.00,NULL,NULL,NULL,NULL,NULL,NULL,NULL,NULL,'',0,0,0),
 (43,55,87,100.00,100.00,1000.00,0x01,'2011-07-24 22:16:30','ULAB','0000-00-00 00:00:00','',5000.00,5500.00,NULL,NULL,NULL,NULL,NULL,NULL,NULL,NULL,'',0,0,0),
 (41,52,51,100.00,100.00,1000.00,0x01,'2011-07-24 22:15:48','UIGD','0000-00-00 00:00:00','',2000.00,2500.00,NULL,NULL,NULL,NULL,NULL,NULL,NULL,NULL,'',0,0,0),
 (39,51,51,8.00,100.00,1000.00,0x01,'2011-07-24 22:15:48','UIGD','0000-00-00 00:00:00','',3900.00,4400.00,NULL,NULL,NULL,NULL,NULL,NULL,NULL,NULL,'',0,0,0),
 (38,48,2,98.00,100.00,1000.00,0x01,'2011-07-24 22:15:26','UAPT','0000-00-00 00:00:00','',8700.00,9200.00,NULL,NULL,NULL,NULL,NULL,NULL,NULL,NULL,'',0,0,0),
 (44,49,87,100.00,100.00,1000.00,0x01,'2011-07-24 22:16:30','ULAB','0000-00-00 00:00:00','',1250.00,1750.00,NULL,NULL,NULL,NULL,NULL,NULL,NULL,NULL,'',0,0,0),
 (42,55,51,90.00,100.00,1000.00,0x01,'2011-07-24 22:15:48','UIGD','0000-00-00 00:00:00','',5000.00,5500.00,NULL,NULL,NULL,NULL,NULL,NULL,NULL,NULL,'',0,0,0),
 (40,50,51,97.00,100.00,1000.00,0x01,'2011-07-24 22:15:48','UIGD','0000-00-00 00:00:00','',5000.00,5500.00,NULL,NULL,NULL,NULL,NULL,NULL,NULL,NULL,'',0,0,0),
 (37,56,2,50.00,100.00,1000.00,0x01,'2011-07-24 22:15:26','UAPT','0000-00-00 00:00:00','',4500.00,5000.00,NULL,NULL,NULL,NULL,NULL,NULL,NULL,NULL,'',0,0,0),
 (36,49,2,50.00,100.00,1000.00,0x01,'2011-07-24 22:15:26','UAPT','0000-00-00 00:00:00','',1250.00,1750.00,NULL,NULL,NULL,NULL,NULL,NULL,NULL,NULL,'',0,0,0);
COMMIT;
/*!40000 ALTER TABLE `barang_unit` ENABLE KEYS */;


--
-- Definition of table `bayar`
--

DROP TABLE IF EXISTS `bayar`;
CREATE TABLE `bayar` (
  `id` int(15) NOT NULL auto_increment,
  `no_transaksi` varchar(20) NOT NULL,
  `bayar` float(9,2) NOT NULL,
  PRIMARY KEY  (`id`)
) ENGINE=MyISAM DEFAULT CHARSET=latin1;

--
-- Dumping data for table `bayar`
--

/*!40000 ALTER TABLE `bayar` DISABLE KEYS */;
SET AUTOCOMMIT=0;
COMMIT;
/*!40000 ALTER TABLE `bayar` ENABLE KEYS */;


--
-- Definition of table `daftar_akun`
--

DROP TABLE IF EXISTS `daftar_akun`;
CREATE TABLE `daftar_akun` (
  `id` smallint(6) NOT NULL auto_increment,
  `no_rek` varchar(5) NOT NULL,
  `nama_rek` varchar(100) NOT NULL,
  `kategori` int(11) NOT NULL,
  `subkategori` tinyint(1) NOT NULL default '0',
  `saldo_awal` double NOT NULL,
  `saldo` double NOT NULL,
  `saldo_penyesuaian` double NOT NULL,
  `fld02` varchar(50) NOT NULL,
  PRIMARY KEY  (`id`)
) ENGINE=MyISAM AUTO_INCREMENT=20 DEFAULT CHARSET=latin1;

--
-- Dumping data for table `daftar_akun`
--

/*!40000 ALTER TABLE `daftar_akun` DISABLE KEYS */;
SET AUTOCOMMIT=0;
INSERT INTO `daftar_akun` (`id`,`no_rek`,`nama_rek`,`kategori`,`subkategori`,`saldo_awal`,`saldo`,`saldo_penyesuaian`,`fld02`) VALUES 
 (1,'1101','Kas',1,1,18496000,-10522000,0,''),
 (2,'1102','Piutang',1,1,9440000,11300000,0,''),
 (3,'1103','Asuransi dibayar dimuka',1,1,96000,480000,0,''),
 (4,'1201','Peralatan',1,2,32000,55000,0,''),
 (5,'1202','Tanah',1,2,0,8000000,0,''),
 (6,'2101','Utang Usaha',2,1,-1700000,795000,0,''),
 (7,'3101','Modal',3,1,0,0,0,''),
 (8,'3201','Prive',3,2,0,0,0,''),
 (10,'4101','Pendapatan',4,1,-122240000,-16100000,0,''),
 (11,'5101','Beban Gaji dan Komisi',5,1,97792000,10860000,0,''),
 (12,'5102','Beban Sewa',5,1,4800000,540000,0,''),
 (13,'5103','Beban Iklan',5,1,4120000,320000,0,''),
 (14,'5104','Beban Transport',5,1,3380000,0,0,''),
 (15,'5105','Beban Rupa-rupa',5,1,526400,72000,0,''),
 (16,'2102','Hutang Wesel',2,1,0,-5800000,0,''),
 (17,'3102','Laba Ditahan',3,1,-7542400,0,0,''),
 (18,'3103','Modal Saham',3,1,-8000000,0,0,''),
 (19,'3202','Deviden',3,2,800000,0,0,'');
COMMIT;
/*!40000 ALTER TABLE `daftar_akun` ENABLE KEYS */;


--
-- Definition of table `detail_spb`
--

DROP TABLE IF EXISTS `detail_spb`;
CREATE TABLE `detail_spb` (
  `id` int(11) NOT NULL auto_increment,
  `spb_no` varchar(50) NOT NULL,
  `barang_id` varchar(20) NOT NULL,
  `req_stock` float(9,2) NOT NULL default '0.00',
  `harga` float(14,2) NOT NULL default '0.00',
  `subtotal` float(14,2) NOT NULL default '0.00',
  `status_approval` char(3) NOT NULL,
  `is_po` int(1) NOT NULL,
  `flags` int(1) NOT NULL,
  `created_datetime` datetime NOT NULL,
  `created_user` varchar(50) NOT NULL,
  `update_datetime` datetime NOT NULL,
  `update_user` varchar(50) NOT NULL,
  `fld00` varchar(255) NOT NULL,
  `fld01` varchar(255) NOT NULL,
  `fld02` varchar(255) NOT NULL,
  `fld03` varchar(255) NOT NULL,
  `fld04` varchar(255) NOT NULL,
  `fld05` varchar(255) NOT NULL,
  `fld06` varchar(255) NOT NULL,
  `fld07` varchar(255) NOT NULL,
  `fld08` varchar(255) NOT NULL,
  `fld09` varchar(255) NOT NULL,
  `fld10` varchar(255) NOT NULL,
  PRIMARY KEY  (`id`)
) ENGINE=MyISAM AUTO_INCREMENT=21 DEFAULT CHARSET=utf8;

--
-- Dumping data for table `detail_spb`
--

/*!40000 ALTER TABLE `detail_spb` DISABLE KEYS */;
SET AUTOCOMMIT=0;
INSERT INTO `detail_spb` (`id`,`spb_no`,`barang_id`,`req_stock`,`harga`,`subtotal`,`status_approval`,`is_po`,`flags`,`created_datetime`,`created_user`,`update_datetime`,`update_user`,`fld00`,`fld01`,`fld02`,`fld03`,`fld04`,`fld05`,`fld06`,`fld07`,`fld08`,`fld09`,`fld10`) VALUES 
 (1,'SPB/2506110001','2',80.00,30000.00,2400000.00,'PR',1,1,'2011-06-25 05:20:23','JL','0000-00-00 00:00:00','JL','','','','','','','','','','',''),
 (2,'SPB/2506110001','3',80.00,30000.00,2400000.00,'PR',1,1,'2011-06-25 05:20:23','JL','0000-00-00 00:00:00','JL','','','','','','','','','','',''),
 (3,'SPB/2506110001','4',80.00,20000.00,1600000.00,'PR',1,1,'2011-06-25 05:20:23','JL','0000-00-00 00:00:00','JL','','','','','','','','','','',''),
 (10,'SPB/2806110008','31',200.00,3000.00,600000.00,'PR',1,1,'2011-06-28 04:34:45','Jalu','2011-06-28 04:34:45','Jalu','','','','','','','','','','',''),
 (11,'SPB/2806110008','32',300.00,5000.00,1500000.00,'PR',1,1,'2011-06-28 04:34:45','Jalu','2011-06-28 04:34:45','Jalu','','','','','','','','','','',''),
 (12,'SPB/2806110008','34',400.00,700.00,280000.00,'PR',1,1,'2011-06-28 04:34:45','Jalu','2011-06-28 04:34:45','Jalu','','','','','','','','','','',''),
 (13,'SPB/2806110008','38',500.00,67700.00,33850000.00,'PR',1,1,'2011-06-28 04:34:45','Jalu','2011-06-28 04:34:45','Jalu','','','','','','','','','','',''),
 (14,'SPB/2806110008','40',500.00,800.00,400000.00,'PR',1,1,'2011-06-28 04:34:45','Jalu','2011-06-28 04:34:45','Jalu','','','','','','','','','','',''),
 (15,'SPB/2806110022','31',200.00,3000.00,600000.00,'PR',1,1,'2011-06-28 18:48:09','Jalu','2011-06-28 18:48:09','Jalu','','','','','','','','','','',''),
 (16,'SPB/2806110022','41',332.00,569.00,188908.00,'PR',1,1,'2011-06-28 18:48:09','Jalu','2011-06-28 18:48:09','Jalu','','','','','','','','','','',''),
 (17,'SPB/0207110033','35',150.00,800.00,120000.00,'PR',1,1,'2011-07-02 04:29:15','Jalu','2011-07-05 19:35:08','JalU','1','8','PON/0207110007','','','','','','','',''),
 (18,'SPB/0207110033','36',100.00,90890.00,9089000.00,'PR',1,1,'2011-07-02 04:29:15','Jalu','2011-07-05 19:35:08','JalU','1','8','PON/0207110007','','','','','','','',''),
 (19,'SPB/0207110033','37',50.00,99800.00,4990000.00,'PR',1,1,'2011-07-02 04:29:15','Jalu','2011-07-05 19:35:08','JalU','1','8','PON/0207110007','','','','','','','',''),
 (20,'SPB/0207110034','39',90.00,98990.00,8909100.00,'PR',0,1,'2011-07-02 04:41:17','Jalu','2011-07-02 04:41:17','Jalu','','','','','','','','','','','');
COMMIT;
/*!40000 ALTER TABLE `detail_spb` ENABLE KEYS */;


--
-- Definition of table `dokter`
--

DROP TABLE IF EXISTS `dokter`;
CREATE TABLE `dokter` (
  `id` tinyint(3) NOT NULL auto_increment,
  `subspesialisasi_id` tinyint(3) default NULL,
  `nama` varchar(50) default NULL,
  `alamat` varchar(50) default NULL,
  `telp` varchar(20) default NULL,
  `aktif` enum('0','1') default '1',
  PRIMARY KEY  (`id`),
  KEY `subspesialisasi_id` (`subspesialisasi_id`)
) ENGINE=MyISAM AUTO_INCREMENT=44 DEFAULT CHARSET=latin1;

--
-- Dumping data for table `dokter`
--

/*!40000 ALTER TABLE `dokter` DISABLE KEYS */;
SET AUTOCOMMIT=0;
INSERT INTO `dokter` (`id`,`subspesialisasi_id`,`nama`,`alamat`,`telp`,`aktif`) VALUES 
 (5,10,'Heru Prajadmo, dr., Sp. OG','','','1'),
 (6,10,'Budiono, dr., Sp. OG','','','1'),
 (7,10,'Ahmad Hidayat, dr., Sp. OG','','','1'),
 (8,12,'Sasmito N, dr., Sp. A','','','1'),
 (10,10,'Sulistyarini Retnowati, dr., Sp. OG','','','1'),
 (11,15,'Nurdwi Esti, dr., Sp. J','','','1'),
 (12,14,'Sunaryanto, dr., SP.THT','','','1'),
 (13,14,'M. Ghofur, dr., Sp. THT','','','1'),
 (14,9,'Agustini, dr., Sp. M','','','1'),
 (15,1,'Sumardi, dr., Sp. PD','','','1'),
 (16,1,'Yuli Armini, dr., Sp. PD','','','1'),
 (17,1,'Neneng R, dr., Sp. PD','','','1'),
 (18,1,'Iri Kuswadi, dr., Sp. PD','','','1'),
 (19,8,'Agus Mulato, dr., Sp. BM','','','1'),
 (20,7,'Dhananto, drg','','','1'),
 (21,7,'Budi Setyowati, drg','','','1'),
 (22,7,'Soebiono, drg','','','1'),
 (23,7,'Prasasti, drg','','','1'),
 (24,3,'Marijoto, dr., Sp. BD','','','1'),
 (25,5,'Kuncahyo, dr., Sp. BO','','','1'),
 (26,4,'Supomo, dr., Sp. BT','','','1'),
 (27,2,'Agung, dr., Sp. B','','','1'),
 (28,5,'Sugeng Y, dr., Sp. BO','','','1'),
 (29,2,'Aburawas, dr., Sp. B','','','1'),
 (30,2,'Adam, dr., Sp. B','','','1'),
 (31,2,'Agus B, dr., Sp. BD','','','1'),
 (32,6,'A. Mahmudi, dr., Sp. BA','','','1'),
 (33,2,'Suryo H, dr., Sp. B','','','1'),
 (34,13,'Sugiantini, dr., Sp.KK','','','1'),
 (35,13,'Dwi Rini Marganingsih, dr., M. Kes, Sp. KK','','','1'),
 (36,11,'Ana Budi Z, dr., Sp.S','','','1'),
 (37,12,'Anik Dwiani, dr., Sp.A','','','1'),
 (38,12,'Syarmarini Larasati, dr., Sp. A, M. Kes','','','1'),
 (39,12,'Sutrisno, dr., SP.A','','','1'),
 (40,12,'Nurnaningsih, dr., Sp.A','','','1'),
 (41,16,'Adi Anggoro, dr','','','1'),
 (42,16,'Ali Musa, dr','','','1'),
 (43,16,'Ani Kartika, dr','','','1');
COMMIT;
/*!40000 ALTER TABLE `dokter` ENABLE KEYS */;


--
-- Definition of table `dosis`
--

DROP TABLE IF EXISTS `dosis`;
CREATE TABLE `dosis` (
  `id` int(11) NOT NULL auto_increment,
  `deskripsi` varchar(255) NOT NULL,
  `obat_per_hari` float NOT NULL,
  PRIMARY KEY  (`id`,`deskripsi`)
) ENGINE=MyISAM AUTO_INCREMENT=4 DEFAULT CHARSET=latin1;

--
-- Dumping data for table `dosis`
--

/*!40000 ALTER TABLE `dosis` DISABLE KEYS */;
SET AUTOCOMMIT=0;
INSERT INTO `dosis` (`id`,`deskripsi`,`obat_per_hari`) VALUES 
 (1,'1 X 1',1),
 (2,'1 X 1 1/2',0),
 (3,'1 X 1/2',0.5);
COMMIT;
/*!40000 ALTER TABLE `dosis` ENABLE KEYS */;


--
-- Definition of table `generate_po`
--

DROP TABLE IF EXISTS `generate_po`;
CREATE TABLE `generate_po` (
  `id` int(11) NOT NULL auto_increment,
  `last_po_no` varchar(50) NOT NULL,
  `base_po_no` varchar(50) NOT NULL,
  `request_no` varchar(50) default NULL,
  `supp_id` int(11) NOT NULL,
  `barang_id` int(11) NOT NULL,
  `stock_req` int(11) NOT NULL,
  `harga_req` double NOT NULL,
  `stok` int(11) NOT NULL,
  `expired_date` date default NULL,
  `subtotal_req` double NOT NULL,
  `stok_app` int(11) NOT NULL,
  `subtotal_app` double NOT NULL,
  `flags` int(1) NOT NULL,
  `crtd_datetime` datetime NOT NULL,
  `crtd_user` varchar(30) NOT NULL,
  `lupd_datetime` datetime NOT NULL,
  `lupd_user` varchar(30) NOT NULL,
  PRIMARY KEY  (`id`,`last_po_no`)
) ENGINE=MyISAM AUTO_INCREMENT=12 DEFAULT CHARSET=latin1;

--
-- Dumping data for table `generate_po`
--

/*!40000 ALTER TABLE `generate_po` DISABLE KEYS */;
SET AUTOCOMMIT=0;
COMMIT;
/*!40000 ALTER TABLE `generate_po` ENABLE KEYS */;


--
-- Definition of table `golongan_obat`
--

DROP TABLE IF EXISTS `golongan_obat`;
CREATE TABLE `golongan_obat` (
  `id` int(11) NOT NULL auto_increment,
  `kd_golongan_obat` varchar(20) NOT NULL,
  `deskripsi` varchar(255) NOT NULL,
  PRIMARY KEY  (`id`,`kd_golongan_obat`)
) ENGINE=MyISAM AUTO_INCREMENT=3 DEFAULT CHARSET=latin1;

--
-- Dumping data for table `golongan_obat`
--

/*!40000 ALTER TABLE `golongan_obat` DISABLE KEYS */;
SET AUTOCOMMIT=0;
INSERT INTO `golongan_obat` (`id`,`kd_golongan_obat`,`deskripsi`) VALUES 
 (1,'GNR','Generic'),
 (2,'N-GNR','Non - Generic');
COMMIT;
/*!40000 ALTER TABLE `golongan_obat` ENABLE KEYS */;


--
-- Definition of table `group_barang`
--

DROP TABLE IF EXISTS `group_barang`;
CREATE TABLE `group_barang` (
  `id` int(11) NOT NULL auto_increment,
  `kd_group_barang` varchar(20) NOT NULL,
  `deskripsi` varchar(255) NOT NULL,
  PRIMARY KEY  (`id`,`kd_group_barang`)
) ENGINE=MyISAM AUTO_INCREMENT=7 DEFAULT CHARSET=latin1;

--
-- Dumping data for table `group_barang`
--

/*!40000 ALTER TABLE `group_barang` DISABLE KEYS */;
SET AUTOCOMMIT=0;
INSERT INTO `group_barang` (`id`,`kd_group_barang`,`deskripsi`) VALUES 
 (1,'A','Alkes'),
 (2,'BC','Beauty Care'),
 (3,'C','Cosmetic'),
 (4,'J','Jamu'),
 (5,'NM','Non - Medik'),
 (6,'F','Obat');
COMMIT;
/*!40000 ALTER TABLE `group_barang` ENABLE KEYS */;


--
-- Definition of table `group_unit`
--

DROP TABLE IF EXISTS `group_unit`;
CREATE TABLE `group_unit` (
  `id` int(11) NOT NULL auto_increment,
  `group_id` int(11) NOT NULL,
  `name_group` varchar(50) NOT NULL,
  `created_datetime` datetime NOT NULL,
  `created_user` varchar(20) NOT NULL,
  `update_datetime` datetime NOT NULL,
  `update_user` varchar(20) NOT NULL,
  `f_status` varchar(255) NOT NULL,
  `f_aktifasi` int(11) NOT NULL default '0',
  PRIMARY KEY  (`id`)
) ENGINE=MyISAM AUTO_INCREMENT=3 DEFAULT CHARSET=utf8;

--
-- Dumping data for table `group_unit`
--

/*!40000 ALTER TABLE `group_unit` DISABLE KEYS */;
SET AUTOCOMMIT=0;
INSERT INTO `group_unit` (`id`,`group_id`,`name_group`,`created_datetime`,`created_user`,`update_datetime`,`update_user`,`f_status`,`f_aktifasi`) VALUES 
 (1,1,'Pelayanan','2011-06-27 20:47:26','Hardi','2011-06-27 20:49:19','Hardi','-',1),
 (2,2,'Non-Pelayanan','2011-06-27 20:47:40','Hardi','2011-06-27 20:49:33','Hardi','-',1);
COMMIT;
/*!40000 ALTER TABLE `group_unit` ENABLE KEYS */;


--
-- Definition of table `guna_obat`
--

DROP TABLE IF EXISTS `guna_obat`;
CREATE TABLE `guna_obat` (
  `id` int(11) NOT NULL auto_increment,
  `kd_guna_obat` varchar(20) NOT NULL,
  `nama_guna_obat` varchar(255) NOT NULL,
  PRIMARY KEY  (`id`,`kd_guna_obat`)
) ENGINE=MyISAM AUTO_INCREMENT=2 DEFAULT CHARSET=latin1;

--
-- Dumping data for table `guna_obat`
--

/*!40000 ALTER TABLE `guna_obat` DISABLE KEYS */;
SET AUTOCOMMIT=0;
INSERT INTO `guna_obat` (`id`,`kd_guna_obat`,`nama_guna_obat`) VALUES 
 (1,'K-001','testing');
COMMIT;
/*!40000 ALTER TABLE `guna_obat` ENABLE KEYS */;


--
-- Definition of table `head_spb`
--

DROP TABLE IF EXISTS `head_spb`;
CREATE TABLE `head_spb` (
  `id` int(11) NOT NULL auto_increment,
  `spb_no` varchar(50) NOT NULL,
  `tgl_req` varchar(10) NOT NULL,
  `flags` int(1) NOT NULL default '1',
  `created_datetime` datetime NOT NULL,
  `created_user` varchar(50) NOT NULL,
  `update_datetime` datetime NOT NULL,
  `update_user` varchar(50) NOT NULL,
  `fld00` varchar(255) default NULL,
  `fld01` varchar(255) default NULL,
  `fld02` varchar(255) default NULL,
  `fld03` varchar(255) default NULL,
  `fld04` varchar(255) default NULL,
  `fld05` varchar(255) default NULL,
  `fld06` varchar(255) default NULL,
  `fld07` varchar(255) default NULL,
  `fld08` varchar(255) default NULL,
  `fld09` varchar(255) default NULL,
  `fld10` varchar(255) default NULL,
  PRIMARY KEY  (`id`)
) ENGINE=MyISAM AUTO_INCREMENT=7 DEFAULT CHARSET=utf8;

--
-- Dumping data for table `head_spb`
--

/*!40000 ALTER TABLE `head_spb` DISABLE KEYS */;
SET AUTOCOMMIT=0;
INSERT INTO `head_spb` (`id`,`spb_no`,`tgl_req`,`flags`,`created_datetime`,`created_user`,`update_datetime`,`update_user`,`fld00`,`fld01`,`fld02`,`fld03`,`fld04`,`fld05`,`fld06`,`fld07`,`fld08`,`fld09`,`fld10`) VALUES 
 (1,'SPB/2506110001','2011-06-25',1,'2011-06-25 05:20:23','JL','2011-06-26 00:27:59','JL',NULL,NULL,NULL,NULL,NULL,NULL,NULL,NULL,NULL,NULL,NULL),
 (3,'SPB/2806110008','2011-06-28',1,'2011-06-28 04:34:45','Jalu','2011-06-28 04:34:45','Jalu',NULL,NULL,NULL,NULL,NULL,NULL,NULL,NULL,NULL,NULL,NULL),
 (4,'SPB/2806110022','2011-06-28',1,'2011-06-28 18:48:09','Jalu','2011-06-28 18:48:09','Jalu',NULL,NULL,NULL,NULL,NULL,NULL,NULL,NULL,NULL,NULL,NULL),
 (5,'SPB/0207110033','2011-07-02',1,'2011-07-02 04:29:15','Jalu','2011-07-05 19:35:06','Jalu','1','8','PON/0207110007',NULL,NULL,NULL,NULL,NULL,NULL,NULL,NULL),
 (6,'SPB/0207110034','2011-07-02',1,'2011-07-02 04:41:17','Jalu','2011-07-02 04:41:17','Jalu',NULL,NULL,NULL,NULL,NULL,NULL,NULL,NULL,NULL,NULL,NULL);
COMMIT;
/*!40000 ALTER TABLE `head_spb` ENABLE KEYS */;


--
-- Definition of table `inventory`
--

DROP TABLE IF EXISTS `inventory`;
CREATE TABLE `inventory` (
  `id` int(11) NOT NULL auto_increment,
  `kd_barang` varchar(20) NOT NULL,
  `jml` float(9,2) NOT NULL,
  `harga` float(14,2) NOT NULL,
  `F` varchar(100) NOT NULL,
  PRIMARY KEY  (`id`)
) ENGINE=MyISAM DEFAULT CHARSET=latin1;

--
-- Dumping data for table `inventory`
--

/*!40000 ALTER TABLE `inventory` DISABLE KEYS */;
SET AUTOCOMMIT=0;
COMMIT;
/*!40000 ALTER TABLE `inventory` ENABLE KEYS */;


--
-- Definition of table `jenis_obat`
--

DROP TABLE IF EXISTS `jenis_obat`;
CREATE TABLE `jenis_obat` (
  `id` int(11) NOT NULL auto_increment,
  `kd_jenis_obat` varchar(15) NOT NULL,
  `deskripsi` varchar(255) NOT NULL,
  PRIMARY KEY  (`id`)
) ENGINE=MyISAM AUTO_INCREMENT=15 DEFAULT CHARSET=latin1;

--
-- Dumping data for table `jenis_obat`
--

/*!40000 ALTER TABLE `jenis_obat` DISABLE KEYS */;
SET AUTOCOMMIT=0;
INSERT INTO `jenis_obat` (`id`,`kd_jenis_obat`,`deskripsi`) VALUES 
 (1,'NKT','Narkotika'),
 (2,'NPSI','Obat Non Psicotrophica'),
 (9,'PSI','Obat Psicotrophica');
COMMIT;
/*!40000 ALTER TABLE `jenis_obat` ENABLE KEYS */;


--
-- Definition of table `jurnal_penyesuaian`
--

DROP TABLE IF EXISTS `jurnal_penyesuaian`;
CREATE TABLE `jurnal_penyesuaian` (
  `id` smallint(6) NOT NULL auto_increment,
  `tgl` date NOT NULL default '2001-01-01',
  `no_rek` varchar(5) NOT NULL,
  `nama_rek` varchar(100) NOT NULL,
  `keterangan` varchar(250) NOT NULL,
  `debit` double NOT NULL,
  `kredit` double NOT NULL,
  `flags` int(11) NOT NULL,
  `fld01` tinyint(1) NOT NULL default '0',
  `fld02` varchar(50) NOT NULL,
  `fld03` varchar(50) NOT NULL,
  PRIMARY KEY  (`id`)
) ENGINE=MyISAM AUTO_INCREMENT=9 DEFAULT CHARSET=latin1;

--
-- Dumping data for table `jurnal_penyesuaian`
--

/*!40000 ALTER TABLE `jurnal_penyesuaian` DISABLE KEYS */;
SET AUTOCOMMIT=0;
COMMIT;
/*!40000 ALTER TABLE `jurnal_penyesuaian` ENABLE KEYS */;


--
-- Definition of table `jurnal_umum`
--

DROP TABLE IF EXISTS `jurnal_umum`;
CREATE TABLE `jurnal_umum` (
  `id` smallint(6) NOT NULL auto_increment,
  `tgl` date NOT NULL default '2001-01-01',
  `no_rek` varchar(5) NOT NULL,
  `nama_rek` varchar(100) NOT NULL,
  `keterangan` varchar(250) NOT NULL,
  `debit` double NOT NULL,
  `kredit` double NOT NULL,
  `flags` int(11) NOT NULL,
  `fld01` tinyint(1) NOT NULL default '0',
  `fld02` varchar(50) NOT NULL,
  `fld03` varchar(50) NOT NULL,
  PRIMARY KEY  (`id`)
) ENGINE=MyISAM AUTO_INCREMENT=54 DEFAULT CHARSET=latin1;

--
-- Dumping data for table `jurnal_umum`
--

/*!40000 ALTER TABLE `jurnal_umum` DISABLE KEYS */;
SET AUTOCOMMIT=0;
INSERT INTO `jurnal_umum` (`id`,`tgl`,`no_rek`,`nama_rek`,`keterangan`,`debit`,`kredit`,`flags`,`fld01`,`fld02`,`fld03`) VALUES 
 (31,'2011-07-15','4101','Pendapatan','Dihutangi Pelanggan',0,5600000,1,1,'',''),
 (30,'2011-07-15','1102','Piutang','Dihutangi Pelanggan',5600000,0,2,1,'',''),
 (29,'2011-07-13','2102','Hutang Wesel','Membeli Tanah',0,5800000,1,1,'',''),
 (28,'2011-07-13','1101','Kas','Membeli Tanah',0,2200000,1,1,'',''),
 (27,'2011-07-13','1202','Tanah','Membeli Tanah',8000000,0,2,1,'',''),
 (25,'2011-07-10','5101','Beban Gaji dan Komisi','Membayar Gaji',5100000,0,2,1,'',''),
 (24,'2011-07-08','1101','Kas','Membayar Premi',0,480000,1,1,'',''),
 (23,'2011-07-08','1103','Asuransi dibayar dimuka','Membayar Premi',480000,0,2,1,'',''),
 (22,'2011-07-05','1101','Kas','Mendapatkan Uang Piutang',550000,0,2,1,'',''),
 (19,'2011-07-01','2101','Utang Usaha','Beli alat kantor',0,90000,1,1,'',''),
 (20,'2011-07-03','5102','Beban Sewa','Sewa Gedung',360000,0,2,1,'',''),
 (26,'2011-07-10','1101','Kas','Membayar Gaji',0,5100000,1,1,'',''),
 (21,'2011-07-03','1101','Kas','Sewa Gedung',0,360000,1,1,'',''),
 (18,'2011-07-01','1201','Peralatan','Beli alat kantor',90000,0,2,1,'',''),
 (32,'2011-07-17','2101','Utang Usaha','Bayar Utang',850000,0,2,1,'',''),
 (33,'2011-07-17','1101','Kas','Bayar Utang',0,850000,1,1,'',''),
 (34,'2011-07-20','2101','Utang Usaha','Bayar Utang',35000,0,2,1,'',''),
 (35,'2011-07-20','1201','Peralatan','Bayar Utang',0,35000,1,1,'',''),
 (36,'2011-07-22','1101','Kas','Mendapatkan Pembayaran',4250000,0,2,1,'',''),
 (37,'2011-07-22','4101','Pendapatan','Mendapatkan Pembayaran',0,4250000,1,1,'',''),
 (38,'2011-07-24','5103','Beban Iklan','Pasang Iklan',320000,0,2,1,'',''),
 (39,'2011-07-24','1101','Kas','Pasang Iklan',0,320000,1,1,'',''),
 (40,'2011-07-26','5101','Beban Gaji dan Komisi','Kesalaha Hitung',120000,0,2,1,'',''),
 (41,'2011-07-26','1101','Kas','Kesalaha Hitung',0,120000,1,1,'',''),
 (42,'2011-07-28','5102','Beban Sewa','Bayar Sewa',180000,0,2,1,'',''),
 (43,'2011-07-28','1101','Kas','Bayar Sewa',0,180000,1,1,'',''),
 (44,'2011-07-30','5105','Beban Rupa-rupa','Membayar Buku',72000,0,2,1,'',''),
 (45,'2011-07-30','1101','Kas','Membayar Buku',0,72000,1,1,'',''),
 (46,'2011-07-30','1102','Piutang','Mendapatkan Pembayaran',6250000,0,2,1,'',''),
 (47,'2011-07-30','4101','Pendapatan','Mendapatkan Pembayaran',0,6250000,1,1,'',''),
 (48,'2011-07-31','5101','Beban Gaji dan Komisi','Membayar Gaji',5640000,0,2,1,'',''),
 (49,'2011-07-31','1101','Kas','Membayar Gaji',0,5640000,1,1,'',''),
 (52,'2011-07-05','1102','Piutang','Mendapatkan',0,550000,1,1,'','');
COMMIT;
/*!40000 ALTER TABLE `jurnal_umum` ENABLE KEYS */;


--
-- Definition of table `k_unt`
--

DROP TABLE IF EXISTS `k_unt`;
CREATE TABLE `k_unt` (
  `id` int(1) NOT NULL auto_increment,
  `nama` varchar(40) NOT NULL,
  PRIMARY KEY  (`id`)
) ENGINE=MyISAM AUTO_INCREMENT=4 DEFAULT CHARSET=latin1;

--
-- Dumping data for table `k_unt`
--

/*!40000 ALTER TABLE `k_unt` DISABLE KEYS */;
SET AUTOCOMMIT=0;
INSERT INTO `k_unt` (`id`,`nama`) VALUES 
 (1,'Farmasi'),
 (2,'Apotik'),
 (3,'Unit');
COMMIT;
/*!40000 ALTER TABLE `k_unt` ENABLE KEYS */;


--
-- Definition of table `kat_menu`
--

DROP TABLE IF EXISTS `kat_menu`;
CREATE TABLE `kat_menu` (
  `id` int(11) NOT NULL auto_increment,
  `Id_Type` varchar(10) NOT NULL,
  `Nm_Type` varchar(50) NOT NULL,
  `f_Status` int(11) NOT NULL,
  PRIMARY KEY  (`id`)
) ENGINE=MyISAM AUTO_INCREMENT=4 DEFAULT CHARSET=utf8;

--
-- Dumping data for table `kat_menu`
--

/*!40000 ALTER TABLE `kat_menu` DISABLE KEYS */;
SET AUTOCOMMIT=0;
INSERT INTO `kat_menu` (`id`,`Id_Type`,`Nm_Type`,`f_Status`) VALUES 
 (1,'M','Master',1),
 (2,'C1','child1',1),
 (3,'C2','child2',1);
COMMIT;
/*!40000 ALTER TABLE `kat_menu` ENABLE KEYS */;


--
-- Definition of table `klasifikasi_inventory`
--

DROP TABLE IF EXISTS `klasifikasi_inventory`;
CREATE TABLE `klasifikasi_inventory` (
  `kd_klasifikasi_inventory` varchar(11) NOT NULL,
  `deskripsi` varchar(255) NOT NULL,
  PRIMARY KEY  (`kd_klasifikasi_inventory`)
) ENGINE=MyISAM DEFAULT CHARSET=latin1;

--
-- Dumping data for table `klasifikasi_inventory`
--

/*!40000 ALTER TABLE `klasifikasi_inventory` DISABLE KEYS */;
SET AUTOCOMMIT=0;
COMMIT;
/*!40000 ALTER TABLE `klasifikasi_inventory` ENABLE KEYS */;


--
-- Definition of table `kunjungan`
--

DROP TABLE IF EXISTS `kunjungan`;
CREATE TABLE `kunjungan` (
  `id` bigint(20) NOT NULL auto_increment,
  `kunjungan_ke` int(11) default NULL,
  `pasien_id` int(8) unsigned zerofill NOT NULL default '00000000',
  `perujuk_id` int(11) default NULL,
  `cara_masuk` enum('DATANG SENDIRI','KASUS POLISI','RUJUKAN','LAIN-LAIN') NOT NULL,
  `keadaan_keluar` enum('BELUM SEMBUH','SEMBUH','MATI < 48 JAM','MATI >= 48 JAM') default NULL,
  PRIMARY KEY  (`id`),
  UNIQUE KEY `kunjungan_ke` (`kunjungan_ke`,`pasien_id`),
  KEY `pasien_id` (`pasien_id`),
  KEY `cara_masuk_id` (`cara_masuk`),
  KEY `perujuk_id` (`perujuk_id`),
  KEY `kunjungan_ibfk_4` (`keadaan_keluar`)
) ENGINE=MyISAM AUTO_INCREMENT=13 DEFAULT CHARSET=latin1;

--
-- Dumping data for table `kunjungan`
--

/*!40000 ALTER TABLE `kunjungan` DISABLE KEYS */;
SET AUTOCOMMIT=0;
INSERT INTO `kunjungan` (`id`,`kunjungan_ke`,`pasien_id`,`perujuk_id`,`cara_masuk`,`keadaan_keluar`) VALUES 
 (1,1,00151127,NULL,'DATANG SENDIRI','SEMBUH'),
 (2,1,00151128,NULL,'DATANG SENDIRI',NULL),
 (3,1,00151129,NULL,'DATANG SENDIRI','SEMBUH'),
 (4,1,00151130,NULL,'DATANG SENDIRI',NULL),
 (5,1,00132037,NULL,'DATANG SENDIRI',NULL),
 (6,1,00102359,NULL,'DATANG SENDIRI',NULL),
 (7,1,00151131,NULL,'DATANG SENDIRI',NULL),
 (8,1,00151132,NULL,'DATANG SENDIRI','BELUM SEMBUH'),
 (9,1,00151133,NULL,'KASUS POLISI',NULL),
 (10,1,00151134,12,'RUJUKAN',NULL),
 (11,2,00151134,12,'',NULL),
 (12,1,00151135,12,'',NULL);
COMMIT;
/*!40000 ALTER TABLE `kunjungan` ENABLE KEYS */;


--
-- Definition of table `kunjungan_kamar`
--

DROP TABLE IF EXISTS `kunjungan_kamar`;
CREATE TABLE `kunjungan_kamar` (
  `id` bigint(20) NOT NULL auto_increment,
  `parent_id` bigint(20) default NULL,
  `kunjungan_id` bigint(20) NOT NULL default '0',
  `kamar_id` smallint(6) NOT NULL default '0',
  `no_antrian` tinyint(3) default NULL,
  `tgl_daftar` datetime default NULL,
  `tgl_periksa` datetime default NULL,
  `tgl_keluar` datetime default NULL,
  `dokter_id` tinyint(4) default NULL,
  `kelanjutan` enum('DIRAWAT','DIRUJUK','PULANG','PINDAH KAMAR') default NULL,
  `diagnosa_utama_id` int(11) default NULL,
  `cara_bayar` enum('UMUM','JAMSOSTEK','DANA REKSA DESA','KONTRAK','LAIN-LAIN','ASKES') NOT NULL,
  `jenis_askes` enum('Askes Alba','Askes Blue','Askes Diamond','Askes Gold','Askes Platinum','Askes Silver','Askes Kin','Askes Sosial') default NULL,
  `perusahaan_id` tinyint(3) default NULL,
  `nomor` varchar(255) default NULL,
  `pj_nama` varchar(255) default NULL,
  `pj_alamat` varchar(255) default NULL,
  `pj_telp` varchar(255) default NULL,
  `pj_hubungan_keluarga` enum('AYAH','IBU','SAUDARA','PAMAN','BIBI','LAIN-LAIN','SUAMI','ISTRI') default NULL,
  PRIMARY KEY  (`id`),
  KEY `kunjungan_id` (`kunjungan_id`),
  KEY `bed_id` (`kamar_id`),
  KEY `diagnosa_utama_id` (`diagnosa_utama_id`),
  KEY `kelanjutan_id` (`kelanjutan`),
  KEY `kunjungan_kamar_ibfk_5` (`cara_bayar`),
  KEY `kunjungan_kamar_ibfk_6` (`pj_hubungan_keluarga`),
  KEY `kunjungan_kamar_ibfk_8` (`parent_id`),
  KEY `dokter_id` (`dokter_id`),
  KEY `perusahaan_id` (`perusahaan_id`)
) ENGINE=MyISAM AUTO_INCREMENT=17 DEFAULT CHARSET=latin1;

--
-- Dumping data for table `kunjungan_kamar`
--

/*!40000 ALTER TABLE `kunjungan_kamar` DISABLE KEYS */;
SET AUTOCOMMIT=0;
INSERT INTO `kunjungan_kamar` (`id`,`parent_id`,`kunjungan_id`,`kamar_id`,`no_antrian`,`tgl_daftar`,`tgl_periksa`,`tgl_keluar`,`dokter_id`,`kelanjutan`,`diagnosa_utama_id`,`cara_bayar`,`jenis_askes`,`perusahaan_id`,`nomor`,`pj_nama`,`pj_alamat`,`pj_telp`,`pj_hubungan_keluarga`) VALUES 
 (1,NULL,1,1,NULL,'2011-02-20 11:00:00','2011-02-20 11:00:00','2011-02-20 11:00:00',41,'PULANG',5,'UMUM',NULL,NULL,NULL,'Hartanto','JL JAKARTA NO 35','','AYAH'),
 (2,NULL,2,10,1,'2011-02-20 12:16:49','2011-02-20 00:00:00','2011-02-20 12:16:49',19,NULL,NULL,'UMUM',NULL,NULL,NULL,'Heri','JL. GATOT SOEBROTO NO 45','','ISTRI'),
 (3,1,1,61,NULL,'2011-02-20 16:06:06','2011-02-20 16:06:06',NULL,NULL,NULL,NULL,'UMUM',NULL,NULL,NULL,'Hartanto','JL JAKARTA NO 35','','AYAH'),
 (4,NULL,3,1,NULL,'2011-02-26 06:16:00','2011-02-26 06:16:00','2011-02-26 06:26:27',41,'DIRAWAT',5,'UMUM',NULL,NULL,NULL,'Harjanto','JL. GATOT SOEBROTO','','AYAH'),
 (5,NULL,4,10,1,'2011-02-26 06:19:45','2011-02-26 00:00:00','2011-02-26 06:19:45',20,NULL,NULL,'ASKES','Askes Alba',1,NULL,'Roni','JL PAJAJARAN','','AYAH'),
 (6,4,3,27,NULL,'2011-02-26 06:26:27','2011-02-26 06:26:27',NULL,29,NULL,6,'UMUM',NULL,NULL,NULL,'Harjanto','JL. GATOT SOEBROTO','','AYAH'),
 (7,4,3,61,NULL,'2011-02-26 23:50:36','2011-02-26 23:50:36',NULL,NULL,NULL,NULL,'UMUM',NULL,NULL,NULL,'Harjanto','JL. GATOT SOEBROTO','','AYAH'),
 (8,4,3,81,NULL,'2011-02-26 23:50:36','2011-02-26 23:50:36',NULL,NULL,NULL,NULL,'UMUM',NULL,NULL,NULL,'Harjanto','JL. GATOT SOEBROTO','','AYAH'),
 (9,4,3,71,NULL,'2011-02-26 23:50:36','2011-02-26 23:50:36',NULL,NULL,NULL,NULL,'UMUM',NULL,NULL,NULL,'Harjanto','JL. GATOT SOEBROTO','','AYAH'),
 (10,NULL,5,5,1,'2011-02-27 00:59:31','2011-02-27 00:00:00','2011-02-27 00:59:31',37,NULL,NULL,'UMUM',NULL,NULL,NULL,'','','',NULL),
 (11,NULL,6,4,1,'2011-02-27 01:00:37','2011-02-27 00:00:00','2011-02-27 01:00:37',32,NULL,NULL,'UMUM',NULL,NULL,NULL,'','','',NULL),
 (12,NULL,7,10,1,'2011-02-27 14:15:43','2011-02-27 00:00:00','2011-02-27 14:15:43',19,NULL,NULL,'UMUM',NULL,NULL,NULL,'HERI','JL. DEWI SARTIKA','','PAMAN'),
 (13,NULL,8,5,1,'2011-05-14 13:17:21','2011-05-14 00:00:00','2011-05-14 14:36:43',8,'DIRAWAT',NULL,'ASKES','Askes Blue',11,NULL,'Budi','BUMI PANYILEUKAN E9 NO 5','','PAMAN'),
 (14,13,8,31,NULL,'2011-05-14 14:36:43','2011-05-14 14:36:43',NULL,15,NULL,NULL,'ASKES','Askes Blue',11,NULL,'Budi','BUMI PANYILEUKAN E9 NO 5','','PAMAN'),
 (15,NULL,9,10,1,'2011-06-17 19:34:29','2011-06-17 00:00:00','2011-06-17 19:34:29',21,NULL,NULL,'UMUM',NULL,NULL,NULL,'','ARCAMANIK','',NULL),
 (16,NULL,10,5,1,'2011-06-18 10:58:36','2011-06-18 00:00:00','2011-06-18 10:58:36',37,NULL,NULL,'UMUM',NULL,NULL,NULL,'anggara suci nugraha penanggung jawab','A','09090990','IBU');
COMMIT;
/*!40000 ALTER TABLE `kunjungan_kamar` ENABLE KEYS */;


--
-- Definition of table `leveling_akses`
--

DROP TABLE IF EXISTS `leveling_akses`;
CREATE TABLE `leveling_akses` (
  `id` int(11) NOT NULL auto_increment,
  `akses_lvl` int(1) NOT NULL,
  `akses_va` varchar(100) NOT NULL,
  `akses_vae` varchar(100) NOT NULL,
  `akses_vaed` varchar(100) NOT NULL,
  `akses_ve` varchar(100) NOT NULL,
  `flags` bit(1) NOT NULL,
  `created_datetime` datetime NOT NULL,
  `created_user` varchar(20) NOT NULL,
  `update_datetime` datetime NOT NULL,
  `update_user` varchar(20) NOT NULL,
  `fld01` varchar(255) default NULL,
  `fld02` varchar(255) default NULL,
  `fld03` varchar(255) default NULL,
  `fld04` varchar(255) default NULL,
  `fld05` varchar(255) default NULL,
  `fld06` varchar(255) default NULL,
  `fld07` varchar(255) default NULL,
  `fld08` varchar(255) default NULL,
  `fld09` varchar(255) default NULL,
  `fld10` varchar(255) default NULL,
  PRIMARY KEY  (`id`)
) ENGINE=MyISAM AUTO_INCREMENT=7 DEFAULT CHARSET=latin1;

--
-- Dumping data for table `leveling_akses`
--

/*!40000 ALTER TABLE `leveling_akses` DISABLE KEYS */;
SET AUTOCOMMIT=0;
INSERT INTO `leveling_akses` (`id`,`akses_lvl`,`akses_va`,`akses_vae`,`akses_vaed`,`akses_ve`,`flags`,`created_datetime`,`created_user`,`update_datetime`,`update_user`,`fld01`,`fld02`,`fld03`,`fld04`,`fld05`,`fld06`,`fld07`,`fld08`,`fld09`,`fld10`) VALUES 
 (4,3,'0','1','1','1',0x01,'2011-06-28 14:27:35','Hardi','2011-06-28 14:33:37','Hardi',NULL,NULL,NULL,NULL,NULL,NULL,NULL,NULL,NULL,NULL),
 (5,2,'1','0','0','0',0x01,'2011-06-28 14:52:56','Hardi','0000-00-00 00:00:00','',NULL,NULL,NULL,NULL,NULL,NULL,NULL,NULL,NULL,NULL),
 (6,4,'1','1','0','1',0x01,'2011-06-28 14:53:07','Hardi','0000-00-00 00:00:00','',NULL,NULL,NULL,NULL,NULL,NULL,NULL,NULL,NULL,NULL);
COMMIT;
/*!40000 ALTER TABLE `leveling_akses` ENABLE KEYS */;


--
-- Definition of table `margin`
--

DROP TABLE IF EXISTS `margin`;
CREATE TABLE `margin` (
  `id` int(11) NOT NULL auto_increment,
  `jenis` enum('Tunai','Non-Tunai') NOT NULL,
  `kode` varchar(10) NOT NULL,
  `klasifikasi_pasien` varchar(20) NOT NULL,
  `margin` float NOT NULL,
  PRIMARY KEY  (`id`)
) ENGINE=MyISAM AUTO_INCREMENT=9 DEFAULT CHARSET=latin1;

--
-- Dumping data for table `margin`
--

/*!40000 ALTER TABLE `margin` DISABLE KEYS */;
SET AUTOCOMMIT=0;
INSERT INTO `margin` (`id`,`jenis`,`kode`,`klasifikasi_pasien`,`margin`) VALUES 
 (5,'Tunai','PNJB','UMUM',30),
 (4,'Tunai','PNJB','KARYAWAN',10),
 (6,'Tunai','RSDL','UMUM',30),
 (7,'Tunai','RSRJ','ASKES',42.5),
 (8,'Tunai','RSRJ','UMUM',30);
COMMIT;
/*!40000 ALTER TABLE `margin` ENABLE KEYS */;


--
-- Definition of table `margin_tunai`
--

DROP TABLE IF EXISTS `margin_tunai`;
CREATE TABLE `margin_tunai` (
  `id` int(11) NOT NULL auto_increment,
  `kategori_obat` varchar(100) NOT NULL,
  `margin` float(14,2) NOT NULL,
  PRIMARY KEY  (`id`)
) ENGINE=MyISAM AUTO_INCREMENT=2 DEFAULT CHARSET=latin1;

--
-- Dumping data for table `margin_tunai`
--

/*!40000 ALTER TABLE `margin_tunai` DISABLE KEYS */;
SET AUTOCOMMIT=0;
COMMIT;
/*!40000 ALTER TABLE `margin_tunai` ENABLE KEYS */;


--
-- Definition of table `mr`
--

DROP TABLE IF EXISTS `mr`;
CREATE TABLE `mr` (
  `id` int(11) NOT NULL auto_increment,
  `type` char(3) NOT NULL default 'SPB',
  `param_no` int(4) NOT NULL default '1',
  `last_no` int(4) NOT NULL,
  `next_no` int(4) NOT NULL,
  `full_no` varchar(50) default NULL,
  `frm_update_by` varchar(255) NOT NULL,
  `lupd_datetime` datetime NOT NULL,
  `lupd_user` varchar(30) NOT NULL,
  `in_use` int(1) NOT NULL default '1',
  `is_reg` int(1) NOT NULL,
  PRIMARY KEY  (`id`)
) ENGINE=MyISAM AUTO_INCREMENT=8 DEFAULT CHARSET=utf8;

--
-- Dumping data for table `mr`
--

/*!40000 ALTER TABLE `mr` DISABLE KEYS */;
SET AUTOCOMMIT=0;
INSERT INTO `mr` (`id`,`type`,`param_no`,`last_no`,`next_no`,`full_no`,`frm_update_by`,`lupd_datetime`,`lupd_user`,`in_use`,`is_reg`) VALUES 
 (1,'SPB',1,35,36,'SPB/0207110035','content/mr_auto','2011-07-02 04:46:25','',0,1),
 (2,'PO',1,8,9,'PON/0207110007','action/generate_po','2011-07-05 19:13:45','',1,1),
 (3,'SPP',1,1,2,'SPP/2506110002','content/list_spp','2011-06-26 04:39:11','JL',0,1),
 (4,'BPB',1,1,2,'BPB/2506110002','content/mr_auto','2011-06-26 04:39:17','JL',0,1),
 (5,'BTB',1,1,2,'BTB/2506110002','content/mr_auto','2011-06-26 04:39:22','JL',0,1),
 (6,'STB',0,0,1,'STB/2506110001','content/mr_auto','2011-06-26 04:41:52','JL',1,1),
 (7,'RPO',0,0,1,'RPO/2906110001','content/po_receive_go','0000-00-00 00:00:00','JL',1,1);
COMMIT;
/*!40000 ALTER TABLE `mr` ENABLE KEYS */;


--
-- Definition of table `ms_barang`
--

DROP TABLE IF EXISTS `ms_barang`;
CREATE TABLE `ms_barang` (
  `id` bigint(22) NOT NULL auto_increment,
  `group_barang` varchar(11) NOT NULL,
  `kd_barang` varchar(20) NOT NULL,
  `nama` varchar(255) NOT NULL,
  `satuan` varchar(11) default NULL,
  `pabrik01` varchar(11) default NULL,
  `pabrik02` tinyint(4) default NULL,
  `pabrik03` tinyint(4) default NULL,
  `pabrik04` tinyint(4) default NULL,
  `pabrik05` tinyint(4) default NULL,
  `satuan_kirim` varchar(255) default NULL,
  `jenis_obat` varchar(11) default NULL,
  `kategori_obat` varchar(30) NOT NULL,
  `golongan` varchar(11) default NULL,
  `kode_guna` varchar(11) default NULL,
  `kode_persediaan` varchar(50) default NULL,
  `kode_pendapatan` varchar(50) default NULL,
  `kode_reduksi` varchar(50) default NULL,
  `kode_biaya` varchar(50) default NULL,
  `kode_ppn_k` varchar(50) default NULL,
  `kode_ppn_m` varchar(50) default NULL,
  `expire_date` varchar(10) default NULL,
  `ex_date` int(2) default NULL,
  `ex_month` int(2) default NULL,
  `ex_year` int(4) default NULL,
  `tipe_obat` varchar(11) default NULL,
  `obat_tunai` varchar(20) default NULL,
  `hna` varchar(255) default NULL,
  `harga_dosp` float(14,2) default NULL,
  `discount` float(9,2) default NULL,
  `ppn` float(14,2) default NULL,
  `averange_sale` float(14,2) default NULL,
  `stok_max` int(9) default NULL,
  `stok_min` int(9) default NULL,
  `stok` float(9,2) NOT NULL,
  `isi` int(9) default NULL,
  `kemasan` varchar(11) default NULL,
  `status` varchar(40) default NULL,
  `flags` tinyint(1) NOT NULL default '1',
  `created_datetime` datetime NOT NULL,
  `created_user` varchar(20) NOT NULL,
  `update_datetime` datetime NOT NULL,
  `update_user` varchar(20) NOT NULL,
  `no_batch` varchar(4) NOT NULL,
  `no_rak` varchar(4) NOT NULL,
  `fld01` varchar(255) default NULL,
  `fld02` varchar(255) default NULL,
  `fld03` varchar(255) default NULL,
  `fld04` varchar(255) default NULL,
  `fld05` varchar(255) default NULL,
  `fld06` varchar(255) default NULL,
  `fld07` varchar(255) default NULL,
  `fld08` varchar(255) default NULL,
  `fld09` varchar(255) default NULL,
  `fld10` varchar(255) default NULL,
  PRIMARY KEY  (`id`)
) ENGINE=MyISAM AUTO_INCREMENT=57 DEFAULT CHARSET=latin1;

--
-- Dumping data for table `ms_barang`
--

/*!40000 ALTER TABLE `ms_barang` DISABLE KEYS */;
SET AUTOCOMMIT=0;
INSERT INTO `ms_barang` (`id`,`group_barang`,`kd_barang`,`nama`,`satuan`,`pabrik01`,`pabrik02`,`pabrik03`,`pabrik04`,`pabrik05`,`satuan_kirim`,`jenis_obat`,`kategori_obat`,`golongan`,`kode_guna`,`kode_persediaan`,`kode_pendapatan`,`kode_reduksi`,`kode_biaya`,`kode_ppn_k`,`kode_ppn_m`,`expire_date`,`ex_date`,`ex_month`,`ex_year`,`tipe_obat`,`obat_tunai`,`hna`,`harga_dosp`,`discount`,`ppn`,`averange_sale`,`stok_max`,`stok_min`,`stok`,`isi`,`kemasan`,`status`,`flags`,`created_datetime`,`created_user`,`update_datetime`,`update_user`,`no_batch`,`no_rak`,`fld01`,`fld02`,`fld03`,`fld04`,`fld05`,`fld06`,`fld07`,`fld08`,`fld09`,`fld10`) VALUES 
 (56,'F','01012353','TROLAC INJ','BH','2',1,0,0,0,'PAK','PSI','Obat Bebas','N-GNR','K-001','-','-','-','-','-','-','17/02/2012',17,2,2012,'STD','Tunai','-',4500.00,0.00,0.00,0.00,1000,100,900.00,30,'MTR','Aktif',1,'2011-07-24 22:02:25','UFRM','0000-00-00 00:00:00','','01','02',NULL,NULL,NULL,NULL,NULL,NULL,NULL,NULL,NULL,NULL),
 (55,'F','01012154','LACIDOLFILCAP','BTL','2',1,0,0,0,'PAK','NPSI','Obat Bebas','N-GNR','K-001','-','-','-','-','-','-','12/11/2015',12,11,2015,'STD','Tunai','-',5000.00,0.00,0.00,0.00,1000,100,800.00,25,'BOX','Aktif',1,'2011-07-24 22:00:42','UFRM','0000-00-00 00:00:00','','01','02',NULL,NULL,NULL,NULL,NULL,NULL,NULL,NULL,NULL,NULL),
 (54,'F','01012352','RYDIAN TAB','KPL','1',2,4,5,0,'BOX','NPSI','Obat Bebas','GNR','K-001','-','-','-','-','-','-','18/07/2014',18,7,2014,'STD','Tunai','-',9000.00,0.00,0.00,0.00,1000,100,800.00,30,'BOX','Aktif',1,'2011-07-24 21:58:36','UFRM','0000-00-00 00:00:00','','01','01',NULL,NULL,NULL,NULL,NULL,NULL,NULL,NULL,NULL,NULL),
 (53,'F','01012351','BONECETAM INJ 3 GR','GRAM','1',2,5,0,0,'BOX','NPSI','Obat Bebas','N-GNR','K-001','-','-','-','-','-','-','23/09/2015',23,9,2015,'STD','Tunai','-',2800.00,0.00,0.00,0.00,1000,100,900.00,20,'BOX','Aktif',1,'2011-07-24 21:56:23','UFRM','0000-00-00 00:00:00','','01','04',NULL,NULL,NULL,NULL,NULL,NULL,NULL,NULL,NULL,NULL),
 (52,'F','01012350','BRALIN INJ 250 MG','BH','1',2,0,0,0,'BOX','NPSI','Obat Bebas','GNR','K-001','-','-','-','-','-','-','10/12/2013',10,12,2013,'STD','Tunai','-',2000.00,0.00,0.00,0.00,1000,100,800.00,20,'KPL','Aktif',1,'2011-07-24 21:51:08','UFRM','0000-00-00 00:00:00','','01','01',NULL,NULL,NULL,NULL,NULL,NULL,NULL,NULL,NULL,NULL),
 (51,'F','01012153','GLUMIN-XR TAB 500 MG','BTL','2',0,0,0,0,'PAK','NPSI','Obat Bebas','GNR','K-001','-','-','-','-','-','-','03/10/2013',3,10,2013,'STD','Tunai','-',3900.00,0.00,0.00,0.00,1000,100,960.00,60,'STR','Aktif',1,'2011-07-24 21:44:50','UFRM','0000-00-00 00:00:00','','01','01',NULL,NULL,NULL,NULL,NULL,NULL,NULL,NULL,NULL,NULL),
 (50,'F','01012349','PRESEPT 2,5 GR','BTL','1',0,0,0,0,'BOX','NPSI','Obat Bebas','N-GNR','K-001','-','-','-','-','-','-','02/07/2012',2,7,2012,'STD','Tunai','-',5000.00,0.00,0.00,0.00,1000,100,900.00,60,'PAK','Aktif',1,'2011-07-24 21:41:38','UFRM','0000-00-00 00:00:00','','01','04',NULL,NULL,NULL,NULL,NULL,NULL,NULL,NULL,NULL,NULL),
 (49,'F','01012348','CIDEX 5% CRM 5 GR','BOX','2',1,0,0,0,'BOX','NPSI','Obat Bebas','N-GNR','K-001','-','-','-','-','-','-','25/07/2013',25,7,2013,'STD','Tunai','-',1250.00,0.00,0.00,0.00,1000,100,850.00,80,'TUBE','Aktif',1,'2011-07-24 21:37:37','UFRM','0000-00-00 00:00:00','','01','01',NULL,NULL,NULL,NULL,NULL,NULL,NULL,NULL,NULL,NULL),
 (48,'F','01012347','EMLA 5% CRM 5 GR','GRAM','2',5,0,0,0,'BOX','NPSI','Obat Bebas','N-GNR','K-001','-','-','-','-','-','-','10/07/2014',10,7,2014,'STD','Tunai','-',8700.00,0.00,0.00,0.00,1000,100,880.00,20,'GRAM','Aktif',1,'2011-07-24 21:32:48','UFRM','0000-00-00 00:00:00','','01','01',NULL,NULL,NULL,NULL,NULL,NULL,NULL,NULL,NULL,NULL),
 (47,'F','01012152','BETASON CRM 5 GR','BOX','1',2,5,3,0,'BOX','NPSI','Obat Bebas','N-GNR','K-001','-','-','-','-','-','-','31/07/2013',31,7,2013,'STD','Tunai','-',3000.00,0.00,0.00,0.00,1000,100,1000.00,50,'BTL','Aktif',1,'2011-07-24 21:29:42','UFRM','0000-00-00 00:00:00','','01','01',NULL,NULL,NULL,NULL,NULL,NULL,NULL,NULL,NULL,NULL);
COMMIT;
/*!40000 ALTER TABLE `ms_barang` ENABLE KEYS */;


--
-- Definition of table `pabrik`
--

DROP TABLE IF EXISTS `pabrik`;
CREATE TABLE `pabrik` (
  `kd_pabrik` varchar(11) NOT NULL,
  `nama` varchar(255) NOT NULL,
  PRIMARY KEY  (`kd_pabrik`)
) ENGINE=MyISAM DEFAULT CHARSET=latin1;

--
-- Dumping data for table `pabrik`
--

/*!40000 ALTER TABLE `pabrik` DISABLE KEYS */;
SET AUTOCOMMIT=0;
INSERT INTO `pabrik` (`kd_pabrik`,`nama`) VALUES 
 ('P-001','Kiara Condong, Co.Ltd');
COMMIT;
/*!40000 ALTER TABLE `pabrik` ENABLE KEYS */;


--
-- Definition of table `parkir`
--

DROP TABLE IF EXISTS `parkir`;
CREATE TABLE `parkir` (
  `id` int(11) NOT NULL auto_increment,
  `no_trans` varchar(25) NOT NULL,
  `tgl` datetime NOT NULL default '2011-01-01 00:00:00',
  `param_no` int(11) NOT NULL,
  `created_user` varchar(50) NOT NULL,
  `created_datetime` datetime NOT NULL,
  `motor` int(11) NOT NULL,
  `mobil` int(11) NOT NULL,
  `total` double NOT NULL,
  `fld01` varchar(50) default NULL,
  `fld02` varchar(50) default NULL,
  `fld03` varchar(50) default NULL,
  `fld04` varchar(50) default NULL,
  `fld05` varchar(50) default NULL,
  `fld06` varchar(50) default NULL,
  PRIMARY KEY  (`id`),
  UNIQUE KEY `no_trans` (`no_trans`)
) ENGINE=MyISAM AUTO_INCREMENT=5 DEFAULT CHARSET=latin1;

--
-- Dumping data for table `parkir`
--

/*!40000 ALTER TABLE `parkir` DISABLE KEYS */;
SET AUTOCOMMIT=0;
INSERT INTO `parkir` (`id`,`no_trans`,`tgl`,`param_no`,`created_user`,`created_datetime`,`motor`,`mobil`,`total`,`fld01`,`fld02`,`fld03`,`fld04`,`fld05`,`fld06`) VALUES 
 (1,'TRP/2407110001','2011-07-24 00:00:00',1,'Hardi','2011-07-24 22:30:21',12,12,150000,NULL,NULL,NULL,NULL,NULL,NULL),
 (2,'TRP/2507110002','2011-07-25 00:00:00',2,'Hardi','2011-07-24 23:32:50',120,120,500000,NULL,NULL,NULL,NULL,NULL,NULL),
 (3,'TRP/2507110003','2011-07-25 00:00:00',3,'Hardi','2011-07-24 23:33:35',17,17,120000,NULL,NULL,NULL,NULL,NULL,NULL),
 (4,'TRP/2507110004','2011-07-25 00:00:00',4,'Hardi','2011-07-24 23:33:54',15,15,50000,NULL,NULL,NULL,NULL,NULL,NULL);
COMMIT;
/*!40000 ALTER TABLE `parkir` ENABLE KEYS */;


--
-- Definition of table `pasien`
--

DROP TABLE IF EXISTS `pasien`;
CREATE TABLE `pasien` (
  `id` int(8) unsigned zerofill NOT NULL auto_increment,
  `nama` varchar(25) default NULL,
  `tempat_lahir` varchar(20) default NULL,
  `tgl_lahir` date default NULL,
  `sex` enum('LAKI-LAKI','PEREMPUAN') default NULL,
  `alamat` varchar(50) default NULL,
  `rt` char(3) default NULL,
  `rw` char(3) default NULL,
  `desa_id` int(11) default NULL,
  `telp` varchar(25) default NULL,
  `agama` enum('ISLAM','KATHOLIK','PROTESTAN','HINDU','BUDHA','KONG HU CHU','ALIRAN KEPERCAYAAN','LAIN-LAIN') default NULL,
  `gol_darah` enum('A','B','AB','O') default NULL,
  `pendidikan_id` tinyint(3) default NULL,
  `pekerjaan_id` tinyint(3) default NULL,
  `status_nikah` enum('BELUM KAWIN','DUDA','JANDA','KAWIN') default NULL,
  `tgl_daftar` datetime default NULL,
  PRIMARY KEY  (`id`),
  KEY `agama_id` (`agama`),
  KEY `sex_id` (`sex`),
  KEY `pendidikan_id` (`pendidikan_id`),
  KEY `pekerjaan_id` (`pekerjaan_id`),
  KEY `status_nikah_id` (`status_nikah`),
  KEY `pasien_ibfk_1` (`desa_id`),
  KEY `gol_darah_id` (`gol_darah`)
) ENGINE=MyISAM AUTO_INCREMENT=980989 DEFAULT CHARSET=latin1;

--
-- Dumping data for table `pasien`
--

/*!40000 ALTER TABLE `pasien` DISABLE KEYS */;
SET AUTOCOMMIT=0;
INSERT INTO `pasien` (`id`,`nama`,`tempat_lahir`,`tgl_lahir`,`sex`,`alamat`,`rt`,`rw`,`desa_id`,`telp`,`agama`,`gol_darah`,`pendidikan_id`,`pekerjaan_id`,`status_nikah`,`tgl_daftar`) VALUES 
 (00151134,'angga lagi',NULL,'2011-06-18','LAKI-LAKI','A',NULL,NULL,7339,NULL,'ISLAM',NULL,1,1,'BELUM KAWIN','2011-06-18 11:37:31'),
 (00151135,'testing','bandung','2011-06-23',NULL,NULL,NULL,NULL,NULL,NULL,NULL,NULL,NULL,NULL,NULL,'2011-06-20 15:03:18'),
 (00980988,'Silangga Leong','Bandung','1987-07-01','LAKI-LAKI','Bandung Yoo','2','3',123,'8558786','ISLAM','A',0,0,'BELUM KAWIN','2011-07-01 06:22:18');
COMMIT;
/*!40000 ALTER TABLE `pasien` ENABLE KEYS */;


--
-- Definition of table `pbf`
--

DROP TABLE IF EXISTS `pbf`;
CREATE TABLE `pbf` (
  `id` int(11) NOT NULL auto_increment,
  `kd_rekanan` varchar(20) NOT NULL,
  `nama` varchar(255) NOT NULL,
  `alamat` varchar(255) NOT NULL,
  `kota` varchar(255) NOT NULL,
  `telepon` varchar(50) NOT NULL,
  `fax` varchar(50) NOT NULL,
  `kontak` varchar(100) NOT NULL,
  `no_rek` varchar(100) NOT NULL,
  `type` int(1) NOT NULL default '1',
  `status` varchar(40) default NULL,
  `flags` int(1) NOT NULL,
  `created_datetime` datetime NOT NULL,
  `created_user` varchar(20) NOT NULL,
  `update_datetime` datetime NOT NULL,
  `update_user` varchar(20) NOT NULL,
  `fld01` varchar(255) default NULL,
  `fld02` varchar(255) default NULL,
  `fld03` varchar(255) default NULL,
  `fld04` varchar(255) default NULL,
  `fld05` varchar(255) default NULL,
  `fld06` varchar(255) default NULL,
  `fld07` varchar(255) default NULL,
  `fld08` varchar(255) default NULL,
  `fld09` varchar(255) default NULL,
  `fld10` varchar(255) default NULL,
  PRIMARY KEY  (`id`,`kd_rekanan`)
) ENGINE=MyISAM AUTO_INCREMENT=6 DEFAULT CHARSET=latin1;

--
-- Dumping data for table `pbf`
--

/*!40000 ALTER TABLE `pbf` DISABLE KEYS */;
SET AUTOCOMMIT=0;
INSERT INTO `pbf` (`id`,`kd_rekanan`,`nama`,`alamat`,`kota`,`telepon`,`fax`,`kontak`,`no_rek`,`type`,`status`,`flags`,`created_datetime`,`created_user`,`update_datetime`,`update_user`,`fld01`,`fld02`,`fld03`,`fld04`,`fld05`,`fld06`,`fld07`,`fld08`,`fld09`,`fld10`) VALUES 
 (1,'PBF-01','PT, Kimia Farma','jlm. cimuncang no 12 rt 01/ rw02','Bandung','022-088900','022-088900','Angga','8999090977382',1,'1',1,'2011-06-25 02:01:57','JL','2011-06-25 02:01:57','JL',NULL,NULL,NULL,NULL,NULL,NULL,NULL,NULL,NULL,NULL),
 (2,'PBF-02','PT, Maju Terus','ujung berung ','bandung','022-088901','022-088901','hyde','788888989098-090-',1,'1',1,'2011-06-25 02:02:21','JL','2011-06-25 02:02:21','JL',NULL,NULL,NULL,NULL,NULL,NULL,NULL,NULL,NULL,NULL),
 (3,'PBF-003','PBF 003','KLALD','LKDFLAK','3I9EU888','888399','JKAKK','838388392',1,'1',1,'0000-00-00 00:00:00','JL','0000-00-00 00:00:00','',NULL,NULL,NULL,NULL,NULL,NULL,NULL,NULL,NULL,NULL),
 (4,'PBF-003','PBF 003','KLALD','LKDFLAK','3I9EU888','888399','JKAKK','838388392',1,'1',1,'2011-06-25 03:47:57','JL','2011-06-25 03:47:57','',NULL,NULL,NULL,NULL,NULL,NULL,NULL,NULL,NULL,NULL),
 (5,'PBF-004','PT. Priatman','Ciledug Raya No 14','Jakarta Selatan','021-73458372','021-73652625','Bpk. Heri','8752872827 BCA',1,NULL,0,'0000-00-00 00:00:00','','0000-00-00 00:00:00','',NULL,NULL,NULL,NULL,NULL,NULL,NULL,NULL,NULL,NULL);
COMMIT;
/*!40000 ALTER TABLE `pbf` ENABLE KEYS */;


--
-- Definition of table `pelayanan`
--

DROP TABLE IF EXISTS `pelayanan`;
CREATE TABLE `pelayanan` (
  `id` tinyint(3) NOT NULL auto_increment,
  `spesialisasi_id` tinyint(3) default NULL,
  `nama` varchar(25) default NULL,
  `nama_lain` varchar(25) default NULL,
  `hari_buka` tinyint(1) default NULL,
  `jenis` varchar(100) default NULL,
  `Id_unit` int(11) NOT NULL,
  `group_id` int(11) NOT NULL default '0',
  `unit_id` int(11) NOT NULL,
  PRIMARY KEY  (`id`),
  KEY `spesialisasi_id` (`spesialisasi_id`)
) ENGINE=MyISAM AUTO_INCREMENT=100 DEFAULT CHARSET=latin1;

--
-- Dumping data for table `pelayanan`
--

/*!40000 ALTER TABLE `pelayanan` DISABLE KEYS */;
SET AUTOCOMMIT=0;
INSERT INTO `pelayanan` (`id`,`spesialisasi_id`,`nama`,`nama_lain`,`hari_buka`,`jenis`,`Id_unit`,`group_id`,`unit_id`) VALUES 
 (1,10,'IGD','-',NULL,'IGD',1,1,51),
 (2,1,'PENYAKIT DALAM',NULL,6,'Rawat Jalan',1,1,4),
 (3,7,'THT',NULL,6,'Rawat Jalan',1,1,4),
 (4,2,'BEDAH',NULL,5,'Rawat Jalan',1,1,4),
 (8,3,'ANAK',NULL,5,'Rawat Jalan',1,1,4),
 (9,9,'KULIT KELAMIN','Poli - Kulit Kelamin',6,'Rawat Jalan',1,1,4),
 (10,5,'SYARAF',NULL,4,'Rawat Jalan',1,1,4),
 (11,8,'MATA',NULL,5,'Rawat Jalan',1,1,4),
 (13,12,'GIGI & MULUT',NULL,5,'Rawat Jalan',1,1,4),
 (14,10,'UMUM',NULL,6,'Rawat Jalan',1,1,4),
 (36,4,'RASUNA SAID','PERINATOLOGI',NULL,'Rawat Inap',1,1,50),
 (37,1,'CUT NYAK DIEN','PENYAKIT DALAM',NULL,'Rawat Inap',1,1,50),
 (38,2,'CUT MEUTIA','BEDAH',NULL,'Rawat Inap',1,1,50),
 (39,4,'OBSTETRI DAN GINEKOLOGI',NULL,6,'Rawat Jalan',1,1,4),
 (40,6,'JIWA',NULL,5,'Rawat Jalan',1,1,4),
 (41,10,'UMUM','UMUM',NULL,'Rawat Inap',1,1,50),
 (42,3,'DEWI SARTIKA','KESEHATAN ANAK',NULL,'Rawat Inap',1,1,50),
 (43,10,'ICU','ICU',NULL,'Rawat Inap',1,1,50),
 (44,4,'INGGIT GAMASIH','OBSTETRI',NULL,'Rawat Inap',1,1,50),
 (45,7,'KARTINI','THT',NULL,'Rawat Inap',1,1,50),
 (46,8,'NYI AGENG SERANG','MATA',NULL,'Rawat Inap',1,1,50),
 (47,10,'REHABILITASI MEDIK','-',5,'Rawat Jalan',1,1,4),
 (49,13,'KB','-',5,'Rawat Jalan',1,1,4),
 (51,15,'NYI AHMAD DAHLAN','LUKA BAKAR',NULL,'Rawat Inap',1,1,50),
 (56,10,'PSIKOLOGI','-',5,'Rawat Jalan',1,1,4),
 (60,NULL,'VK','-',NULL,'OCA (Ruang Tindakan)',1,1,52),
 (70,NULL,'RUANG OPERASI','-',NULL,'OCA (Ruang Tindakan)',1,1,52),
 (80,NULL,'ANESTESI','-',NULL,'OCA (Ruang Tindakan)',1,1,52),
 (93,NULL,'Administrasi','Apotik - Administrasi',NULL,'Apotik',0,2,2),
 (94,NULL,'Gudang','-',NULL,'Apotik',0,2,2),
 (95,NULL,'Administrasi','Famasi - Administrasi',NULL,'Farmasi',0,2,1),
 (96,NULL,'Gudang','-',NULL,'Farmasi',0,2,1),
 (97,NULL,'Administrasi','Pur - Administrasi',NULL,'Purchasing',0,2,5),
 (98,NULL,'Laobratorium','Laboratorium',NULL,'Laboratorium',1,1,87),
 (99,NULL,'Radiologi','Radiologi',NULL,'Radiologi',1,1,91);
COMMIT;
/*!40000 ALTER TABLE `pelayanan` ENABLE KEYS */;


--
-- Definition of table `penjualan`
--

DROP TABLE IF EXISTS `penjualan`;
CREATE TABLE `penjualan` (
  `id` int(11) NOT NULL auto_increment,
  `no_trans` varchar(15) NOT NULL,
  `no_resep` varchar(35) NOT NULL,
  `obat_id` varchar(11) NOT NULL,
  `tgl_expire` varchar(10) NOT NULL,
  `dosis_id` varchar(2) NOT NULL,
  `diminta` int(11) NOT NULL,
  `diberi` int(11) NOT NULL,
  `ket` varchar(15) NOT NULL default '',
  `racikan` varchar(2) NOT NULL default '',
  `ket_banyak` varchar(255) NOT NULL,
  `sub_total` float(9,2) NOT NULL,
  `fld01` varchar(255) NOT NULL default '',
  `fld02` varchar(25) NOT NULL default '',
  `fld03` varchar(100) NOT NULL default '',
  `param_no` int(11) NOT NULL,
  `tgl` date default '2001-01-01',
  PRIMARY KEY  (`id`)
) ENGINE=MyISAM AUTO_INCREMENT=13 DEFAULT CHARSET=latin1;

--
-- Dumping data for table `penjualan`
--

/*!40000 ALTER TABLE `penjualan` DISABLE KEYS */;
SET AUTOCOMMIT=0;
INSERT INTO `penjualan` (`id`,`no_trans`,`no_resep`,`obat_id`,`tgl_expire`,`dosis_id`,`diminta`,`diberi`,`ket`,`racikan`,`ket_banyak`,`sub_total`,`fld01`,`fld02`,`fld03`,`param_no`,`tgl`) VALUES 
 (12,'TRK/2407110001','IGD/2407110001','01012154','12/11/2015','1',0,10,'Sebelum Makan','','TEST',55000.00,'Yeni Suryani BIN Koko Win','','',0,'2011-07-24'),
 (11,'TRK/2407110001','IGD/2407110001','','','1',0,0,'Sesudah Makan','YA','TEST',27300.00,'Yeni Suryani BIN Koko Win','','RCK/2407110001',0,'2011-07-24');
COMMIT;
/*!40000 ALTER TABLE `penjualan` ENABLE KEYS */;


--
-- Definition of table `penjualan_head`
--

DROP TABLE IF EXISTS `penjualan_head`;
CREATE TABLE `penjualan_head` (
  `id` int(11) unsigned zerofill NOT NULL auto_increment,
  `no_trans` varchar(15) NOT NULL,
  `no_resep` varchar(30) NOT NULL COMMENT 'RRI/ RRJ/ RPU/ RNR/',
  `istunai` tinyint(1) NOT NULL default '1',
  `asuransi_id` int(11) NOT NULL default '0',
  `tgl` date NOT NULL default '2000-01-01',
  `param_no` int(7) NOT NULL,
  `pasien_id` varchar(30) NOT NULL,
  `created_datetime` datetime NOT NULL,
  `created_user` varchar(30) NOT NULL,
  `update_datetime` datetime NOT NULL,
  `update_user` varchar(30) NOT NULL,
  `flags` int(2) NOT NULL default '0',
  `fld01` varchar(100) default NULL,
  `fld02` varchar(255) default NULL,
  `fld03` varchar(255) default NULL,
  `total` double default NULL,
  `bayar` double default NULL,
  PRIMARY KEY  (`id`,`no_trans`)
) ENGINE=MyISAM AUTO_INCREMENT=160 DEFAULT CHARSET=utf8;

--
-- Dumping data for table `penjualan_head`
--

/*!40000 ALTER TABLE `penjualan_head` DISABLE KEYS */;
SET AUTOCOMMIT=0;
INSERT INTO `penjualan_head` (`id`,`no_trans`,`no_resep`,`istunai`,`asuransi_id`,`tgl`,`param_no`,`pasien_id`,`created_datetime`,`created_user`,`update_datetime`,`update_user`,`flags`,`fld01`,`fld02`,`fld03`,`total`,`bayar`) VALUES 
 (00000000159,'TRK/2407110001','IGD/2407110001',1,0,'2011-07-24',1,'00000001','2011-07-24 22:27:53','Hardi','0000-00-00 00:00:00','',0,'Yeni Suryani BIN Koko Win',NULL,NULL,115220,150000);
COMMIT;
/*!40000 ALTER TABLE `penjualan_head` ENABLE KEYS */;


--
-- Definition of table `permintaan_unit`
--

DROP TABLE IF EXISTS `permintaan_unit`;
CREATE TABLE `permintaan_unit` (
  `ID` int(11) NOT NULL auto_increment,
  `No_SPP` varchar(20) NOT NULL,
  `No_BPB` varchar(255) default NULL,
  `No_BTB` varchar(255) default NULL,
  `No_RPB` varchar(20) default NULL,
  `param_no` int(7) default '0',
  `param_bpb` int(11) default '0',
  `param_btb` int(11) default '0',
  `param_rpb` int(11) default '0',
  `Tgl_SPP` varchar(10) NOT NULL,
  `Keterangan` text,
  `Tgl_pakai` varchar(20) default NULL,
  `UsrBuat` varchar(5) default NULL,
  `UsrApprove` varchar(5) default NULL,
  `UsrReceived` varchar(255) NOT NULL,
  `UsrRetur` varchar(20) default NULL,
  `Tgl_Cancel` datetime default NULL,
  `Tgl_Received` varchar(10) default NULL,
  `Unit` varchar(10) default NULL,
  `status` int(1) NOT NULL default '5',
  `user_cancel` varchar(100) default NULL,
  `flags_unit` int(1) NOT NULL default '0',
  `tgl_retur` varchar(10) default NULL,
  `tgl_bpb` varchar(10) default NULL,
  `ket_status` tinyint(1) NOT NULL default '0',
  `create_datetime` datetime NOT NULL,
  `create_date` date default NULL,
  PRIMARY KEY  (`ID`)
) ENGINE=MyISAM AUTO_INCREMENT=44 DEFAULT CHARSET=utf8;

--
-- Dumping data for table `permintaan_unit`
--

/*!40000 ALTER TABLE `permintaan_unit` DISABLE KEYS */;
SET AUTOCOMMIT=0;
INSERT INTO `permintaan_unit` (`ID`,`No_SPP`,`No_BPB`,`No_BTB`,`No_RPB`,`param_no`,`param_bpb`,`param_btb`,`param_rpb`,`Tgl_SPP`,`Keterangan`,`Tgl_pakai`,`UsrBuat`,`UsrApprove`,`UsrReceived`,`UsrRetur`,`Tgl_Cancel`,`Tgl_Received`,`Unit`,`status`,`user_cancel`,`flags_unit`,`tgl_retur`,`tgl_bpb`,`ket_status`,`create_datetime`,`create_date`) VALUES 
 (43,'SPP/2507110009',NULL,NULL,NULL,9,0,0,0,'25/07/2011',NULL,NULL,'URWI',NULL,'',NULL,NULL,NULL,'44',5,NULL,0,NULL,NULL,0,'2011-07-25 00:53:11','2011-07-25'),
 (42,'SPP/2507110008',NULL,NULL,NULL,8,0,0,0,'25/07/2011',NULL,NULL,'Jalu',NULL,'',NULL,NULL,NULL,'0',5,NULL,0,NULL,NULL,0,'2011-07-25 00:48:50','2011-07-25'),
 (41,'SPP/2407110007','BPB/2407110001',NULL,NULL,7,1,0,0,'24/07/2011',NULL,NULL,'URWJ','UFRM','',NULL,NULL,NULL,'3',2,NULL,0,NULL,'24/07/2011',0,'2011-07-24 22:10:37','2011-07-24'),
 (39,'SPP/2407110005','BPB/2407110002','BTB/2407110005',NULL,5,2,5,0,'24/07/2011',NULL,NULL,'URAD','UFRM','URAD',NULL,NULL,'24/07/2011','99',9,NULL,0,NULL,'24/07/2011',0,'2011-07-24 22:08:32','2011-07-24'),
 (40,'SPP/2407110006','BPB/2407110002',NULL,NULL,6,2,0,0,'24/07/2011',NULL,NULL,'URWI','UFRM','',NULL,NULL,NULL,'44',2,NULL,0,NULL,'24/07/2011',0,'2011-07-24 22:09:44','2011-07-24'),
 (35,'SPP/2407110001','BPB/2407110002','BTB/2407110001',NULL,1,2,1,0,'24/07/2011',NULL,NULL,'UAPT','UFRM','UAPT',NULL,NULL,'24/07/2011','93',9,NULL,0,NULL,'24/07/2011',0,'2011-07-24 22:02:55','2011-07-24'),
 (36,'SPP/2407110002','BPB/2407110002','BTB/2407110002',NULL,2,2,2,0,'24/07/2011',NULL,NULL,'UIGD','UFRM','UIGD',NULL,NULL,'24/07/2011','1',9,NULL,0,NULL,'24/07/2011',0,'2011-07-24 22:05:17','2011-07-24'),
 (37,'SPP/2407110003','BPB/2407110002','BTB/2407110003',NULL,3,2,3,0,'24/07/2011',NULL,NULL,'ULAB','UFRM','ULAB',NULL,NULL,'24/07/2011','98',9,NULL,0,NULL,'24/07/2011',0,'2011-07-24 22:06:43','2011-07-24'),
 (38,'SPP/2407110004','BPB/2407110002','BTB/2407110004',NULL,4,2,4,0,'24/07/2011',NULL,NULL,'UOCA','UFRM','UOCA',NULL,NULL,'24/07/2011','80',9,NULL,0,NULL,'24/07/2011',0,'2011-07-24 22:07:45','2011-07-24');
COMMIT;
/*!40000 ALTER TABLE `permintaan_unit` ENABLE KEYS */;


--
-- Definition of table `permintaan_unitdetail`
--

DROP TABLE IF EXISTS `permintaan_unitdetail`;
CREATE TABLE `permintaan_unitdetail` (
  `id` int(11) NOT NULL auto_increment,
  `No_SPP` varchar(20) NOT NULL,
  `No_BPB` varchar(20) default NULL,
  `No_BTB` varchar(20) default NULL,
  `barang_id` varchar(15) NOT NULL,
  `No_RPB` varchar(20) default NULL,
  `Nm_Barang` varchar(50) NOT NULL,
  `Satuan` varchar(10) NOT NULL,
  `Qty` float NOT NULL,
  `Keterangan` text NOT NULL,
  `Tgl_pakai` varchar(10) NOT NULL,
  `Qty_sisa` float NOT NULL,
  `F_del` int(1) NOT NULL,
  `status_detail` int(1) NOT NULL default '1',
  `flags` int(1) NOT NULL default '1',
  `Unit` int(11) NOT NULL,
  `f2` varchar(255) NOT NULL,
  `f3` varchar(255) NOT NULL,
  `f4` varchar(255) NOT NULL,
  `f5` varchar(255) NOT NULL,
  `f6` varchar(255) NOT NULL,
  `ket_retur` varchar(255) default NULL,
  `tgl_retur` varchar(10) NOT NULL,
  `UsrRetur` varchar(30) NOT NULL,
  `tgl_terima` varchar(10) default NULL,
  `UsrReceived` varchar(150) default NULL,
  `Qty_diberi` float(9,2) NOT NULL default '0.00',
  PRIMARY KEY  (`id`)
) ENGINE=MyISAM AUTO_INCREMENT=53 DEFAULT CHARSET=utf8;

--
-- Dumping data for table `permintaan_unitdetail`
--

/*!40000 ALTER TABLE `permintaan_unitdetail` DISABLE KEYS */;
SET AUTOCOMMIT=0;
INSERT INTO `permintaan_unitdetail` (`id`,`No_SPP`,`No_BPB`,`No_BTB`,`barang_id`,`No_RPB`,`Nm_Barang`,`Satuan`,`Qty`,`Keterangan`,`Tgl_pakai`,`Qty_sisa`,`F_del`,`status_detail`,`flags`,`Unit`,`f2`,`f3`,`f4`,`f5`,`f6`,`ket_retur`,`tgl_retur`,`UsrRetur`,`tgl_terima`,`UsrReceived`,`Qty_diberi`) VALUES 
 (52,'SPP/2407110007','',NULL,'54',NULL,'RYDIAN TAB','KPL',100,'TEST','24/07/2011',0,0,2,1,3,'','','','','',NULL,'','',NULL,NULL,100.00),
 (51,'SPP/2407110007','',NULL,'48',NULL,'EMLA 5% CRM 5 GR','GRAM',20,'TEST','24/07/2011',0,0,2,1,3,'','','','','',NULL,'','',NULL,NULL,20.00),
 (50,'SPP/2407110006','',NULL,'56',NULL,'TROLAC INJ','Buah',100,'TEST','24/07/2011',0,0,2,1,44,'','','','','',NULL,'','',NULL,NULL,50.00),
 (49,'SPP/2407110006','',NULL,'54',NULL,'RYDIAN TAB','KPL',100,'TEST','24/07/2011',0,0,2,1,44,'','','','','',NULL,'','',NULL,NULL,100.00),
 (48,'SPP/2407110005','','BTB/2407110005','51',NULL,'GLUMIN-XR TAB 500 MG','Botol',30,'TEST','24/07/2011',0,0,9,1,99,'','','','','',NULL,'','','24/07/2011','URAD',30.00),
 (47,'SPP/2407110005','','BTB/2407110005','53',NULL,'BONECETAM INJ 3 GR','GRAM',100,'TEST','24/07/2011',0,0,9,1,99,'','','','','',NULL,'','','24/07/2011','URAD',100.00),
 (46,'SPP/2407110004','','BTB/2407110004','52',NULL,'BRALIN INJ 250 MG','Buah',100,'TEST','24/07/2011',0,0,9,1,80,'','','','','',NULL,'','','24/07/2011','UOCA',100.00),
 (45,'SPP/2407110003','','BTB/2407110003','55',NULL,'LACIDOLFILCAP','Botol',100,'TEST','24/07/2011',0,0,9,1,98,'','','','','',NULL,'','','24/07/2011','ULAB',100.00),
 (44,'SPP/2407110003','','BTB/2407110003','49',NULL,'CIDEX 5% CRM 5 GR','Box',100,'TEST','24/07/2011',0,0,9,1,98,'','','','','',NULL,'','','24/07/2011','ULAB',100.00),
 (43,'SPP/2407110002','','BTB/2407110002','51',NULL,'GLUMIN-XR TAB 500 MG','Botol',10,'TEST','24/07/2011',0,0,9,1,1,'','','','','',NULL,'','','24/07/2011','UIGD',10.00),
 (42,'SPP/2407110002','','BTB/2407110002','50',NULL,'PRESEPT 2,5 GR','Botol',100,'TEST','24/07/2011',0,0,9,1,1,'','','','','',NULL,'','','24/07/2011','UIGD',100.00),
 (41,'SPP/2407110002','','BTB/2407110002','52',NULL,'BRALIN INJ 250 MG','Buah',100,'TEST','24/07/2011',0,0,9,1,1,'','','','','',NULL,'','','24/07/2011','UIGD',100.00),
 (40,'SPP/2407110002','','BTB/2407110002','55',NULL,'LACIDOLFILCAP','Botol',200,'TEST','24/07/2011',0,0,9,1,1,'','','','','',NULL,'','','24/07/2011','UIGD',100.00),
 (39,'SPP/2407110001','','BTB/2407110001','49',NULL,'CIDEX 5% CRM 5 GR','Box',50,'TEST','24/07/2011',0,0,9,1,93,'','','','','',NULL,'','','24/07/2011','UAPT',50.00),
 (38,'SPP/2407110001','','BTB/2407110001','56',NULL,'TROLAC INJ','Buah',50,'TEST','30/07/2011',0,0,9,1,93,'','','','','',NULL,'','','24/07/2011','UAPT',50.00),
 (37,'SPP/2407110001','','BTB/2407110001','48',NULL,'EMLA 5% CRM 5 GR','GRAM',100,'TEST','24/07/2011',0,0,9,1,93,'','','','','',NULL,'','','24/07/2011','UAPT',100.00);
COMMIT;
/*!40000 ALTER TABLE `permintaan_unitdetail` ENABLE KEYS */;


--
-- Definition of table `purchase_order`
--

DROP TABLE IF EXISTS `purchase_order`;
CREATE TABLE `purchase_order` (
  `id` int(11) NOT NULL auto_increment,
  `po_no` varchar(35) NOT NULL,
  `tgl_po` datetime NOT NULL,
  `request_no` varchar(80) default NULL,
  `id_supplier` int(11) NOT NULL,
  `flags` int(1) NOT NULL default '0' COMMENT 'flags',
  `po_approved_by` varchar(50) default NULL,
  `total_price` double NOT NULL default '0' COMMENT 'amount',
  `percent_discount` decimal(10,2) NOT NULL default '0.00',
  `discount_amount` double NOT NULL default '0',
  `after_discount` double NOT NULL default '0',
  `ppn_amount` double NOT NULL default '0',
  `grand_total` double NOT NULL default '0' COMMENT 'GrandTotal',
  `total_items` int(11) NOT NULL default '0',
  `remark` varchar(255) default NULL,
  `is_revisi` int(1) NOT NULL default '0',
  `usr_revisi` varchar(50) default NULL,
  `tgl_revisi` datetime default NULL,
  `usr_cancel` varchar(50) default NULL,
  `tgl_cancel` datetime default NULL,
  `btb_no` varchar(80) NOT NULL default '0' COMMENT 'bukti terima barang',
  `penerima` varchar(30) default NULL COMMENT 'penerima barang',
  `created_datetime` datetime NOT NULL,
  `created_user` varchar(30) NOT NULL,
  `updated_datetime` datetime NOT NULL,
  `updated_user` varchar(30) NOT NULL,
  `fld01` varchar(255) default NULL,
  `fld02` varchar(255) default NULL,
  `fld03` varchar(255) default NULL,
  `fld04` varchar(255) default NULL,
  `fld05` varchar(255) default NULL,
  PRIMARY KEY  (`id`,`po_no`)
) ENGINE=MyISAM AUTO_INCREMENT=10 DEFAULT CHARSET=utf8;

--
-- Dumping data for table `purchase_order`
--

/*!40000 ALTER TABLE `purchase_order` DISABLE KEYS */;
SET AUTOCOMMIT=0;
INSERT INTO `purchase_order` (`id`,`po_no`,`tgl_po`,`request_no`,`id_supplier`,`flags`,`po_approved_by`,`total_price`,`percent_discount`,`discount_amount`,`after_discount`,`ppn_amount`,`grand_total`,`total_items`,`remark`,`is_revisi`,`usr_revisi`,`tgl_revisi`,`usr_cancel`,`tgl_cancel`,`btb_no`,`penerima`,`created_datetime`,`created_user`,`updated_datetime`,`updated_user`,`fld01`,`fld02`,`fld03`,`fld04`,`fld05`) VALUES 
 (1,'PON/2806119999','2011-06-28 00:18:15','SPB/2506110001',2,3,NULL,0,'0.00',0,0,0,1080000,1,NULL,0,NULL,NULL,NULL,NULL,'0',NULL,'2011-06-28 00:18:15','Jalu','2011-07-02 03:11:50','pospv',NULL,NULL,NULL,NULL,NULL),
 (2,'PON/2806119998','2011-06-28 00:18:15','SPB/2506110001',3,1,'Jalu',0,'0.00',0,0,0,0,0,NULL,0,NULL,NULL,NULL,NULL,'','Jalu','2011-06-28 00:18:15','Jalu','2011-07-06 02:27:58','Jalu','2011-07-06 02:27:58',NULL,NULL,NULL,NULL),
 (3,'PON/2806110005','2011-06-28 00:18:15','SPB/2506110001',1,1,'Jalu',0,'0.00',0,0,0,630000,1,NULL,0,NULL,NULL,NULL,NULL,'STB/2506110001','Jalu','2011-06-28 00:18:15','Jalu','2011-07-01 06:40:01','Jalu','2011-07-01 06:40:01',NULL,NULL,NULL,NULL),
 (4,'PON/2806110001','2011-06-28 04:39:32','SPB/2806110008',2,1,'Jalu',0,'0.00',0,0,0,3280400,1,NULL,0,NULL,NULL,NULL,NULL,'','pospv','2011-06-28 04:39:32','Jalu','2011-07-06 04:56:53','pospv','2011-07-06 04:56:53',NULL,NULL,NULL,NULL),
 (5,'PON/2806110002','2011-06-28 04:39:32','SPB/2806110008',5,1,'pospv',1290,'0.00',0,1290,38700,0,0,NULL,0,NULL,NULL,NULL,NULL,'','pospv','2011-06-28 04:39:32','Jalu','2011-07-06 04:13:56','pospv','2011-07-06 04:13:56',NULL,NULL,NULL,NULL),
 (6,'PON/2806110003','2011-06-28 04:39:32','SPB/2806110008',1,3,NULL,560,'0.00',0,560,28000,280000,1,NULL,0,NULL,NULL,NULL,NULL,'0',NULL,'2011-06-28 04:39:32','Jalu','2011-07-06 04:20:22','pospv',NULL,NULL,NULL,NULL,NULL),
 (7,'PON/2806110004','2011-06-28 04:39:32','SPB/2806110008',4,4,NULL,0,'0.00',0,0,0,0,0,NULL,0,NULL,NULL,NULL,NULL,'0',NULL,'2011-06-28 04:39:32','Jalu','2011-06-28 04:39:32','Jalu',NULL,NULL,NULL,NULL,NULL),
 (8,'PON/0207110007','2011-07-05 19:13:45','SPB/0207110033',1,2,'Jalu',0,'0.00',0,0,0,0,0,NULL,0,NULL,NULL,NULL,NULL,'','Jalu','2011-07-05 19:13:45','Jalu','2011-07-05 21:14:28','Jalu','2011-07-05 21:14:28',NULL,NULL,NULL,NULL),
 (9,'PON/0207110007','2011-07-06 04:46:38','RPO/2906110001',2,3,NULL,0,'0.00',0,0,0,0,0,NULL,0,NULL,NULL,NULL,NULL,'0',NULL,'2011-07-06 04:46:38','pospv','2011-07-06 04:46:38','pospv',NULL,NULL,NULL,NULL,NULL);
COMMIT;
/*!40000 ALTER TABLE `purchase_order` ENABLE KEYS */;


--
-- Definition of table `purchase_orderdetail`
--

DROP TABLE IF EXISTS `purchase_orderdetail`;
CREATE TABLE `purchase_orderdetail` (
  `id` int(11) NOT NULL auto_increment,
  `no_po` varchar(35) NOT NULL,
  `no_spb` varchar(20) NOT NULL,
  `barang_id` varchar(20) NOT NULL,
  `satuan_po` varchar(20) NOT NULL,
  `qty_po` int(11) NOT NULL,
  `harga_po` double NOT NULL,
  `discount` decimal(10,2) NOT NULL,
  `amount_discount` double NOT NULL,
  `subtotal` float(14,2) NOT NULL,
  `f_revisi` int(1) NOT NULL,
  `tgl_revisi` datetime NOT NULL,
  `created_datetime` datetime NOT NULL,
  `created_user` varchar(30) NOT NULL,
  `updated_datetime` datetime NOT NULL,
  `updated_user` varchar(30) NOT NULL,
  `fld01` varchar(100) NOT NULL,
  `fld02` varchar(100) NOT NULL,
  `fld03` varchar(255) NOT NULL,
  `fld04` varchar(255) NOT NULL,
  `fld05` varchar(255) NOT NULL,
  PRIMARY KEY  (`id`)
) ENGINE=MyISAM AUTO_INCREMENT=13 DEFAULT CHARSET=utf8;

--
-- Dumping data for table `purchase_orderdetail`
--

/*!40000 ALTER TABLE `purchase_orderdetail` DISABLE KEYS */;
SET AUTOCOMMIT=0;
INSERT INTO `purchase_orderdetail` (`id`,`no_po`,`no_spb`,`barang_id`,`satuan_po`,`qty_po`,`harga_po`,`discount`,`amount_discount`,`subtotal`,`f_revisi`,`tgl_revisi`,`created_datetime`,`created_user`,`updated_datetime`,`updated_user`,`fld01`,`fld02`,`fld03`,`fld04`,`fld05`) VALUES 
 (1,'PON/2806119999','SPB/2506110001','2','box',120,9000,'0.00',0,1080000.00,0,'2011-06-29 06:03:11','2011-06-28 00:18:15','Jalu','2011-07-02 03:11:50','pospv','2','','','',''),
 (2,'PON/2806119998','SPB/2506110001','3','box',80,8000,'5.00',4000,636000.00,0,'2011-06-29 06:07:07','2011-06-28 00:18:15','Jalu','2011-07-06 02:27:58','Jalu','3','0','Jalu','','06/07/2011'),
 (3,'PON/2806110005','SPB/2506110001','4','box',70,9000,'1.00',900,630000.00,0,'0000-00-00 00:00:00','2011-06-28 00:18:15','Jalu','2011-07-01 06:40:01','Jalu','1','','','',''),
 (4,'PON/2806110001','SPB/2806110008','31','box',200,8000,'0.00',0,1600000.00,0,'0000-00-00 00:00:00','2011-06-28 04:39:32','Jalu','2011-07-06 04:56:53','pospv','2','0','pospv','',''),
 (5,'PON/2806110001','SPB/2806110008','34','box',400,8201,'0.00',0,3280400.00,1,'0000-00-00 00:00:00','2011-06-28 04:39:32','Jalu','2011-07-06 02:42:25','Jalu','2','','','',''),
 (6,'PON/2806110002','SPB/2806110008','32','btl',300,1290,'0.00',0,387000.00,0,'0000-00-00 00:00:00','2011-06-28 04:39:32','Jalu','2011-07-06 04:13:56','pospv','5','0','pospv','','06/07/2011'),
 (7,'PON/2806110003','SPB/2806110008','38','dus',500,560,'0.00',0,280000.00,0,'0000-00-00 00:00:00','2011-06-28 04:39:32','Jalu','2011-07-06 04:20:22','pospv','1','','','',''),
 (8,'PON/2806110004','SPB/2806110008','40','',500,0,'0.00',0,400000.00,0,'0000-00-00 00:00:00','2011-06-28 04:39:32','Jalu','2011-06-28 04:39:32','Jalu','4','','','',''),
 (9,'PON/0207110007','SPB/0207110033','35','pcs',150,800,'0.00',0,120000.00,0,'0000-00-00 00:00:00','2011-07-05 19:13:45','Jalu','2011-07-05 21:14:28','Jalu','1','0','Jalu','',''),
 (10,'PON/0207110007','SPB/0207110033','36','pcs',100,90890,'0.00',0,9089000.00,0,'0000-00-00 00:00:00','2011-07-05 19:13:45','Jalu','2011-07-05 21:14:28','Jalu','1','0','Jalu','',''),
 (11,'PON/0207110007','SPB/0207110033','37','pcs',50,99800,'0.00',0,4990000.00,0,'0000-00-00 00:00:00','2011-07-05 19:13:45','Jalu','2011-07-05 21:14:28','Jalu','1','0','Jalu','',''),
 (12,'PON/0207110007','RPO/2906110001','34','',400,8201,'0.00',0,3280400.00,0,'0000-00-00 00:00:00','2011-07-06 04:46:38','pospv','2011-07-06 04:46:38','pospv','2','','','','');
COMMIT;
/*!40000 ALTER TABLE `purchase_orderdetail` ENABLE KEYS */;


--
-- Definition of table `racik_detail`
--

DROP TABLE IF EXISTS `racik_detail`;
CREATE TABLE `racik_detail` (
  `id` int(11) NOT NULL auto_increment,
  `no_racik` varchar(20) NOT NULL,
  `no_resep` varchar(20) NOT NULL,
  `kode_obat` varchar(20) NOT NULL,
  `qty` float(4,2) NOT NULL,
  `harga` float(14,2) NOT NULL,
  `subtotal` float(14,2) NOT NULL,
  `fld01` varchar(255) NOT NULL,
  `fld02` varchar(255) NOT NULL,
  `fld03` varchar(255) NOT NULL,
  `fld04` varchar(255) NOT NULL,
  `fld05` varchar(255) NOT NULL,
  `fld06` varchar(255) NOT NULL,
  `fld07` varchar(255) NOT NULL,
  `fld08` varchar(255) NOT NULL,
  PRIMARY KEY  (`id`)
) ENGINE=MyISAM AUTO_INCREMENT=42 DEFAULT CHARSET=utf8;

--
-- Dumping data for table `racik_detail`
--

/*!40000 ALTER TABLE `racik_detail` DISABLE KEYS */;
SET AUTOCOMMIT=0;
INSERT INTO `racik_detail` (`id`,`no_racik`,`no_resep`,`kode_obat`,`qty`,`harga`,`subtotal`,`fld01`,`fld02`,`fld03`,`fld04`,`fld05`,`fld06`,`fld07`,`fld08`) VALUES 
 (41,'RCU/2507110001','RPU/2507110001','01012347',1.00,0.00,0.00,'','','','','','','',''),
 (40,'RCK/2407110001','IGD/2407110001','01012153',2.00,4400.00,8800.00,'','','','','','','',''),
 (39,'RCK/2407110001','IGD/2407110001','01012349',3.00,5500.00,16500.00,'','','','','','','','');
COMMIT;
/*!40000 ALTER TABLE `racik_detail` ENABLE KEYS */;


--
-- Definition of table `racik_head`
--

DROP TABLE IF EXISTS `racik_head`;
CREATE TABLE `racik_head` (
  `id` int(11) NOT NULL auto_increment,
  `no_racik` varchar(20) NOT NULL,
  `param_no` int(7) NOT NULL,
  `no_resep` varchar(20) NOT NULL,
  `nama` varchar(100) NOT NULL,
  `dosis_id` varchar(3) NOT NULL,
  `ket` varchar(100) NOT NULL,
  `deskripsi` varchar(100) NOT NULL,
  `total` float(14,2) NOT NULL,
  `biaya_racik` float(14,2) NOT NULL,
  `created_datetime` datetime NOT NULL,
  `created_user` varchar(30) NOT NULL,
  `update_datetime` datetime NOT NULL,
  `update_user` varchar(30) NOT NULL,
  `tgl` varchar(10) NOT NULL,
  `fld02` varchar(255) NOT NULL,
  `fld03` varchar(255) NOT NULL,
  PRIMARY KEY  (`id`)
) ENGINE=MyISAM AUTO_INCREMENT=41 DEFAULT CHARSET=utf8;

--
-- Dumping data for table `racik_head`
--

/*!40000 ALTER TABLE `racik_head` DISABLE KEYS */;
SET AUTOCOMMIT=0;
INSERT INTO `racik_head` (`id`,`no_racik`,`param_no`,`no_resep`,`nama`,`dosis_id`,`ket`,`deskripsi`,`total`,`biaya_racik`,`created_datetime`,`created_user`,`update_datetime`,`update_user`,`tgl`,`fld02`,`fld03`) VALUES 
 (40,'RCU/2507110001',1,'RPU/2507110001','TEST','1','Sesudah Makan','TEST',0.00,2000.00,'2011-07-25 00:59:25','Hardi','0000-00-00 00:00:00','','25/07/2011','',''),
 (39,'RCK/2407110001',1,'IGD/2407110001','RACIKAN IGD 1','1','Sesudah Makan','TEST',27300.00,2000.00,'2011-07-24 22:21:30','UIGD','0000-00-00 00:00:00','','24/07/2011','','');
COMMIT;
/*!40000 ALTER TABLE `racik_head` ENABLE KEYS */;


--
-- Definition of table `radio_kunjungan`
--

DROP TABLE IF EXISTS `radio_kunjungan`;
CREATE TABLE `radio_kunjungan` (
  `id` bigint(20) NOT NULL auto_increment,
  `pasien_id` int(8) unsigned zerofill NOT NULL,
  `kunjungan_kamar_id` bigint(20) default NULL COMMENT 'diisi jika pasien berasal dari IGD, RAJAL r RANAP',
  `kelas` enum('I','II','III','VIP','TANPA KELAS') default NULL,
  `tgl_daftar` datetime default NULL,
  `tgl_periksa` datetime default NULL,
  `pengirim` varchar(255) default NULL,
  `cara_masuk` enum('IGD','RAWAT JALAN','RAWAT INAP','PASIEN LUAR') NOT NULL,
  `cara_bayar` enum('UMUM','JAMSOSTEK','DANA REKSA DESA','KONTRAK','LAIN-LAIN','ASKES') NOT NULL,
  `jenis_askes` enum('Askes Alba','Askes Blue','Askes Diamond','Askes Gold','Askes Platinum','Askes Silver','Askes Kin','Askes Sosial') default NULL,
  `perusahaan_id` tinyint(3) default NULL,
  `nomor` varchar(255) default NULL,
  `pj_nama` varchar(255) default NULL,
  `pj_alamat` varchar(255) default NULL,
  `pj_telp` varchar(255) default NULL,
  `pj_hubungan_keluarga` enum('AYAH','IBU','SUAMI','ISTRI','SAUDARA','PAMAN','BIBI','LAIN-LAIN') default NULL,
  `catatan_masuk` text,
  `catatan_keluar` text,
  PRIMARY KEY  (`id`),
  KEY `kunjungan_id` (`kunjungan_kamar_id`),
  KEY `kunjungan_kamar_ibfk_5` (`cara_bayar`),
  KEY `dokter_id` (`pengirim`),
  KEY `perusahaan_id` (`perusahaan_id`),
  KEY `pasien_id` (`pasien_id`)
) ENGINE=MyISAM AUTO_INCREMENT=8 DEFAULT CHARSET=latin1;

--
-- Dumping data for table `radio_kunjungan`
--

/*!40000 ALTER TABLE `radio_kunjungan` DISABLE KEYS */;
SET AUTOCOMMIT=0;
INSERT INTO `radio_kunjungan` (`id`,`pasien_id`,`kunjungan_kamar_id`,`kelas`,`tgl_daftar`,`tgl_periksa`,`pengirim`,`cara_masuk`,`cara_bayar`,`jenis_askes`,`perusahaan_id`,`nomor`,`pj_nama`,`pj_alamat`,`pj_telp`,`pj_hubungan_keluarga`,`catatan_masuk`,`catatan_keluar`) VALUES 
 (1,00151129,4,'II','2011-02-26 23:50:36','2011-02-26 23:50:36','Adi Anggoro, dr','IGD','UMUM',NULL,NULL,NULL,'Harjanto','JL. GATOT SOEBROTO','','AYAH',NULL,NULL),
 (2,00151129,4,'II','2011-02-26 23:50:36','2011-02-26 23:50:36','Adi Anggoro, dr','IGD','UMUM',NULL,NULL,NULL,'Harjanto','JL. GATOT SOEBROTO','','AYAH',NULL,NULL),
 (3,00151132,13,'III','2011-05-14 13:25:18','2011-05-14 13:25:18','Sasmito N, dr., Sp. A','RAWAT JALAN','ASKES','Askes Blue',11,NULL,'Budi','BUMI PANYILEUKAN E9 NO 5','','PAMAN',NULL,NULL),
 (4,00151132,13,'III','2011-05-14 13:26:47','2011-05-14 13:26:47','Sasmito N, dr., Sp. A','RAWAT JALAN','ASKES','Askes Blue',11,NULL,'Budi','BUMI PANYILEUKAN E9 NO 5','','PAMAN',NULL,NULL),
 (5,00151134,NULL,NULL,NULL,NULL,NULL,'IGD','',NULL,NULL,NULL,NULL,NULL,NULL,NULL,NULL,NULL),
 (6,00151135,NULL,NULL,NULL,NULL,NULL,'RAWAT JALAN','',NULL,NULL,NULL,NULL,NULL,NULL,NULL,NULL,NULL),
 (7,00000000,NULL,NULL,NULL,NULL,NULL,'RAWAT JALAN','',NULL,NULL,NULL,NULL,NULL,NULL,NULL,NULL,NULL);
COMMIT;
/*!40000 ALTER TABLE `radio_kunjungan` ENABLE KEYS */;


--
-- Definition of table `ref_desa`
--

DROP TABLE IF EXISTS `ref_desa`;
CREATE TABLE `ref_desa` (
  `id` int(11) NOT NULL auto_increment,
  `kecamatan_id` int(11) NOT NULL default '0',
  `nama` varchar(50) NOT NULL,
  PRIMARY KEY  (`id`),
  KEY `kecamatan_id` (`kecamatan_id`)
) ENGINE=MyISAM AUTO_INCREMENT=7340 DEFAULT CHARSET=latin1;

--
-- Dumping data for table `ref_desa`
--

/*!40000 ALTER TABLE `ref_desa` DISABLE KEYS */;
SET AUTOCOMMIT=0;
INSERT INTO `ref_desa` (`id`,`kecamatan_id`,`nama`) VALUES 
 (1,1,'MULYODADI'),
 (2,1,'SIDOMULYO'),
 (3,1,'SUMBERMULYO'),
 (4,2,'BANGUNTAPAN'),
 (5,2,'BATURETNO'),
 (6,2,'JAGALAN'),
 (7,2,'JAMBIDAN'),
 (8,2,'POTORONO'),
 (9,2,'SINGOSAREN'),
 (10,2,'TAMANAN'),
 (11,2,'WIROKERTEN'),
 (12,3,'BANTUL'),
 (13,3,'PALBAPANG'),
 (14,3,'RINGINHARJO'),
 (15,3,'SABDODADI'),
 (16,3,'TRIRENGGO'),
 (17,4,'DLINGO'),
 (18,4,'JATIMULYO'),
 (19,4,'MANGUNAN'),
 (20,4,'MUNTUK'),
 (21,4,'TEMUWUH'),
 (22,4,'TERONG'),
 (23,5,'GIRIREJO'),
 (24,5,'IMOGIRI'),
 (25,5,'KARANGTALUN'),
 (26,5,'KARANGTENGAH'),
 (27,5,'KEBONAGUNG'),
 (28,5,'SELOPAMIORO'),
 (29,5,'SRIHARJO'),
 (30,5,'WUKIRSARI'),
 (31,6,'CANDEN'),
 (32,6,'PATALAN'),
 (33,6,'SUMBERAGUNG'),
 (34,6,'TRIMULYO'),
 (35,7,'BANGUNJIWO'),
 (36,7,'NGESTIHARJO'),
 (37,7,'TAMANTIRTO'),
 (38,7,'TIRTONIRMOLO'),
 (39,8,'DONOTIRTO'),
 (40,8,'PARANGTRITIS'),
 (41,8,'TIRTOHARGO'),
 (42,8,'TIRTOMULYO'),
 (43,8,'TIRTOSARI'),
 (44,9,'GUWOSARI'),
 (45,9,'SENDANGSARI'),
 (46,9,'TRIWIDADI'),
 (47,10,'CATURHARJO'),
 (48,10,'GILANGHARJO'),
 (49,10,'TRIHARJO'),
 (50,10,'WIJIREJO'),
 (51,11,'SITIMULYO'),
 (52,11,'SRIMARTANI'),
 (53,11,'SRIMULYO'),
 (54,12,'BAWURAN'),
 (55,12,'PLERET'),
 (56,12,'SEGOROYOSO'),
 (57,12,'WONOKROMO'),
 (58,12,'WONOLELO'),
 (59,13,'PANJANGREJO'),
 (60,13,'SELOHARJO'),
 (61,13,'SRIHARDONO'),
 (62,14,'GADINGHARJO'),
 (63,14,'GADINGSARI'),
 (64,14,'MURTIGADING'),
 (65,14,'SRIGADING'),
 (66,15,'ARGODADI'),
 (67,15,'ARGOMULYO'),
 (68,15,'ARGOREJO'),
 (69,15,'ARGOSARI'),
 (70,16,'BANGUNHARJO'),
 (71,16,'PANGGUNGHARJO'),
 (72,16,'PENDOWOHARJO'),
 (73,16,'TIMBULHARJO'),
 (74,17,'PONCOSARI'),
 (75,17,'TRIMURTI'),
 (76,18,'JOGOTIRTO'),
 (77,18,'KALITIRTO'),
 (78,18,'SENDANGTIRTO'),
 (79,18,'TEGALTIRTO'),
 (80,19,'ARGOMULYO'),
 (81,19,'GLAGAHHARJO'),
 (82,19,'KEPUHHARJO'),
 (83,19,'UMBULHARJO'),
 (84,19,'WUKIRSARI'),
 (85,20,'CATURTUNGGAL'),
 (86,20,'CONDONGCATUR'),
 (87,20,'MAGUWOHARJO'),
 (88,21,'AMBARKETAWANG'),
 (89,21,'BALECATUR'),
 (90,21,'BANYURADEN'),
 (91,21,'NOGOTIRTO'),
 (92,21,'TRIHANGGO'),
 (93,22,'SIDOAGUNG'),
 (94,22,'SIDOARUM'),
 (95,22,'SIDOKARTO'),
 (96,22,'SIDOLUHUR'),
 (97,22,'SIDOMOYO'),
 (98,22,'SIDOMULYO'),
 (99,22,'SIDOREJO'),
 (100,23,'PURWOMARTANI'),
 (101,23,'SELOMARTANI'),
 (102,23,'TAMANMARTANI'),
 (103,23,'TIRTOMARTANI'),
 (104,24,'SENDANGAGUNG'),
 (105,24,'SENDANGARUM'),
 (106,24,'SENDANGMULYO'),
 (107,24,'SENDANGREJO'),
 (108,24,'SENDANGSARI'),
 (109,25,'SENDANGDADI'),
 (110,25,'SINDUADI'),
 (111,25,'SUMBERADI'),
 (112,25,'TIRTOADI'),
 (113,25,'TLOGOADI'),
 (114,26,'SUMBERAGUNG'),
 (115,26,'SUMBERARUM'),
 (116,26,'SUMBERRAHAYU'),
 (117,26,'SUMBERSARI'),
 (118,27,'DONOHARJO'),
 (119,27,'MINOMARTANI'),
 (120,27,'SARDONOHARJO'),
 (121,27,'SARIHARJO'),
 (122,27,'SINDUHARJO'),
 (123,27,'SUKOHARJO'),
 (124,28,'BIMOMARTANI'),
 (125,28,'SINDUMARTANI'),
 (126,28,'UMBULMARTANI'),
 (127,28,'WEDOMARTANI'),
 (128,28,'WIDODOMARTANI'),
 (129,29,'CANDIBINANGUN'),
 (130,29,'HARGOBINANGUN'),
 (131,29,'HARJOBINANGUN'),
 (132,29,'PAKEMBINANGUN'),
 (133,29,'PURWOBINANGUN'),
 (134,30,'BOKOHARJO'),
 (135,30,'GAYAMHARJO'),
 (136,30,'MADUREJO'),
 (137,30,'SAMBIREJO'),
 (138,30,'SUMBERHARJO'),
 (139,30,'WUKIRHARJO'),
 (140,31,'MARGOAGUNG'),
 (141,31,'MARGODADI'),
 (142,31,'MARGOKATON'),
 (143,31,'MARGOLUWIH'),
 (144,31,'MARGOMULYO'),
 (145,32,'CATURHARJO'),
 (146,32,'PENDOWOHARJO'),
 (147,32,'TRIDADI'),
 (148,32,'TRIHARJO'),
 (149,32,'TRIMULYO'),
 (150,33,'BANYUREJO'),
 (151,33,'LUMBUNGREJO'),
 (152,33,'MARGOREJO'),
 (153,33,'MERDIKOREJO'),
 (154,33,'MOROREJO'),
 (155,33,'PONDOKREJO'),
 (156,33,'SUMBERREJO'),
 (157,33,'TAMBAKREJO'),
 (158,34,'BANGUNKERTO'),
 (159,34,'DONOKERTO'),
 (160,34,'GIRIKERTO'),
 (161,34,'WONOKERTO'),
 (162,35,'BAUSASRAN'),
 (163,35,'SURYATMAJAN'),
 (164,35,'TEGALPANGGUNG'),
 (165,36,'PRINGGOKUSUMAN'),
 (166,36,'SOSROMENDURAN'),
 (167,37,'BACIRO'),
 (168,37,'DEMANGAN'),
 (169,37,'KLITREN'),
 (170,37,'KOTABARU'),
 (171,37,'TERBAN'),
 (172,38,'NGUPASAN'),
 (173,38,'PRAWIRODIRJAN'),
 (174,39,'BUMIJO'),
 (175,39,'COKRODININGRATAN'),
 (176,39,'GOWONGAN'),
 (177,40,'PRENGGAN'),
 (178,40,'PURBAYAN'),
 (179,40,'REJOWINANGUN'),
 (180,41,'KADIPATEN'),
 (181,41,'PANEMBAHAN'),
 (182,41,'PATIHAN'),
 (183,42,'GEDONGKIWO'),
 (184,42,'MANTRIJERON'),
 (185,42,'SURYODININGRATAN'),
 (186,43,'BRONTOKUSUMAN'),
 (187,43,'KEPARAKAN'),
 (188,43,'WIROGUNAN'),
 (189,44,'NGAMPILAN'),
 (190,44,'NOTOPRAJAN'),
 (191,45,'GUNUNGKETUR'),
 (192,45,'PURWOKINANTI'),
 (193,46,'BENER'),
 (194,46,'KARANGWARU'),
 (195,46,'KRICAK'),
 (196,46,'TEGALREJO'),
 (197,47,'GIWANGAN'),
 (198,47,'MUJAMUJU'),
 (199,47,'PANDEYAN'),
 (200,47,'SEMAKI'),
 (201,47,'SOROSUTAN'),
 (202,47,'TAHUNAN'),
 (203,47,'WARUNGBOTO'),
 (204,48,'PAKUNCEN'),
 (205,48,'PATANGPULUHAN'),
 (206,48,'WIROBRAJAN'),
 (207,49,'BANARAN'),
 (208,49,'BROSOT'),
 (209,49,'KARANGSEWU'),
 (210,49,'KRANGGAN'),
 (211,49,'NOMPOREJO'),
 (212,49,'PANDOWAN'),
 (213,49,'TIRTORAHAYU'),
 (214,50,'GIRIPURWO'),
 (215,50,'JATIMULYO'),
 (216,50,'PENDOWOREJO'),
 (217,50,'PURWOSARI'),
 (218,51,'BANJARARUM'),
 (219,51,'BANJARASRI'),
 (220,51,'BANJARHARJO'),
 (221,51,'BANJAROYO'),
 (222,52,'HARGOMULYO'),
 (223,52,'HARGOREJO'),
 (224,52,'HARGOTIRTO'),
 (225,52,'HARGOWILIS'),
 (226,52,'KALIREJO'),
 (227,53,'BUMIREJO'),
 (228,53,'GULUREJO'),
 (229,53,'JATIREJO'),
 (230,53,'NGENTAKREJO'),
 (231,53,'SIDOREJO'),
 (232,53,'WAHYUHARJO'),
 (233,54,'BANYUROTO'),
 (234,54,'DONOMULYO'),
 (235,54,'JATISARONO'),
 (236,54,'KEMBANG'),
 (237,54,'TANJUNGHARJO'),
 (238,54,'WIJIMULYO'),
 (239,55,'BOJONG'),
 (240,55,'BUGEL'),
 (241,55,'CERME'),
 (242,55,'DEPOK'),
 (243,55,'GARONGAN'),
 (244,55,'GOTAKAN'),
 (245,55,'KANOMAN'),
 (246,55,'KREMBANGAN'),
 (247,55,'PANJATAN'),
 (248,55,'PLERET'),
 (249,55,'TAYUBAN'),
 (250,56,'KARANGSARI'),
 (251,56,'KEDUNGSARI'),
 (252,56,'MARGOSARI'),
 (253,56,'PENGASIH'),
 (254,56,'SENDANGSARI'),
 (255,56,'SIDOMULYO'),
 (256,56,'TAWANGSARI'),
 (257,57,'BANJARSARI'),
 (258,57,'GERBOSARI'),
 (259,57,'KEBONHARJO'),
 (260,57,'NGARGOSARI'),
 (261,57,'PAGERHARJO'),
 (262,57,'PURWOHARJO'),
 (263,57,'SIDOHARJO'),
 (264,58,'BANGUNCIPTO'),
 (265,58,'DEMANGREJO'),
 (266,58,'KALIAGUNG'),
 (267,58,'SALAMREJO'),
 (268,58,'SENTOLO'),
 (269,58,'SRIKAYANGAN'),
 (270,58,'SUKORENO'),
 (271,58,'TUKSONO'),
 (272,59,'DEMEN'),
 (273,59,'GLAGAH'),
 (274,59,'JANGKARAN'),
 (275,59,'JANTEN'),
 (276,59,'KALIDENGEN'),
 (277,59,'KALIGINTUNG'),
 (278,59,'KARANGWULUH'),
 (279,59,'KEBONREJO'),
 (280,59,'KEDUNDANG'),
 (281,59,'KULUR'),
 (282,59,'PALIHAN'),
 (283,59,'PLUMBON'),
 (284,59,'SINDUTAN'),
 (285,59,'TEMONKULON'),
 (286,59,'TEMONWETAN'),
 (287,60,'BENDUNGAN'),
 (288,60,'GIRIPENI'),
 (289,60,'KARANGWUNI'),
 (290,60,'KULWARU'),
 (291,60,'NGESTIHARJO'),
 (292,60,'SOGAN'),
 (293,60,'TRIHARJO'),
 (294,60,'WATES'),
 (295,61,'HARGOMULYO'),
 (296,61,'MERTELU'),
 (297,61,'NGALANG'),
 (298,61,'SAMPANG'),
 (299,61,'SERUT'),
 (300,61,'TEGALREJO'),
 (301,61,'WATUGAJAH'),
 (302,62,'BEJIHARJO'),
 (303,62,'BENDUNGAN'),
 (304,62,'GEDANGREJO'),
 (305,62,'JATIAYU'),
 (306,62,'KARANGMOJO'),
 (307,62,'KELOR'),
 (308,62,'NGAWIS'),
 (309,62,'NGIPAK'),
 (310,62,'WILADEG'),
 (311,63,'BEJI'),
 (312,63,'JURANGREJO'),
 (313,63,'KAMPUNG'),
 (314,63,'SAMBIREJO'),
 (315,63,'TANCEP'),
 (316,63,'WATUSIGAR'),
 (317,64,'KATONGAN'),
 (318,64,'KEDUNGKERIS'),
 (319,64,'KEDUNGPOH'),
 (320,64,'NATAH'),
 (321,64,'NGLIPAR'),
 (322,64,'PENGKOL'),
 (323,64,'PILANGREJO'),
 (324,65,'GIRING'),
 (325,65,'GROGOL'),
 (326,65,'KARANGASEM'),
 (327,65,'KARANGDUWET'),
 (328,65,'MULUSAN'),
 (329,65,'PAMPANG'),
 (330,65,'SODO'),
 (331,66,'GIRIASIH'),
 (332,66,'GIRICAHYO'),
 (333,66,'GIRIHARJO'),
 (334,66,'GIRIJATI'),
 (335,66,'GIRIKARTO'),
 (336,66,'GIRIMULYO'),
 (337,66,'GIRIPURWO'),
 (338,66,'GIRISEKAR'),
 (339,66,'GIRISUKO'),
 (340,66,'GIRITIRTO'),
 (341,66,'GIRIWUNGU'),
 (342,67,'BEJI'),
 (343,67,'BUNDER'),
 (344,67,'NGLANGGERAN'),
 (345,67,'NGLEGI'),
 (346,67,'NGOROORO'),
 (347,67,'PATUK'),
 (348,67,'PENGKOK'),
 (349,67,'PUTAT'),
 (350,67,'SALAM'),
 (351,67,'SEMOYO'),
 (352,67,'TERBAH'),
 (353,68,'BANARAN'),
 (354,68,'BANDUNG'),
 (355,68,'BANYUSOCO'),
 (356,68,'BLEBERAN'),
 (357,68,'DENGOK'),
 (358,68,'GADING'),
 (359,68,'GETAS'),
 (360,68,'LOGANDENG'),
 (361,68,'NGAWU'),
 (362,68,'NGLERI'),
 (363,68,'NGUNUT'),
 (364,68,'PLAYEN'),
 (365,68,'PLEMBUTAN'),
 (366,69,'BEDOYO'),
 (367,69,'GENJAHAN'),
 (368,69,'GOMBANG'),
 (369,69,'KARANGASEM'),
 (370,69,'KENTENG'),
 (371,69,'PONJONG'),
 (372,69,'SAWAHAN'),
 (373,69,'SIDOREJO'),
 (374,69,'SUMBERGIRI'),
 (375,69,'TAMBAKKROMO'),
 (376,69,'UMBULREJO'),
 (377,70,'BALONG'),
 (378,70,'BOHOL'),
 (379,70,'BOTODAYAAN'),
 (380,70,'JEPITU'),
 (381,70,'JERUKWUDEL'),
 (382,70,'KARANGAWEN'),
 (383,70,'KARANGWUNI'),
 (384,70,'MELIKAN'),
 (385,70,'NGLINDUR'),
 (386,70,'PETIR'),
 (387,70,'PRINGOMBO'),
 (388,70,'PUCANGANOM'),
 (389,70,'PUCUNG'),
 (390,70,'SEMUGIH'),
 (391,70,'SONGBANYU'),
 (392,70,'TILENG'),
 (393,71,'JETIS'),
 (394,71,'KANIGORO'),
 (395,71,'KEPEK'),
 (396,71,'KRAMBILSAWIT'),
 (397,71,'MONGOL'),
 (398,71,'NGLORO'),
 (399,71,'PLANJAN'),
 (400,72,'CANDIREJO'),
 (401,72,'DADAPAYU'),
 (402,72,'NGEPOSARI'),
 (403,72,'PACAREJO'),
 (404,72,'SEMANU'),
 (405,73,'BENDUNG'),
 (406,73,'BULUREJO'),
 (407,73,'CANDIREJO'),
 (408,73,'KALITEKUK'),
 (409,73,'KARANGSARI'),
 (410,73,'KEMEJING'),
 (411,73,'PUNDUNGSARI'),
 (412,73,'REJOSARI'),
 (413,73,'SEMIN'),
 (414,73,'SUMBERREJO'),
 (415,74,'BANJAREJO'),
 (416,74,'GIRIPANGGUNG'),
 (417,74,'HARGOSARI'),
 (418,74,'KEMADANG'),
 (419,74,'KEMIRI'),
 (420,74,'NGESTIHARJO'),
 (421,74,'PURWODADI'),
 (422,74,'SIDOHARJO'),
 (423,74,'SUMBERWUNGU'),
 (424,74,'TEPUS'),
 (425,75,'BALEHARJO'),
 (426,75,'DUWET'),
 (427,75,'GARI'),
 (428,75,'KARANGREJEK'),
 (429,75,'KARANGTENGAH'),
 (430,75,'KEPEK'),
 (431,75,'MULO'),
 (432,75,'PIYAMAN'),
 (433,75,'PULUTAN'),
 (434,75,'SELANG'),
 (435,75,'SIRAMAN'),
 (436,75,'WARENG'),
 (437,75,'WONOSARI'),
 (438,75,'WUNUNG'),
 (439,32,'ADIMARTANI'),
 (443,19,'UUU'),
 (445,80,'LUAR NEGERI'),
 (446,81,'JOMBANG'),
 (447,18,'XXX'),
 (448,20,'CIPAYUNG'),
 (449,20,'DEPOK'),
 (450,20,'KEMANG'),
 (451,20,'LIMO/DEPOK'),
 (452,20,'PANCORAN MAS'),
 (453,20,'TUGU'),
 (454,32,'TRIHARJO'),
 (455,82,'SANGGARAN AGUNG'),
 (456,83,'BOJONG'),
 (457,83,'BOJONG/BOJONG'),
 (458,83,'GIJAKAN'),
 (459,84,'BAYAH'),
 (460,84,'BAYAH BARAT'),
 (461,84,'BAYAH/BAYAH'),
 (462,84,'BAYANG'),
 (463,84,'CIBALENGGO'),
 (464,84,'CIBALENOK/BAYAH'),
 (465,84,'CIBARENO'),
 (466,84,'CIBARENO /BAYAH'),
 (467,84,'CIBARENO/BAYAH'),
 (468,84,'CIJENGKOL'),
 (469,84,'CIKAMUNDING/BAYAH'),
 (470,84,'CIKATOMAS'),
 (471,84,'CIKATOMAS /BAYAH'),
 (472,84,'CILOGERANG/BOYOH'),
 (473,84,'CILOGRAN/BAYAH'),
 (474,84,'CILOGRANG'),
 (475,84,'CILOGRANG/BAYAH'),
 (476,84,'CILOGRANG/CILOGRANG'),
 (477,84,'CILONGRANG'),
 (478,84,'CIROGRANG/BAYAH'),
 (479,84,'CISUNGSANG'),
 (480,84,'GIRI MUKTI'),
 (481,84,'GUNUNGBATU/BAYAH'),
 (482,84,'PASIR BUNGUR'),
 (483,84,'PASIR BUNGUR/BAYAH'),
 (484,84,'PASIR GOMBONG/BAYAH'),
 (485,84,'PASIRBUNGUR/BAYAH'),
 (486,84,'SAWARNA'),
 (487,84,'SAWARNA/BAYAH'),
 (488,84,'SUKAMULYA SUKATANI'),
 (489,84,'SUWAKAN'),
 (490,85,'CIBARENO'),
 (491,85,'CIKATOMAS'),
 (492,85,'CILOGRANG'),
 (493,85,'CROGRANG'),
 (494,85,'PASIR BUNGUR'),
 (495,86,'BAYAH'),
 (496,86,'BAYAH BARAT'),
 (497,86,'BAYAH/BAYAH'),
 (498,86,'BAYANG'),
 (499,86,'CIBALENGGO'),
 (500,86,'CIBALENOK/BAYAH'),
 (501,86,'CIBARENO'),
 (502,86,'CIBARENO /BAYAH'),
 (503,86,'CIBARENO/BAYAH'),
 (504,86,'CIJENGKOL'),
 (505,86,'CIKAMUNDING/BAYAH'),
 (506,86,'CIKATOMAS'),
 (507,86,'CIKATOMAS /BAYAH'),
 (508,86,'CILOGERANG/BOYOH'),
 (509,86,'CILOGRAN/BAYAH'),
 (510,86,'CILOGRANG'),
 (511,86,'CILOGRANG/BAYAH'),
 (512,86,'CILOGRANG/CILOGRANG'),
 (513,86,'CILONGRANG'),
 (514,86,'CIROGRANG/BAYAH'),
 (515,86,'CISUNGSANG'),
 (516,86,'GIRI MUKTI'),
 (517,86,'GUNUNGBATU/BAYAH'),
 (518,86,'PASIR BUNGUR'),
 (519,86,'PASIR BUNGUR/BAYAH'),
 (520,86,'PASIR GOMBONG/BAYAH'),
 (521,86,'PASIRBUNGUR/BAYAH'),
 (522,86,'SAWARNA'),
 (523,86,'SAWARNA/BAYAH'),
 (524,86,'SUKAMULYA SUKATANI'),
 (525,86,'SUWAKAN'),
 (526,87,'CIBARENO'),
 (527,87,'CIKATOMAS'),
 (528,87,'CILOGRANG'),
 (529,87,'CROGRANG'),
 (530,87,'PASIR BUNGUR'),
 (531,88,'CIPANAS/CIPANAS'),
 (532,88,'LUHUR JAYA'),
 (533,89,'CIKATOMAS/LEBAK'),
 (534,89,'CISUNGSANG/LEBAK'),
 (535,90,'CIBADAK/RANGKAS BITUNG'),
 (536,90,'CIMANGGEUNTENG'),
 (537,90,'CIMANGGEUNTEUNG'),
 (538,90,'GN BATU'),
 (539,90,'RANGKASBITUNG'),
 (540,91,'PADA ASIH'),
 (541,92,'CILANDAK'),
 (542,93,'CILANDAKBARAT/CILANDAK'),
 (543,94,'CIPUTAT'),
 (544,94,'PISANGAN'),
 (545,94,'REMPOA/CIPUTAT'),
 (546,95,'BATUAMPAR'),
 (547,95,'CIJANTUNG'),
 (548,95,'CILANDAK'),
 (549,95,'CIPOCOK JAYA'),
 (550,95,'CIRACAS'),
 (551,95,'DUREN SAWIT'),
 (552,95,'GROGOL'),
 (553,95,'JAKARAT'),
 (554,95,'JAKARATA'),
 (555,95,'JAKARTA'),
 (556,95,'JAKARTA BARAT'),
 (557,95,'JAKARTA PUSAT'),
 (558,95,'JAKARTA SELATAN'),
 (559,95,'JAKARTA TIMUR/JAKARTA'),
 (560,95,'JAKARTA UTARA'),
 (561,95,'JATI NEGARA'),
 (562,95,'JOHAR BARU'),
 (563,95,'LAGUA'),
 (564,95,'PAMULANG'),
 (565,95,'PONDOK AREN/'),
 (566,95,'SEMPER BARAT'),
 (567,95,'TANAH ABANG'),
 (568,95,'TEBET'),
 (569,96,'JAKARTA'),
 (570,96,'JAKARTA SELATAN'),
 (571,96,'JAKARTA/JAKARTA SELATAN'),
 (572,96,'MAMPANG'),
 (573,97,'KALIBATA/PANCORAN'),
 (574,98,'PULO'),
 (575,98,'PULO KEBAYORAN BARU'),
 (576,99,'CIPETE UTARA'),
 (577,100,'PEJATEN BARAT/JAKARTA'),
 (578,101,'MANGGARAI/TEBET'),
 (579,101,'TEBET'),
 (580,102,'CAKUNG BARAT'),
 (581,102,'CAKUNG/CAKUNG'),
 (582,102,'CICURUG'),
 (583,102,'JATI NEGARA'),
 (584,102,'PULO GERANG/CAKUNG'),
 (585,103,'CIPINANG JAKARTA'),
 (586,104,'CIRACAS/JAKARTA TIMUR'),
 (587,104,'PURWA SEGAR'),
 (588,105,'DURENSAWIT /DURENSAWIT JAK-TIM'),
 (589,105,'PONDOK KOPI/DUREN SAWIT'),
 (590,106,'BATUAMPAR'),
 (591,106,'CIJANTUNG'),
 (592,106,'CILANDAK'),
 (593,106,'CIPOCOK JAYA'),
 (594,106,'CIRACAS'),
 (595,106,'DUREN SAWIT'),
 (596,106,'GROGOL'),
 (597,106,'JAKARAT'),
 (598,106,'JAKARATA'),
 (599,106,'JAKARTA'),
 (600,106,'JAKARTA BARAT'),
 (601,106,'JAKARTA PUSAT'),
 (602,106,'JAKARTA SELATAN'),
 (603,106,'JAKARTA TIMUR/JAKARTA'),
 (604,106,'JAKARTA UTARA'),
 (605,106,'JATI NEGARA'),
 (606,106,'JOHAR BARU'),
 (607,106,'LAGUA'),
 (608,106,'PAMULANG'),
 (609,106,'PONDOK AREN/'),
 (610,106,'SEMPER BARAT'),
 (611,106,'TANAH ABANG'),
 (612,106,'TEBET'),
 (613,107,'KAYU MANIS/JAKARTA TIMUR'),
 (614,108,'JAKARTA TIMUR/JAKARTA'),
 (615,108,'JATI NEGARA'),
 (616,108,'JL PEMUDA 103'),
 (617,108,'KAYU MANIS/JAKARTA TIMUR'),
 (618,108,'PONDOK KELAPA'),
 (619,109,'BALI MESTER'),
 (620,109,'CIPINANG MUARA'),
 (621,110,'LKELENDER'),
 (622,111,'CILILITAN'),
 (623,112,'PONDOK KACANG'),
 (624,113,'PONDOK LABU /CILANDAK JAKTIM'),
 (625,114,'JATI NEGARA'),
 (626,114,'KAYU PUTIH'),
 (627,114,'PISANGAN LAMA'),
 (628,114,'PULO GADUNG/JAKTIM'),
 (629,115,'BATUAMPAR'),
 (630,115,'CIJANTUNG'),
 (631,115,'CILANDAK'),
 (632,115,'CIPOCOK JAYA'),
 (633,115,'CIRACAS'),
 (634,115,'DUREN SAWIT'),
 (635,115,'GROGOL'),
 (636,115,'JAKARAT'),
 (637,115,'JAKARATA'),
 (638,115,'JAKARTA'),
 (639,115,'JAKARTA BARAT'),
 (640,115,'JAKARTA PUSAT'),
 (641,115,'JAKARTA SELATAN'),
 (642,115,'JAKARTA TIMUR/JAKARTA'),
 (643,115,'JAKARTA UTARA'),
 (644,115,'JATI NEGARA'),
 (645,115,'JOHAR BARU'),
 (646,115,'LAGUA'),
 (647,115,'PAMULANG'),
 (648,115,'PONDOK AREN/'),
 (649,115,'SEMPER BARAT'),
 (650,115,'TANAH ABANG'),
 (651,115,'TEBET'),
 (652,116,'JAKARTA PUSAT'),
 (653,116,'JAKARTA PUSAT/JAKARTA PUSAT'),
 (654,116,'JAKPUS'),
 (655,116,'KEBAYORAN'),
 (656,116,'KEBON KACANG'),
 (657,117,'SAWAH BESAR/JAKARTA'),
 (658,118,'KWITANG'),
 (659,119,'KEBON MELATI'),
 (660,120,'TANAH TINGGI'),
 (661,121,'CENGKARENG'),
 (662,121,'KAPUK'),
 (663,121,'KAPUK/CENGKARENG'),
 (664,122,'BATUAMPAR'),
 (665,122,'CIJANTUNG'),
 (666,122,'CILANDAK'),
 (667,122,'CIPOCOK JAYA'),
 (668,122,'CIRACAS'),
 (669,122,'DUREN SAWIT'),
 (670,122,'GROGOL'),
 (671,122,'JAKARAT'),
 (672,122,'JAKARATA'),
 (673,122,'JAKARTA'),
 (674,122,'JAKARTA BARAT'),
 (675,122,'JAKARTA PUSAT'),
 (676,122,'JAKARTA SELATAN'),
 (677,122,'JAKARTA TIMUR/JAKARTA'),
 (678,122,'JAKARTA UTARA'),
 (679,122,'JATI NEGARA'),
 (680,122,'JOHAR BARU'),
 (681,122,'LAGUA'),
 (682,122,'PAMULANG'),
 (683,122,'PONDOK AREN/'),
 (684,122,'SEMPER BARAT'),
 (685,122,'TANAH ABANG'),
 (686,122,'TEBET'),
 (687,123,'CENGKARENG'),
 (688,123,'JOGLO'),
 (689,123,'KALIDERES/JAKARTA BARAT'),
 (690,123,'RAWABUAYA'),
 (691,123,'TAMBORA'),
 (692,124,'KALIDERES/JAKARTA BARAT'),
 (693,125,'GROGOL'),
 (694,125,'GROGOL PETAMBURAN/JAKARTA BRT'),
 (695,126,'SUKAPURA/CILINCING JAKARTA'),
 (696,127,'GROGOL UTARA /KABAYORANLAMA'),
 (697,128,'BATUAMPAR'),
 (698,128,'CIJANTUNG'),
 (699,128,'CILANDAK'),
 (700,128,'CIPOCOK JAYA'),
 (701,128,'CIRACAS'),
 (702,128,'DUREN SAWIT'),
 (703,128,'GROGOL'),
 (704,128,'JAKARAT'),
 (705,128,'JAKARATA'),
 (706,128,'JAKARTA'),
 (707,128,'JAKARTA BARAT'),
 (708,128,'JAKARTA PUSAT'),
 (709,128,'JAKARTA SELATAN'),
 (710,128,'JAKARTA TIMUR/JAKARTA'),
 (711,128,'JAKARTA UTARA'),
 (712,128,'JATI NEGARA'),
 (713,128,'JOHAR BARU'),
 (714,128,'LAGUA'),
 (715,128,'PAMULANG'),
 (716,128,'PONDOK AREN/'),
 (717,128,'SEMPER BARAT'),
 (718,128,'TANAH ABANG'),
 (719,128,'TEBET'),
 (720,129,'TG PRIOK'),
 (721,129,'TUGU UTARA'),
 (722,130,'JAKARTA'),
 (723,130,'SANGIANG JAYA'),
 (724,130,'TANJUNG PRIOK'),
 (725,130,'TG PRIOK'),
 (726,130,'WARAKAS'),
 (727,131,'BOJONG'),
 (728,131,'BOJONG/BOJONG'),
 (729,131,'GIJAKAN'),
 (730,132,'BAYAH'),
 (731,132,'BAYAH BARAT'),
 (732,132,'BAYAH/BAYAH'),
 (733,132,'BAYANG'),
 (734,132,'CIBALENGGO'),
 (735,132,'CIBALENOK/BAYAH'),
 (736,132,'CIBARENO'),
 (737,132,'CIBARENO /BAYAH'),
 (738,132,'CIBARENO/BAYAH'),
 (739,132,'CIJENGKOL'),
 (740,132,'CIKAMUNDING/BAYAH'),
 (741,132,'CIKATOMAS'),
 (742,132,'CIKATOMAS /BAYAH'),
 (743,132,'CILOGERANG/BOYOH'),
 (744,132,'CILOGRAN/BAYAH'),
 (745,132,'CILOGRANG'),
 (746,132,'CILOGRANG/BAYAH'),
 (747,132,'CILOGRANG/CILOGRANG'),
 (748,132,'CILONGRANG'),
 (749,132,'CIROGRANG/BAYAH'),
 (750,132,'CISUNGSANG'),
 (751,132,'GIRI MUKTI'),
 (752,132,'GUNUNGBATU/BAYAH'),
 (753,132,'PASIR BUNGUR'),
 (754,132,'PASIR BUNGUR/BAYAH'),
 (755,132,'PASIR GOMBONG/BAYAH'),
 (756,132,'PASIRBUNGUR/BAYAH'),
 (757,132,'SAWARNA'),
 (758,132,'SAWARNA/BAYAH'),
 (759,132,'SUKAMULYA SUKATANI'),
 (760,132,'SUWAKAN'),
 (761,133,'CIBARENO'),
 (762,133,'CIKATOMAS'),
 (763,133,'CILOGRANG'),
 (764,133,'CROGRANG'),
 (765,133,'PASIR BUNGUR'),
 (766,134,'BAYAH'),
 (767,134,'BAYAH BARAT'),
 (768,134,'BAYAH/BAYAH'),
 (769,134,'BAYANG'),
 (770,134,'CIBALENGGO'),
 (771,134,'CIBALENOK/BAYAH'),
 (772,134,'CIBARENO'),
 (773,134,'CIBARENO /BAYAH'),
 (774,134,'CIBARENO/BAYAH'),
 (775,134,'CIJENGKOL'),
 (776,134,'CIKAMUNDING/BAYAH'),
 (777,134,'CIKATOMAS'),
 (778,134,'CIKATOMAS /BAYAH'),
 (779,134,'CILOGERANG/BOYOH'),
 (780,134,'CILOGRAN/BAYAH'),
 (781,134,'CILOGRANG'),
 (782,134,'CILOGRANG/BAYAH'),
 (783,134,'CILOGRANG/CILOGRANG'),
 (784,134,'CILONGRANG'),
 (785,134,'CIROGRANG/BAYAH'),
 (786,134,'CISUNGSANG'),
 (787,134,'GIRI MUKTI'),
 (788,134,'GUNUNGBATU/BAYAH'),
 (789,134,'PASIR BUNGUR'),
 (790,134,'PASIR BUNGUR/BAYAH'),
 (791,134,'PASIR GOMBONG/BAYAH'),
 (792,134,'PASIRBUNGUR/BAYAH'),
 (793,134,'SAWARNA'),
 (794,134,'SAWARNA/BAYAH'),
 (795,134,'SUKAMULYA SUKATANI'),
 (796,134,'SUWAKAN'),
 (797,135,'CIBARENO'),
 (798,135,'CIKATOMAS'),
 (799,135,'CILOGRANG'),
 (800,135,'CROGRANG'),
 (801,135,'PASIR BUNGUR'),
 (802,136,'CIPANAS/CIPANAS'),
 (803,136,'LUHUR JAYA'),
 (804,137,'CIKATOMAS/LEBAK'),
 (805,137,'CISUNGSANG/LEBAK'),
 (806,138,'CIBADAK/RANGKAS BITUNG'),
 (807,138,'CIMANGGEUNTENG'),
 (808,138,'CIMANGGEUNTEUNG'),
 (809,138,'GN BATU'),
 (810,138,'RANGKASBITUNG'),
 (811,139,'ARIGIN PONDOK'),
 (812,139,'BAKOM SARI'),
 (813,139,'BATU LAMPA'),
 (814,139,'BOGOE'),
 (815,139,'BOGOR'),
 (816,139,'BOGOR BARAT'),
 (817,139,'BOGOR TENGAH'),
 (818,139,'BOGOR TIMUR/BOGOR'),
 (819,139,'BOGOR/BOGOR'),
 (820,139,'BTR JATI BOGOR'),
 (821,139,'CADAS NGAMPAR'),
 (822,139,'CAINGIN KULON/CIBADAK'),
 (823,139,'CARINGIN'),
 (824,139,'CIAMPEA'),
 (825,139,'CIAWI'),
 (826,139,'CIAWIBOGOR'),
 (827,139,'CIBINONG/CIANJUR'),
 (828,139,'CIBULU'),
 (829,139,'CICANGKAL'),
 (830,139,'CICURUG'),
 (831,139,'CIGOMBONG'),
 (832,139,'CIJERUK'),
 (833,139,'CILENGSING'),
 (834,139,'CIMANDE'),
 (835,139,'CIMANGGIS'),
 (836,139,'CIPAYUNG'),
 (837,139,'CIPELANG'),
 (838,139,'CISARUA'),
 (839,139,'CURUG KALONG'),
 (840,139,'CURUG/BOGOR'),
 (841,139,'DARMAGA'),
 (842,139,'DEPOK'),
 (843,139,'DERMAGA/BOGOR'),
 (844,139,'GUNUNG BATU'),
 (845,139,'JEMBATAN DUA/BOGOR'),
 (846,139,'KATULAMPA'),
 (847,139,'KEBON KALAPA'),
 (848,139,'KEDUNG HALANG'),
 (849,139,'KEMANG'),
 (850,139,'KURIPAN'),
 (851,139,'LAWANG GINTUNG'),
 (852,139,'LIDO'),
 (853,139,'OGOR'),
 (854,139,'PANCAWATI/BOGOR'),
 (855,139,'PARUNGPAJANG'),
 (856,139,'PASIR JAYA'),
 (857,139,'POLOEMPANG'),
 (858,139,'PRAJA 9 NO 3 BOGOR'),
 (859,139,'SEMPLAK'),
 (860,139,'SUUKASARI'),
 (861,139,'TANAH SAREAL'),
 (862,139,'TEGAL LEGA'),
 (863,139,'WAAATES JAYA'),
 (864,139,'WARINGIN'),
 (865,140,'CIMANGGIS'),
 (866,140,'KEDUNG WARINGIN'),
 (867,141,'CARINGIN KULON'),
 (868,141,'01-APR'),
 (869,141,'AGRAK'),
 (870,141,'AINGIN'),
 (871,141,'ARAINGIN'),
 (872,141,'ARINGIN'),
 (873,141,'BABAKAN'),
 (874,141,'BABAKAN LEUNGIS'),
 (875,141,'BATUNUNGGAL'),
 (876,141,'BOBOJONG'),
 (877,141,'BOBOJONG/CARINGIN'),
 (878,141,'BOJONG KONENG'),
 (879,141,'BOJONG/CARINGIN'),
 (880,141,'CAAAARINGI CIJARIAN'),
 (881,141,'CAARINGIN WETAN/CIBADAK'),
 (882,141,'CANTAYAN'),
 (883,141,'CANTAYAN/CANTAYAN'),
 (884,141,'CARAINGIN'),
 (885,141,'CARGIN'),
 (886,141,'CARIGIN'),
 (887,141,'CARIINGIN WETAN'),
 (888,141,'CARIMGIN KULON'),
 (889,141,'CARINGAN/CARINGIN'),
 (890,141,'CARINGI KULON'),
 (891,141,'CARINGI WETAN'),
 (892,141,'CARINGIN'),
 (893,141,'CARINGIN  KULON'),
 (894,141,'CARINGIN / CARINGIN'),
 (895,141,'CARINGIN / CIBADAK'),
 (896,141,'CARINGIN / CIKUKULU'),
 (897,141,'CARINGIN /CARINGIN'),
 (898,141,'CARINGIN /CIKUKULU'),
 (899,141,'CARINGIN BOGOR'),
 (900,141,'CARINGIN CICURUG'),
 (901,141,'CARINGIN CIKUKULU/CARINGIN'),
 (902,141,'CARINGIN HILIIR'),
 (903,141,'CARINGIN HILIR/CARINGIN'),
 (904,141,'CARINGIN KALER'),
 (905,141,'CARINGIN KIDUL'),
 (906,141,'CARINGIN KULON'),
 (907,141,'CARINGIN KULON /CARINGIN'),
 (908,141,'CARINGIN KULON/'),
 (909,141,'CARINGIN KULON/CARINGIN'),
 (910,141,'CARINGIN KULON/CARINGINB'),
 (911,141,'CARINGIN KULON/CIBADAK'),
 (912,141,'CARINGIN KULUN'),
 (913,141,'CARINGIN LEBAK'),
 (914,141,'CARINGIN MASENG'),
 (915,141,'CARINGIN NUNGGAL'),
 (916,141,'CARINGIN NUNGGAL /WALURAN'),
 (917,141,'CARINGIN NUNGGAL/CIRACAP'),
 (918,141,'CARINGIN PANDAK'),
 (919,141,'CARINGIN POJOK'),
 (920,141,'CARINGIN WETAN'),
 (921,141,'CARINGIN WETAN / CIBADAK'),
 (922,141,'CARINGIN WETAN /CARINGIN'),
 (923,141,'CARINGIN WETAN/CARINGIN'),
 (924,141,'CARINGIN WETAN/CIBADAK'),
 (925,141,'CARINGIN/BOGOR'),
 (926,141,'CARINGIN/CANTAYAN'),
 (927,141,'CARINGIN/CARINGIN'),
 (928,141,'CARINGIN/CARINGIN KULON'),
 (929,141,'CARINGIN/CARTINGIN'),
 (930,141,'CARINGIN/CIBADAK'),
 (931,141,'CARINGIN/CICANTAYAN'),
 (932,141,'CARINGIN/CIKUKULU'),
 (933,141,'CARINGIN/CISAAT'),
 (934,141,'CARINGIN/GEGER BITUNG'),
 (935,141,'CARINGIN/GEGERBITUNG'),
 (936,141,'CARINGIN/KADUDAMPIT'),
 (937,141,'CARINGIN/SUKABUMI'),
 (938,141,'CARINGINKULON /CARINGIN'),
 (939,141,'CARINGINKULON/CARINGIN'),
 (940,141,'CARINGINKULON/CIBADAK'),
 (941,141,'CARINGINN WETAN'),
 (942,141,'CARINGINWETAN'),
 (943,141,'CARINGINWETAN/CARINGIN'),
 (944,141,'CARINGINWETAN/CIBADAK'),
 (945,141,'CARINGN'),
 (946,141,'CARINIM'),
 (947,141,'CARININ'),
 (948,141,'CARRINGIN'),
 (949,141,'CATRINGIN'),
 (950,141,'CCARAINGIN'),
 (951,141,'CENGKOL'),
 (952,141,'CIANTAYAN/CICANTAYAN'),
 (953,141,'CIBADAK'),
 (954,141,'CIBADAK /CIBADAK'),
 (955,141,'CIBADAK/CIBADAK'),
 (956,141,'CIBALUNG'),
 (957,141,'CIBAREBEG'),
 (958,141,'CIBAREGBEG'),
 (959,141,'CIBATU'),
 (960,141,'CIBEUREUM'),
 (961,141,'CICANDE/CANTAYAN'),
 (962,141,'CICANTAYAN/CICANTAYAN'),
 (963,141,'CICURUG'),
 (964,141,'CIDERUM'),
 (965,141,'CIDERUM /CARINGIN'),
 (966,141,'CIDERUM/CARINGIN'),
 (967,141,'CIDEUREUM/CARINGIN'),
 (968,141,'CIEGKOL'),
 (969,141,'CIGERUM/CARINGIN'),
 (970,141,'CIGOMBONG/CARINGIN'),
 (971,141,'CIHERANG'),
 (972,141,'CIHERANG PONDOH'),
 (973,141,'CIHERANG PONDOK'),
 (974,141,'CIHERANG PONDOK/CARINGIN'),
 (975,141,'CIHERANG TONGGOH'),
 (976,141,'CIHERANG TONGGOH/CARINGIN'),
 (977,141,'CIHERANGPONDOK/CARINGIN'),
 (978,141,'CIHEULANG PONDOH'),
 (979,141,'CIHEULANG TONGGOH'),
 (980,141,'CIHEURANG PONDOK/CARINGIN'),
 (981,141,'CIJAENGKOL'),
 (982,141,'CIJALINGAN'),
 (983,141,'CIJEMGKOL/CARINGIN'),
 (984,141,'CIJENGGKOL'),
 (985,141,'CIJENGKOL'),
 (986,141,'CIJENGKOL / CARINGIN'),
 (987,141,'CIJENGKOL /CARINGIN'),
 (988,141,'CIJENGKOL/ CARINGIN'),
 (989,141,'CIJENGKOL/CARINGIN'),
 (990,141,'CIJENGKOL/CI1BADAK'),
 (991,141,'CIJENGKOL/CIBADAK'),
 (992,141,'CIJENGKOL/CICANTAYAN'),
 (993,141,'CIJENGKOL/CIJENGKOL'),
 (994,141,'CIJENGKOL/PAREANG'),
 (995,141,'CIJENGOL/CARINGIN'),
 (996,141,'CIJENKOL'),
 (997,141,'CIJERAH/CARINGIN'),
 (998,141,'CIJERUK'),
 (999,141,'CIJIENGKOL /CIBADAK'),
 (1000,141,'CIJNGKOL'),
 (1001,141,'CIKAHURIPAN'),
 (1002,141,'CIKAROYA'),
 (1003,141,'CIKEAMABANG'),
 (1004,141,'CIKEANG'),
 (1005,141,'CIKEMABANG'),
 (1006,141,'CIKEMANG'),
 (1007,141,'CIKEMBAN'),
 (1008,141,'CIKEMBANG'),
 (1009,141,'CIKEMBAR'),
 (1010,141,'CIKERETEG/BOGOR'),
 (1011,141,'CIKERETEUG'),
 (1012,141,'CIKLEMBANG/CIKEMBAR'),
 (1013,141,'CIKUKULI/CIBADAK'),
 (1014,141,'CIKUKULU'),
 (1015,141,'CIKUKULU /CIBADAK'),
 (1016,141,'CIKUKULU/CARINGIN'),
 (1017,141,'CIKUKULU/CIBADAK'),
 (1018,141,'CIKUKULU/CICANTAYAN'),
 (1019,141,'CIMANDE'),
 (1020,141,'CIMANDE / CARINGIN'),
 (1021,141,'CIMANDE /CARINGIN'),
 (1022,141,'CIMANDE GIRANG'),
 (1023,141,'CIMANDE HELER'),
 (1024,141,'CIMANDE HILIE'),
 (1025,141,'CIMANDE HILIR'),
 (1026,141,'CIMANDE HILIR/CARINGIN'),
 (1027,141,'CIMANDE/CARINGIN'),
 (1028,141,'CINAGARA'),
 (1029,141,'CINAGARA/CARINGIN'),
 (1030,141,'CINAGRA'),
 (1031,141,'CINEGARA'),
 (1032,141,'CINYOCOK'),
 (1033,141,'CIPENDEY'),
 (1034,141,'CIPUNTANG'),
 (1035,141,'CIPUNTANG/CARINGIN'),
 (1036,141,'CIPUNTUNG/CARINGIN'),
 (1037,141,'CIRAWEY'),
 (1038,141,'CISALOPA/'),
 (1039,141,'CISALOPA/CARINGIN'),
 (1040,141,'CISANDE'),
 (1041,141,'CISANDE / CIBADAK'),
 (1042,141,'CISANDE / CICANTAYAN'),
 (1043,141,'CISANDE /CIBADA'),
 (1044,141,'CISANDE /CIBADAK'),
 (1045,141,'CISANDE HILIR'),
 (1046,141,'CISANDE/ CICANTAYAN'),
 (1047,141,'CISANDE/CANTAYAN'),
 (1048,141,'CISANDE/CARINGIN'),
 (1049,141,'CISANDE/CIBADAK'),
 (1050,141,'CISANDE/CICANTAYAN'),
 (1051,141,'CISANDE/CICANTAYN'),
 (1052,141,'CISANDE/CISAAT'),
 (1053,141,'CISARUA'),
 (1054,141,'CISAUPAN'),
 (1055,141,'CISEPAN'),
 (1056,141,'CISEPAN/CARINGIN'),
 (1057,141,'CISEPANN'),
 (1058,141,'CISEUPAN'),
 (1059,141,'CISEUPAN / CARINGIN'),
 (1060,141,'CISEUPAN /CARINGGIN'),
 (1061,141,'CISEUPAN /CARINGIN'),
 (1062,141,'CISEUPAN/CARINGIN'),
 (1063,141,'CISEUPAN/CARINGIN LEBAK'),
 (1064,141,'CISEUPAN/SEUSEUPAN'),
 (1065,141,'CISITU'),
 (1066,141,'CISSEUPAN/CARINGIN'),
 (1067,141,'CISUEPAN'),
 (1068,141,'CITAMIANG'),
 (1069,141,'COBLOG'),
 (1070,141,'COBLONG/CARINGIN'),
 (1071,141,'CQRRIMGIM'),
 (1072,141,'CRAINGIN'),
 (1073,141,'CRINGIN'),
 (1074,141,'CUJENGKOL/CARINGIN'),
 (1075,141,'DARMAGA/CARINGIN'),
 (1076,141,'DEPLAT'),
 (1077,141,'DSLEMBAH LUHUR/CARINGIN'),
 (1078,141,'GUNUNGJAYA'),
 (1079,141,'HEGARMANAH'),
 (1080,141,'IJENGKOL'),
 (1081,141,'IKEMBANG/CARINGIN'),
 (1082,141,'ISEAPAN'),
 (1083,141,'JANGAL'),
 (1084,141,'JANGGAL'),
 (1085,141,'JAYANEGARA/CARINGIN'),
 (1086,141,'KADUPUGUR'),
 (1087,141,'KARANG TENGAH'),
 (1088,141,'KONGSI'),
 (1089,141,'KONGSI/CARINGIN'),
 (1090,141,'KP JAMBE'),
 (1091,141,'KUTA TEGAL'),
 (1092,141,'KUTAJAYA/CARINGIN'),
 (1093,141,'KUTASIRNA'),
 (1094,141,'LEAMAHDUHUR'),
 (1095,141,'LEBAK PARI'),
 (1096,141,'LEMAG DUHUR'),
 (1097,141,'LEMAH DUHUR'),
 (1098,141,'LEMAH DUHUR /CARINGIN'),
 (1099,141,'LEMAH DUHUR/CARINGIN'),
 (1100,141,'LEMAH DUHUR/CARINGIN BOGOR'),
 (1101,141,'LEMAH DULUR'),
 (1102,141,'LEMAH DUWUR'),
 (1103,141,'LEMAH LUHUR'),
 (1104,141,'LEMAHDUHUR'),
 (1105,141,'LEMBUR SAWAH'),
 (1106,141,'LENGKONG'),
 (1107,141,'MAANGUNJYA'),
 (1108,141,'MADUHUR/CARINGIN'),
 (1109,141,'MAKAR JAYA/CARINGIN'),
 (1110,141,'MEAR JAYA/CARINGIN'),
 (1111,141,'MEKAR JAYA'),
 (1112,141,'MEKAR JAYA / CARINGIN'),
 (1113,141,'MEKAR JAYA/CARINGIN'),
 (1114,141,'MEKAR SARI'),
 (1115,141,'MEKARJAYA'),
 (1116,141,'MEKARJAYA / CARINGIN'),
 (1117,141,'MEKARJAYA /CARINGGIN'),
 (1118,141,'MEKARJAYA /CARINGIN'),
 (1119,141,'MEKARJAYA /CIBADAK'),
 (1120,141,'MEKARJAYA CARINGIN'),
 (1121,141,'MEKARJAYA/ CARINGIN'),
 (1122,141,'MEKARJAYA/CARINGIIN'),
 (1123,141,'MEKARJAYA/CARINGIN'),
 (1124,141,'MEKARJAYA/CIBADAK'),
 (1125,141,'MEKARJAYACARINGIN'),
 (1126,141,'MEKARNANGKA'),
 (1127,141,'MEKARSARI'),
 (1128,141,'MEKASRJAYA'),
 (1129,141,'MERKARJAYA'),
 (1130,141,'MUARA JAYA'),
 (1131,141,'MUARA JAYA / CARINGIN'),
 (1132,141,'MUARA JAYA /CARINGIN'),
 (1133,141,'MUARA JAYA/ CARINGIN'),
 (1134,141,'MUARA JAYA/CARINGIN'),
 (1135,141,'MUARAJAYA'),
 (1136,141,'MUARAJAYA/CARINGIN'),
 (1137,141,'NEGLASARI'),
 (1138,141,'NEGLASARI/CARINGIN'),
 (1139,141,'NENGGENG/KEBON PEDES'),
 (1140,141,'NONGGENG'),
 (1141,141,'NYANGKOEK'),
 (1142,141,'NYANGKOEK/CARINGIN'),
 (1143,141,'PABUARAN/MEKARJAYA'),
 (1144,141,'PADANG GEANAYANG'),
 (1145,141,'PADANGENYANG'),
 (1146,141,'PAJEAGAN'),
 (1147,141,'PAJEGAN'),
 (1148,141,'PALEDANG /CANTAYAN'),
 (1149,141,'PAMURAUYAN'),
 (1150,141,'PANCAWATI'),
 (1151,141,'PANCAWATI /CARINGIN'),
 (1152,141,'PANCAWATI/CARINGIN'),
 (1153,141,'PASAWAHAN'),
 (1154,141,'PASI RMULTYA'),
 (1155,141,'PASIR  JAYA'),
 (1156,141,'PASIR ANGIN'),
 (1157,141,'PASIR ANGIN/PASIR ANGIN'),
 (1158,141,'PASIR BENTIK'),
 (1159,141,'PASIR BINCIR/CARINGIN'),
 (1160,141,'PASIR BUNAR'),
 (1161,141,'PASIR BUNCIR'),
 (1162,141,'PASIR BUNCIR /CARINGIN'),
 (1163,141,'PASIR BUNCIR/CARINGIN'),
 (1164,141,'PASIR BUNCIT'),
 (1165,141,'PASIR BUNCIT /CARINGIN'),
 (1166,141,'PASIR BUNCIT/CARINGIN'),
 (1167,141,'PASIR DALAM/CIDAHU'),
 (1168,141,'PASIR DATAR'),
 (1169,141,'PASIR GUNCIR'),
 (1170,141,'PASIR KIARA'),
 (1171,141,'PASIR KUNCIR'),
 (1172,141,'PASIR MINCANG'),
 (1173,141,'PASIR MUNCANG'),
 (1174,141,'PASIR MUNCANG/CARINGIN'),
 (1175,141,'PASIR MUNCANG/CIBADAK'),
 (1176,141,'PASIR MUNCANG/PASIR MUNCANG'),
 (1177,141,'PASIRBUNCIR/CARINGIN'),
 (1178,141,'PASIRDATAR'),
 (1179,141,'PASIRMUNCANG'),
 (1180,141,'PASIRMUNCANG / CARINGIN'),
 (1181,141,'PASIRMUNCANG/CARINGIN'),
 (1182,141,'PASIRUANG'),
 (1183,141,'PASIRUNCANG/CARINGIN'),
 (1184,141,'PENDEUY'),
 (1185,141,'PERK CARINGIN/CARINGIN'),
 (1186,141,'PONDOKKASO TONGGOH'),
 (1187,141,'PS BUNCIR'),
 (1188,141,'PS MUNCANG'),
 (1189,141,'PSR ANGIN'),
 (1190,141,'PSR. MUNCANG'),
 (1191,141,'SALAAAWI'),
 (1192,141,'SALAAWI/CARINGIN'),
 (1193,141,'SARI KOLOT/CARINGIN'),
 (1194,141,'SELAAWI'),
 (1195,141,'SELAAWI/CARINGIN'),
 (1196,141,'SELAGOMBONG/ CANTAYAN'),
 (1197,141,'SELAKOPI'),
 (1198,141,'SELAKOPI/CIBADAK'),
 (1199,141,'SESEPAN'),
 (1200,141,'SESEPAN/CARINGIN'),
 (1201,141,'SESEUPAN'),
 (1202,141,'SESEUPAN/CARINGIN'),
 (1203,141,'SEUSEPAN'),
 (1204,141,'SEUSEPAN/CARINGIN'),
 (1205,141,'SEUSEUPAN'),
 (1206,141,'SEUSEUPAN /CARINGIN'),
 (1207,141,'SEUSEUPAN /CIBADAK'),
 (1208,141,'SEUSEUPAN GIRANG/CIBADAK'),
 (1209,141,'SEUSEUPAN/CARINGIN'),
 (1210,141,'SIKAMULYA/CARINGIN'),
 (1211,141,'SINAGARA'),
 (1212,141,'SINAGARA/CARINGIN'),
 (1213,141,'SINDANGLENGO/SINDANGLENGO'),
 (1214,141,'SIRNARESMI/GUNUNGGURUH'),
 (1215,141,'SISIPAN'),
 (1216,141,'SIUKAMULYA'),
 (1217,141,'SLAAWI'),
 (1218,141,'SUKA  MULYA'),
 (1219,141,'SUKA MULYA'),
 (1220,141,'SUKA MULYA/CARINGIN'),
 (1221,141,'SUKA MURYA /CARINGIN'),
 (1222,141,'SUKAMAJU/CARINGIN'),
 (1223,141,'SUKAMANTRI'),
 (1224,141,'SUKAMAULYA'),
 (1225,141,'SUKAMULUYA'),
 (1226,141,'SUKAMULYA'),
 (1227,141,'SUKAMULYA / CARINGIN'),
 (1228,141,'SUKAMULYA /CARIGIN'),
 (1229,141,'SUKAMULYA/CARINGIN'),
 (1230,141,'SUKAMULYA/CARINGTIN'),
 (1231,141,'SUKAMULYA/CIBADAK'),
 (1232,141,'SUKMULYA/CIKEMBANG'),
 (1233,141,'SULLAMULYA'),
 (1234,141,'SUNAGAPAN'),
 (1235,141,'TAJUR'),
 (1236,141,'TALAGA'),
 (1237,141,'TALAGA  CANGIN'),
 (1238,141,'TALAGA ARINGIN'),
 (1239,141,'TALAGA CAINGIN'),
 (1240,141,'TALAGA CARINGN'),
 (1241,141,'TALAGA GIRANG'),
 (1242,141,'TALAGA HILIR'),
 (1243,141,'TALAGA TENGAH'),
 (1244,141,'TANAGA'),
 (1245,645,'WARNASARI'),
 (1246,645,'SUKAJAYA'),
 (1247,645,'SUDAJAYA GIRANG'),
 (1248,645,'KARAWANG'),
 (1249,691,'SELAWANGI'),
 (1250,691,'PASIRHALANG'),
 (1251,691,'SUKARAJA'),
 (1252,691,'SELAAWI'),
 (1253,691,'MARGULUYU'),
 (1254,691,'LIMBANGAN'),
 (1255,691,'CISARUA'),
 (1256,691,'SUKAMEKAR'),
 (1257,691,'LANGENSARI'),
 (1258,646,'SUKAMAJU'),
 (1259,646,'SUKALARANG'),
 (1260,646,'CIMANGKOK'),
 (1261,646,'TITISAN'),
 (1262,646,'SEMPLAK'),
 (1263,646,'PRIANGANJAYA'),
 (1264,647,'CIPURUT'),
 (1265,647,'CIREUNGHAS'),
 (1266,647,'BENCOY'),
 (1267,647,'CIKUTURUG'),
 (1268,647,'TEGALPANJANG'),
 (1269,648,'SASAGARAN'),
 (1270,648,'JAMBENENGGANG'),
 (1271,648,'CIKARET'),
 (1272,648,'KEBONPEDES'),
 (1273,648,'BOJONGSAWAH'),
 (1274,649,'CISAAT'),
 (1275,649,'SUKAMANAH'),
 (1276,649,'CIBATU'),
 (1277,649,'SUKASARI'),
 (1278,649,'NAGRAK'),
 (1279,649,'SUKARESMI'),
 (1280,649,'SELAJAMBE'),
 (1281,649,'KUTASIMA'),
 (1282,649,'CIBOLANGKALER'),
 (1283,649,'GUNUNGJAYA'),
 (1284,650,'SIMARESMI'),
 (1285,650,'KEBONMANGGU'),
 (1286,650,'GUNUNGGURUH'),
 (1287,650,'CIBENTANG'),
 (1288,650,'CIKUJANG'),
 (1289,650,'CIBOLANG'),
 (1290,650,'PADAASIH'),
 (1291,650,'BABAKAN'),
 (1292,650,'SUKAMANTRI'),
 (1293,651,'MUARADUA'),
 (1294,651,'CITAMIANG'),
 (1295,651,'CIKAHURIPAN'),
 (1296,651,'SUKAMANIS'),
 (1297,651,'KADUDAMPIT'),
 (1298,651,'GEDE PANGRANGO'),
 (1299,651,'SUKAMAJU'),
 (1300,651,'CIPETIR'),
 (1301,651,'UNDRUS BINANGUN'),
 (1302,652,'CIENGANG'),
 (1303,652,'SUKAMANAH'),
 (1304,652,'GEGERBITUNG'),
 (1305,652,'CIJUREY'),
 (1306,652,'KARANGJAYA'),
 (1307,652,'BUNIWANGI'),
 (1308,652,'CARINGIN'),
 (1309,653,'NEGLASARI'),
 (1310,653,'TENJOJAYA'),
 (1311,653,'SEKARWANGI'),
 (1312,653,'BATUNUNGGAL'),
 (1313,653,'KARANGTENGAH'),
 (1314,653,'CIBADAK'),
 (1315,653,'WARNAJATI'),
 (1316,653,'SUKASIRNA'),
 (1317,653,'PAMURUYAN'),
 (1318,653,'CIHEULANG TONGGOH'),
 (1319,654,'HEGARMANAH'),
 (1320,654,'CICANTAYAN'),
 (1321,654,'SUKADAMAI'),
 (1322,654,'CIMAHI'),
 (1323,654,'CISANDE'),
 (1324,654,'LEMBURSAWAH'),
 (1325,654,'CIJALINGAN'),
 (1326,655,'MEKARJAYA'),
 (1327,655,'TALAGA'),
 (1328,655,'CARINGIN KULON'),
 (1329,655,'SEUSEUPAN'),
 (1330,655,'CARINGIN WETAN'),
 (1331,655,'SUKAMULYA'),
 (1332,655,'CIKEMBANG'),
 (1333,655,'CIJENGKOL'),
 (1334,656,'CISARUA'),
 (1335,656,'BALEKAMBANG'),
 (1336,656,'NAGRAK SELATAN'),
 (1337,656,'NAGRAK UTARA'),
 (1338,656,'PAWENANG'),
 (1339,656,'CIHANYAWAR'),
 (1340,656,'GIRIJAYA'),
 (1341,656,'BABAKAN PANJANG'),
 (1342,656,'KALAPAREA'),
 (1343,656,'DARMAREJA'),
 (1344,657,'MUNJUL'),
 (1345,657,'CIAMBAR'),
 (1346,657,'GINANJAR'),
 (1347,657,'WANGUNJAYA'),
 (1348,658,'SAMPORA'),
 (1349,658,'CIJAMBE'),
 (1350,658,'CIKIRAY'),
 (1351,658,'MEKARNANGKA'),
 (1352,658,'CIKIDANG'),
 (1353,658,'GUNUNG MALANG'),
 (1354,658,'NANGKA KONENG'),
 (1355,658,'PANGKALAN'),
 (1356,658,'BUMISARI'),
 (1357,658,'CICAREUH'),
 (1358,658,'TAMANSARI'),
 (1359,659,'SUKAMAJU'),
 (1360,659,'CIBATU'),
 (1361,659,'PARAKANLIMA'),
 (1362,659,'KERTARAHARJA'),
 (1363,659,'BOJONG'),
 (1364,659,'BOJONGKEMBAR'),
 (1365,659,'CIKEMBAR'),
 (1366,659,'CIMANGGU'),
 (1367,659,'SUKAMULYA'),
 (1368,660,'PALASARI HILIR'),
 (1369,660,'SUNDAWENANG'),
 (1370,660,'PARUNGKUDA'),
 (1371,660,'LANGENSARI'),
 (1372,660,'BOJONG KOKOSAN'),
 (1373,660,'KOMPA'),
 (1374,660,'PONDOK KASO LANDEUH'),
 (1375,660,'BABAKANJAYA'),
 (1376,661,'BOJONG GENTENG'),
 (1377,661,'BOJONG GALING'),
 (1378,661,'CIBODAS'),
 (1379,661,'BEREKAH'),
 (1380,661,'CIPANENGAH'),
 (1381,662,'MEKARJAYA'),
 (1382,662,'CIANAGA'),
 (1383,662,'TUGUBANDUNG'),
 (1384,662,'KABANDUNGAN'),
 (1385,662,'CIPEUTEUY'),
 (1386,662,'CIHAMERANG'),
 (1387,663,'WALANGSARI'),
 (1388,663,'PALASARI GIRANG'),
 (1389,663,'KALAPANUNGGAL'),
 (1390,663,'KADUNUNGGAL'),
 (1391,663,'MEKARSARI'),
 (1392,663,'GUNUNG ENDUT'),
 (1393,663,'PULOSARI'),
 (1394,664,'SUKATANI'),
 (1395,664,'SUKAKERSA'),
 (1396,664,'BOJONGLONGOK'),
 (1397,664,'BOJONGASIH'),
 (1398,664,'LEBAKSARI'),
 (1399,664,'PARAKANSALAK'),
 (1400,665,'CICURUG'),
 (1401,665,'NYANGKOWEK'),
 (1402,665,'BENDA'),
 (1403,665,'PASAWAHAN'),
 (1404,665,'PURWASARI'),
 (1405,665,'TENJOAYU'),
 (1406,665,'NANGERANG'),
 (1407,665,'KUTAJAYA'),
 (1408,665,'MEKARSARI'),
 (1409,665,'CARINGIN'),
 (1410,665,'CISAAT'),
 (1411,665,'BANGBAYANG'),
 (1412,665,'TENJOLAYA'),
 (1413,666,'PONDOK KASO TENGAH'),
 (1414,666,'PASIRDOTON'),
 (1415,666,'PONDOK KASO TONGGOH'),
 (1416,666,'BABAKAN PARI'),
 (1417,666,'TANGKIL'),
 (1418,666,'JAYAMUKTI'),
 (1419,666,'CIDAHU'),
 (1420,666,'GIRI JAYA'),
 (1421,667,'HEGARMANAH'),
 (1422,667,'BANTARKALONG'),
 (1423,667,'SIRNAJAYA'),
 (1424,667,'BOJONGKERTA'),
 (1425,667,'SUKAHARJA'),
 (1426,667,'UBRUG'),
 (1427,667,'GIRIJAYA'),
 (1428,667,'WARUNGKIARA'),
 (1429,668,'MANGUNJAYA'),
 (1430,668,'BANTARGADUNG'),
 (1431,668,'BOJONGGALING'),
 (1432,668,'LIMUSNUNGGAL'),
 (1433,668,'BANTARGEBANG'),
 (1434,669,'CITEPUS'),
 (1435,669,'CIBODAS'),
 (1436,669,'BUNIWANGI'),
 (1437,669,'PALABUHANRATU'),
 (1438,669,'CITARIK'),
 (1439,669,'CIKADU'),
 (1440,669,'TONJONG'),
 (1441,669,'PASIRSUREN'),
 (1442,670,'CIHAUR'),
 (1443,670,'KERTAJAYA'),
 (1444,670,'LOJI'),
 (1445,670,'CIDADAP'),
 (1446,670,'CIBUNTU'),
 (1447,670,'MEKARASIH'),
 (1448,671,'PASIRBARU'),
 (1449,671,'CIKAHURIPAN'),
 (1450,671,'CISOLOK'),
 (1451,671,'KARANGPAPAK'),
 (1452,671,'SIMARESMI'),
 (1453,671,'CICADAS'),
 (1454,671,'CIKELAT'),
 (1455,671,'GUNUNG KRAMAT'),
 (1456,671,'GUNUNG TANJUNG'),
 (1457,671,'CARINGIN'),
 (1458,672,'CIMAJA'),
 (1459,672,'CIKAKAK'),
 (1460,672,'SUKAMAJU'),
 (1461,672,'CILEUNGSING'),
 (1462,672,'GANDASOLI'),
 (1463,672,'RIDOGALIH'),
 (1464,672,'MARGALAKSANA'),
 (1465,672,'SIRNARASA'),
 (1466,673,'BANTARPANJANG'),
 (1467,673,'BOJONGTIPAR'),
 (1468,673,'CIJULANG'),
 (1469,673,'NANGERANG'),
 (1470,673,'BOJONG JENGKOL'),
 (1471,673,'BANTAR AGUNG'),
 (1472,673,'JAMPANG TENGAH'),
 (1473,673,'PANUMBANGAN'),
 (1474,673,'SINDANGRESMI'),
 (1475,673,'TANJUNGSARI'),
 (1476,673,'PADABEUNGHAR'),
 (1477,674,'NEGLASARI'),
 (1478,674,'CICUKANG'),
 (1479,674,'MARGALAYU'),
 (1480,674,'PURABAYA'),
 (1481,674,'PAGELARAN'),
 (1482,674,'CITAMIANG'),
 (1483,674,'CIMERANG'),
 (1484,675,'NYALINDUNG'),
 (1485,675,'KARTAANGSANA'),
 (1486,675,'BOJONGKALONG'),
 (1487,675,'BOJONGSARI'),
 (1488,675,'CISITU'),
 (1489,675,'SUKAMAJU'),
 (1490,675,'CIJANGKAR'),
 (1491,675,'NEGLASARI'),
 (1492,675,'MEKARSARI'),
 (1493,675,'WANGUNREJA'),
 (1494,676,'LANGKAPJAYA'),
 (1495,676,'CILANGKAP'),
 (1496,676,'LENGKONG'),
 (1497,676,'TEGALLEGA'),
 (1498,676,'NEGLASARI'),
 (1499,677,'SUKAJAYA'),
 (1500,677,'CIWALAT'),
 (1501,677,'PABUARAN'),
 (1502,677,'CIBADAK'),
 (1503,677,'SIRNASARI'),
 (1504,677,'BANTARSARI'),
 (1505,678,'CIPARAY'),
 (1506,678,'BOJONG GENTENG'),
 (1507,678,'BOJONG SARI'),
 (1508,678,'MEKARJAYA'),
 (1509,678,'NAGRAKSARI'),
 (1510,678,'JAMPANG KULON'),
 (1511,678,'TANJUNG'),
 (1512,678,'PADAJAYA'),
 (1513,678,'CIKARANG'),
 (1514,678,'KARANGANYAR'),
 (1515,679,'BOREGAN INDAH'),
 (1516,679,'CIMANGGU'),
 (1517,679,'SUKAMAJU'),
 (1518,679,'SUKAJADI'),
 (1519,679,'KARANGMEKAR'),
 (1520,679,'SUKAMANAH'),
 (1521,680,'CIMAHPAR'),
 (1522,680,'SEKARSARI'),
 (1523,680,'KALIBUNDER'),
 (1524,680,'SUKALUYU'),
 (1525,680,'BOJONG'),
 (1526,680,'BALEKAMBANG'),
 (1527,681,'SWAKARYA'),
 (1528,681,'JAGAMUKTI'),
 (1529,681,'CITANGKAR'),
 (1530,681,'KADALEMAN'),
 (1531,681,'WANASARI'),
 (1532,681,'SIRNASARI'),
 (1533,681,'PASIR IPIS'),
 (1534,681,'BUNIWANGI'),
 (1535,681,'CIPEUNDEUY'),
 (1536,681,'GUNUNG SUNGGING'),
 (1537,681,'SUKATANI'),
 (1538,682,'CIDAHU'),
 (1539,682,'CIBITUNG'),
 (1540,682,'BANYUWANGI'),
 (1541,682,'CIBODAS'),
 (1542,682,'BANYUMURNI'),
 (1543,682,'TALAGAMURNI'),
 (1544,683,'SINAR BENTANG'),
 (1545,683,'GUNUNG BENTANG'),
 (1546,683,'PASANGGRAHAN'),
 (1547,683,'CURUGLUHUR'),
 (1548,683,'DATARNANGKA'),
 (1549,683,'SEGARANTEN'),
 (1550,683,'MARGALUYU'),
 (1551,683,'CIBITUNG'),
 (1552,683,'HEGARMANAH'),
 (1553,683,'CIBAREGBEG'),
 (1554,683,'PUNCAKMANGGIS'),
 (1555,684,'CIMENTENG'),
 (1556,684,'CURUGKEMBAR'),
 (1557,684,'TANJUNGSARI'),
 (1558,684,'MEKARTANJUNG'),
 (1559,684,'SINDANGRAJA'),
 (1560,685,'HEGARMULYA'),
 (1561,685,'CIDADAP'),
 (1562,685,'PADASENANG'),
 (1563,685,'BANJARSARI'),
 (1564,686,'GUNUNGBATU'),
 (1565,686,'CIKANGKUNG'),
 (1566,686,'PURWASEDAR'),
 (1567,686,'CIRACAP'),
 (1568,686,'PASIRPANJANG'),
 (1569,686,'MEKARSARI'),
 (1570,687,'CARINGIN NUNGGAL'),
 (1571,687,'WALURAN'),
 (1572,687,'SUKAMUKTI'),
 (1573,687,'MEKAR MUKTI'),
 (1574,688,'CIDOLOG'),
 (1575,688,'MEKARJAYA'),
 (1576,688,'CIKARANG'),
 (1577,688,'CIPAMINGKIS'),
 (1578,688,'TEGALLEGA'),
 (1579,689,'TEGALBULEUD'),
 (1580,689,'BUNIASIH'),
 (1581,689,'SUMBERJAYA'),
 (1582,689,'NANGELA'),
 (1583,689,'RAMBAY'),
 (1584,689,'BANGBAYANG'),
 (1585,689,'TEGALBULEUD'),
 (1586,690,'CIEMAS'),
 (1587,690,'GIRIMUKTI'),
 (1588,690,'MEKARJAYA'),
 (1589,690,'CIWARU'),
 (1590,690,'CIBENDA'),
 (1591,690,'TAMANJAYA'),
 (1592,690,'MANDRAJAYA'),
 (1593,645,'PARUNGSEAH'),
 (1594,692,'UUU'),
 (1595,692,'OLOOLLO'),
 (1596,585,'BANDUNG'),
 (1597,582,'CIMAHI'),
 (1598,583,'SEKEJEJATI'),
 (1599,644,'BANJAR MASIN'),
 (1600,85,'CIREUNDEU'),
 (1601,85,'GUNUNG BATU'),
 (1602,637,'SERPONG'),
 (1603,637,'TANGGERANG'),
 (1604,629,'MUARA BAKTI'),
 (1605,631,'ARENG JAYA'),
 (1606,631,'BEKASI'),
 (1607,631,'BEKASI TIMUR'),
 (1608,631,'CIKARANG'),
 (1609,631,'JATIWARINGIN'),
 (1610,631,'TELUK PUCUNG'),
 (1611,632,'ARENJAYA'),
 (1612,632,'BEKASI TIMUR'),
 (1613,632,'MARGAHAYU'),
 (1614,633,'WANASARI'),
 (1615,634,'CIKARANGBARU'),
 (1616,634,'KARANG ASIH'),
 (1617,634,'SIMPENAN'),
 (1618,635,'BOJONG RAWA LUMBU'),
 (1619,636,'SUMBER JAYA'),
 (1620,637,'TANGERAMG'),
 (1621,139,'BOJONG GEDE'),
 (1622,139,'BTR'),
 (1623,139,'CAINGIN KULON'),
 (1624,139,'CIBENING'),
 (1625,139,'CIBINONG'),
 (1626,139,'CILUWER'),
 (1627,139,'CITEUREUP'),
 (1628,139,'DERMAGA'),
 (1629,139,'MALASARI'),
 (1630,139,'MUARA JAYA'),
 (1631,139,'PALASARI'),
 (1632,139,'PANCAWATI'),
 (1633,139,'SEMPUR'),
 (1634,139,'TAJUR'),
 (1635,203,'TEGAL LEGA'),
 (1636,150,'SUKASARI'),
 (1637,151,'BOGOR UTARA'),
 (1638,151,'KEDUNG HALANG'),
 (1639,140,'BOJONG GEDE'),
 (1640,140,'PABUARAB'),
 (1641,140,'RAGAJAYA'),
 (1642,141,'CAARINGIN WETAN'),
 (1643,141,'CARNGIN WETAN'),
 (1644,141,'CIHERANGPONDOK'),
 (1645,141,'CIKARETEK'),
 (1646,141,'CISALOPA'),
 (1647,141,'CLAEATUH'),
 (1648,141,'LEMAH DUUR'),
 (1649,141,'MUARA DUA'),
 (1650,141,'PASIR BIUNCIR'),
 (1651,141,'PASIRMUJCANG'),
 (1652,141,'TANGKIL'),
 (1653,141,'TUGU JAYA'),
 (1654,155,'CIADEG'),
 (1655,155,'TEGAL KOPI'),
 (1656,156,'CIAMPEA'),
 (1657,156,'CIAMPEA UDIK'),
 (1658,157,'SINARGALIH'),
 (1659,158,'BAKOM'),
 (1660,158,'CIAWI'),
 (1661,158,'CIBEDUG'),
 (1662,158,'CIJERUK'),
 (1663,158,'CILEUNGSI'),
 (1664,158,'HARJASARI'),
 (1665,158,'PANCAWATI'),
 (1666,158,'PANDANSARI'),
 (1667,158,'PASIR MUNCANG'),
 (1668,158,'TAJUR'),
 (1669,158,'TELUK PINANG'),
 (1670,158,'WARUNGNANGKA'),
 (1671,160,'CIBINONG'),
 (1672,160,'NANGGEWER'),
 (1673,160,'PABUARAN'),
 (1674,160,'PEKAN SARI'),
 (1675,161,'CIBULUH'),
 (1676,161,'CIBULUH BOGOR'),
 (1677,162,'CIBUNGBULANG'),
 (1678,163,'CIBURUY'),
 (1679,163,'CIGOMABONG'),
 (1680,164,'PARUNG KUDA'),
 (1681,142,'BATES JAYA'),
 (1682,142,'BENDA'),
 (1683,142,'BENDA MUTIARALIDO'),
 (1684,142,'BOJONG CIHARIK'),
 (1685,142,'BOJONG KIHARIP'),
 (1686,142,'BOJONGKIHRID'),
 (1687,142,'CARINGIN'),
 (1688,142,'CBADAK MASASNG'),
 (1689,142,'CBRAYUT'),
 (1690,142,'CBRUY'),
 (1691,142,'CIADEG'),
 (1692,142,'CIADEUG'),
 (1693,142,'CIATEG'),
 (1694,142,'CIBARAYUT'),
 (1695,142,'CIBARUYAT'),
 (1696,142,'CIBGOMBONG'),
 (1697,142,'CIBUARAYUT'),
 (1698,142,'CIBULUH BOGOR'),
 (1699,142,'CIBURAYUT'),
 (1700,142,'CIBURIH'),
 (1701,142,'CIBURUY'),
 (1702,142,'CIBURUY CIJERUK'),
 (1703,142,'CIBURYUT'),
 (1704,142,'CIBUURUY'),
 (1705,142,'CIGEMBONG'),
 (1706,142,'CIGGOMBONG'),
 (1707,142,'CIGOMBING'),
 (1708,142,'CIGOMBOBG'),
 (1709,142,'CIGOMBOMNG'),
 (1710,142,'CIGOMBOMNHNG'),
 (1711,142,'CIGOMBONG'),
 (1712,142,'CIGOMBONG BGOR'),
 (1713,142,'CIGOMBONG BOGOR'),
 (1714,142,'CIGOMBONG LIDO'),
 (1715,142,'CIGOMBONGLIDO'),
 (1716,142,'CIGOMGNB'),
 (1717,142,'CIGPMBONG'),
 (1718,142,'CIJAMBU'),
 (1719,142,'CIJERUK'),
 (1720,142,'CIJUERUK'),
 (1721,142,'CIKIDANG'),
 (1722,142,'CILETUH'),
 (1723,142,'CIMANDE'),
 (1724,142,'CINBURAYUT'),
 (1725,142,'CIPETIR'),
 (1726,142,'CIPULUS'),
 (1727,142,'CISALADA'),
 (1728,142,'CISALADAH'),
 (1729,142,'CITUGU'),
 (1730,142,'CIWATES JAYA'),
 (1731,142,'COGOMBONG'),
 (1732,142,'COIGOMBONG'),
 (1733,142,'COIGOMBONGLIDO'),
 (1734,142,'KEBON JERUK'),
 (1735,142,'KILENJONG'),
 (1736,142,'LENGSKOJNG'),
 (1737,142,'LIDO'),
 (1738,142,'MALOINGPING'),
 (1739,142,'MUARA'),
 (1740,142,'NAGROG'),
 (1741,142,'PAJAGAN'),
 (1742,142,'PALAJAYA'),
 (1743,142,'PALALANGON'),
 (1744,142,'PANGKALAN'),
 (1745,142,'PAPISANGAN'),
 (1746,142,'PAS JAYA'),
 (1747,142,'PASI RAJAYA'),
 (1748,142,'PASIR  JAYA'),
 (1749,142,'PASIR BUNCIR'),
 (1750,142,'PASIR JAYA'),
 (1751,142,'PASIR JYA'),
 (1752,142,'PASIR KUDA'),
 (1753,142,'PASIRBUNCIR'),
 (1754,142,'PASIRJAA'),
 (1755,142,'PASIRJAYA'),
 (1756,142,'PS SIR JAYA'),
 (1757,142,'PSR. JAYA'),
 (1758,142,'SAWAH ASEP'),
 (1759,142,'SEROGOL'),
 (1760,142,'SOROGOL'),
 (1761,142,'SROGOL'),
 (1762,142,'TUGU'),
 (1763,142,'TUGU JAYA'),
 (1764,142,'TUGUJAYA'),
 (1765,142,'WAAAATES JAYA'),
 (1766,142,'WAATESJAYA'),
 (1767,142,'WARES  JAYA'),
 (1768,142,'WARTES JAYA'),
 (1769,142,'WARTESJAYA'),
 (1770,142,'WARTI JAYA'),
 (1771,142,'WATAES JAYA'),
 (1772,142,'WATES JAYA'),
 (1773,142,'WATES JYA'),
 (1774,142,'WATESJAYA'),
 (1775,142,'WATTES JAYA'),
 (1776,142,'WATTESJAYA'),
 (1777,166,'CIHERANG'),
 (1778,167,'CIJERUK'),
 (1779,143,'BATA ALAM'),
 (1780,143,'BATU ALAM'),
 (1781,143,'BENDA'),
 (1782,143,'BENTENGTUGU'),
 (1783,143,'BOJONG HAREUP'),
 (1784,143,'BOJONG KIHARIP'),
 (1785,143,'CARINGIN'),
 (1786,143,'CBALUNG CUJERUK'),
 (1787,143,'CIADEG'),
 (1788,143,'CIADEM'),
 (1789,143,'CIBADAK'),
 (1790,143,'CIBALUNG'),
 (1791,143,'CIBARU'),
 (1792,143,'CIBARUYAT'),
 (1793,143,'CIBAURAYUT'),
 (1794,143,'CIBEBER II'),
 (1795,143,'CIBERAYUT'),
 (1796,143,'CIBOGO'),
 (1797,143,'CIBUNAN'),
 (1798,143,'CIBURAYOT'),
 (1799,143,'CIBURAYUT'),
 (1800,143,'CIBURUY'),
 (1801,143,'CIBURUYUT'),
 (1802,143,'CICBURUY'),
 (1803,143,'CIGOMBONG'),
 (1804,143,'CIGOPMBONG'),
 (1805,143,'CIJEERUK'),
 (1806,143,'CIJERUJK'),
 (1807,143,'CIJERUK'),
 (1808,143,'CIJERUK BOGOR'),
 (1809,143,'CIJEUK'),
 (1810,143,'CIJURUK'),
 (1811,143,'CILADEG'),
 (1812,143,'CILETUH'),
 (1813,143,'CIPANENGAH'),
 (1814,143,'CIPELANG'),
 (1815,143,'CISALADA'),
 (1816,143,'CISALAGA'),
 (1817,143,'CISALOPA'),
 (1818,143,'CITUGU'),
 (1819,143,'CUKANG GALUH'),
 (1820,143,'DANAU LIDO'),
 (1821,143,'GIRI JAYA'),
 (1822,143,'GUNUNG JAYA'),
 (1823,143,'KIARA LIDO'),
 (1824,143,'KONGSI'),
 (1825,143,'LENGKONG'),
 (1826,143,'LIDO'),
 (1827,143,'LOJI'),
 (1828,143,'MALASARI'),
 (1829,143,'MEKARSARI'),
 (1830,143,'MUARA JAYA'),
 (1831,143,'PADIR JAYA'),
 (1832,143,'PASAIR JAYA'),
 (1833,143,'PASIR  JAYA'),
 (1834,143,'PASIR AJAYA'),
 (1835,143,'PASIR BUNCIR'),
 (1836,143,'PASIR JAYA'),
 (1837,143,'PASIR JAYA.'),
 (1838,143,'PASIRJAYA'),
 (1839,143,'PASIRPACAR'),
 (1840,143,'PAWASAWAHAN'),
 (1841,143,'PS JAYA'),
 (1842,143,'ROGOL'),
 (1843,143,'SELAAWI'),
 (1844,143,'SEROGOL'),
 (1845,143,'SILIH ASUH'),
 (1846,143,'SILIWANGI'),
 (1847,143,'SOGOROL'),
 (1848,143,'SOROGOL'),
 (1849,143,'SPN LIDO'),
 (1850,143,'SROGOL'),
 (1851,143,'SUKA SARI'),
 (1852,143,'TANJUNG SARI'),
 (1853,143,'TENJO JAYA'),
 (1854,143,'TUGU'),
 (1855,143,'TUGU JAYA'),
 (1856,143,'TUGUJAYA'),
 (1857,143,'WARES JAYA'),
 (1858,143,'WARNAJATI'),
 (1859,143,'WARTES JAYA'),
 (1860,143,'WARUNG GENTENG'),
 (1861,143,'WARUNG MENTENG'),
 (1862,143,'WATES AJAYA'),
 (1863,143,'WATES JAYA'),
 (1864,143,'WATESJAYA'),
 (1865,143,'WAWTES JAYA'),
 (1866,143,'WR MENTENG'),
 (1867,172,'CIKARET'),
 (1868,172,'CIOMAS'),
 (1869,172,'PADA SUKA'),
 (1870,172,'PAGELARAN'),
 (1871,172,'TAMAN SARI'),
 (1872,600,'CIPETIR'),
 (1873,174,'CIBUBUTAN'),
 (1874,174,'CIPAYUNG'),
 (1875,174,'CISARUA'),
 (1876,174,'LEUWI MALANG'),
 (1877,176,'CIPAMUAN'),
 (1878,176,'CITEUREP'),
 (1879,176,'CITEUREUP'),
 (1880,176,'KARANG ASEM'),
 (1881,176,'PUSPASARI'),
 (1882,176,'SANJA'),
 (1883,176,'TAJUR'),
 (1884,144,'CIHERANG'),
 (1885,20,'JAJAR'),
 (1886,20,'JATIAJAR'),
 (1887,20,'JATIJAJAR'),
 (1888,20,'JATIJJAR'),
 (1889,20,'LIMO'),
 (1890,145,'CIBINONG'),
 (1891,180,'SIPAK'),
 (1892,181,'JONGGOL'),
 (1893,182,'WATESJAYA'),
 (1894,183,'CIPARIGI'),
 (1895,184,'KEMANG'),
 (1896,185,'LIMUSNUNGGAL'),
 (1897,186,'CIADEG'),
 (1898,186,'CIBURAYUT'),
 (1899,186,'CIBURUY'),
 (1900,186,'CIGOMBONG'),
 (1901,186,'CIJERUK'),
 (1902,186,'CILEBUT TTIMUR'),
 (1903,186,'CILEUNGSI'),
 (1904,186,'CIMANDE'),
 (1905,186,'CIOMAS'),
 (1906,186,'CIPURUT'),
 (1907,186,'KARANG WANGI'),
 (1908,186,'LIDO'),
 (1909,186,'LUAR WILAYAH'),
 (1910,186,'MALASARI'),
 (1911,186,'NANGGUNG'),
 (1912,186,'PASIR EURIH'),
 (1913,186,'PASIR JAYA'),
 (1914,186,'PASIRJAYA'),
 (1915,186,'SOROGOL'),
 (1916,186,'SROGOL'),
 (1917,186,'SUKAJAYA'),
 (1918,186,'SUKAKARYA'),
 (1919,186,'SUKAKERSA'),
 (1920,186,'TUGU JAYA'),
 (1921,186,'WARU'),
 (1922,188,'NAGRAK'),
 (1923,188,'NGRAK UTARA'),
 (1924,188,'SUKADAMAI'),
 (1925,146,'BTR.KARET'),
 (1926,146,'MALASARI'),
 (1927,146,'MALSARI'),
 (1928,146,'PALASARI'),
 (1929,190,'PALEDANG'),
 (1930,193,'CANDALI'),
 (1931,683,'CINAGARA'),
 (1932,194,'SASAK PANJANG'),
 (1933,195,'PANBUARAN'),
 (1934,196,'BOJONG SAWAH'),
 (1935,196,'CADAS NGAMPAR'),
 (1936,196,'CIJUJUNG'),
 (1937,196,'CIMANDALA'),
 (1938,196,'PASIR JAMI'),
 (1939,196,'PS HALANG'),
 (1940,198,'WARINGIN'),
 (1941,139,'BOGOR TIMUR'),
 (1942,139,'BONDONGAN'),
 (1943,139,'CIBINONG'),
 (1944,139,'GENTENG'),
 (1945,139,'JEMBATAN DUA'),
 (1946,139,'MEKARWNGI'),
 (1947,139,'PRAJA'),
 (1948,139,'TANAH BARU'),
 (1949,201,'BOGOR'),
 (1950,201,'BOGOR BARAT'),
 (1951,201,'CIGOMBONG'),
 (1952,201,'CILENDEK'),
 (1953,201,'CURUG MEKAR'),
 (1954,201,'DARMAGA'),
 (1955,201,'GUNUNG BATU'),
 (1956,201,'GUNUNGBATU'),
 (1957,202,'BONDONGAN'),
 (1958,202,'CIKARET'),
 (1959,202,'HARJASARI'),
 (1960,202,'KARTAMAYA'),
 (1961,202,'KEBON KALAPA'),
 (1962,202,'KERTAMAYA'),
 (1963,202,'RANCAMAYA'),
 (1964,202,'RANGGA MEKAR'),
 (1965,203,'GUDANG'),
 (1966,203,'KEBON KOPI'),
 (1967,150,'BARANANG SIANG'),
 (1968,150,'BOGOR TIMUR'),
 (1969,150,'SUKASARI'),
 (1970,151,'BANTAR JATI'),
 (1971,151,'BARANANG SIANG'),
 (1972,141,'CAARINGIN WETAN'),
 (1973,142,'CIBURAYUT'),
 (1974,142,'CIGOMBONG LIDO'),
 (1975,142,'CISALADA'),
 (1976,142,'PANGKALAN'),
 (1977,142,'TUGU JAYA'),
 (1978,142,'WATES JAYA'),
 (1979,143,'CIBURUY'),
 (1980,143,'CUJAMBYIU'),
 (1981,143,'TUGU JAYA'),
 (1982,209,'DRAMAGA'),
 (1983,190,'PALEDANG'),
 (1984,211,'SINDANGSARI'),
 (1985,620,'ANDAP PRAJA'),
 (1986,196,'SUKAJADI'),
 (1987,574,'CISUJEN'),
 (1988,621,'DSUKAHARJA'),
 (1989,82,'JATIJAR'),
 (1990,186,'CIBURUY'),
 (1991,186,'DEPOK'),
 (1992,616,'GARUT'),
 (1993,616,'KOTA KULON'),
 (1994,616,'TAROGGONG'),
 (1995,616,'TAROGONG'),
 (1996,640,'LEBENG SUMO'),
 (1997,104,'CICCAS'),
 (1998,95,'JAKARTA TIMUR'),
 (1999,95,'JAKARTABARAT'),
 (2000,95,'JAKRATA'),
 (2001,95,'JAKRTA'),
 (2002,95,'JKARTA'),
 (2003,95,'JKRATA'),
 (2004,95,'PETAMBURAN'),
 (2005,95,'PULOGADUNG'),
 (2006,95,'TANJUNG PRIOK'),
 (2007,107,'CIRACAS'),
 (2008,107,'PONDOK KELAPA'),
 (2009,637,'TANGGERANG'),
 (2010,124,'KALIDERES'),
 (2011,117,'SAWAH BESAR'),
 (2012,94,'REMPOA'),
 (2013,97,'KALIBATA'),
 (2014,101,'MANGGARAI'),
 (2015,631,'BEKASI'),
 (2016,102,'CAKUNG'),
 (2017,102,'PULO GERANG'),
 (2018,104,'CIRACAS'),
 (2019,104,'SUSUKAN'),
 (2020,107,'JAKARTA TIMUR'),
 (2021,107,'JATI NEGARA'),
 (2022,107,'JL PEMUDA 103'),
 (2023,107,'KAYU MANIS'),
 (2024,107,'PONDOK KELAPA'),
 (2025,113,'PONDOK LABU'),
 (2026,114,'PULO GADUNG'),
 (2027,126,'KALIBARU'),
 (2028,126,'SUKAPURA'),
 (2029,603,'KRAJAN'),
 (2030,603,'SRAJAN'),
 (2031,585,'ANDIR'),
 (2032,585,'ANDUNG'),
 (2033,585,'BANDUNG'),
 (2034,585,'BATU JAJAR'),
 (2035,585,'CILANGGARI'),
 (2036,585,'CIPATONGKOR'),
 (2037,585,'CIPEDES'),
 (2038,585,'PADA LARANG'),
 (2039,585,'PADALARANG'),
 (2040,586,'NEGLASARI'),
 (2041,586,'SINDANG PANON'),
 (2042,159,'BATU NUNGGAL'),
 (2043,159,'KARANG TANGAH'),
 (2044,159,'SITU SAER'),
 (2045,159,'SRAKAEAWNGI'),
 (2046,590,'CICALENGKA KULON'),
 (2047,591,'CANTAYAN'),
 (2048,591,'HGARAMNAH'),
 (2049,591,'KADU PUGUR'),
 (2050,592,'NYANGKOEK'),
 (2051,690,'SELMANJAH'),
 (2052,142,'WATES JAYA'),
 (2053,169,'BAJU INDAH'),
 (2054,169,'SUKA  MULYA'),
 (2055,595,'PAMOYAYANAN'),
 (2056,596,'CILEUNYI'),
 (2057,582,'CIGUGUR TENGAH'),
 (2058,582,'CIMAHI'),
 (2059,599,'CITATAH'),
 (2060,600,'CIBOLANG KALER'),
 (2061,600,'CIROYOM'),
 (2062,600,'CISAAAT'),
 (2063,603,'BJ SOANG'),
 (2064,604,'ACISARUA'),
 (2065,188,'CIKANYERE'),
 (2066,188,'PANGKLAN CUIBOLANG'),
 (2067,605,'BANTARI'),
 (2068,606,'CAMPAKA MEKAR'),
 (2069,606,'PADALARANG'),
 (2070,607,'PANGALENGAN'),
 (2071,84,'CIBUNGUR'),
 (2072,631,'BEKASI'),
 (2073,555,'BJ KASO'),
 (2074,555,'BOJONGKASO'),
 (2075,555,'BUNISARI'),
 (2076,555,'SUKAMANAH'),
 (2077,555,'WARNA SARI'),
 (2078,559,'CAMPAKA'),
 (2079,559,'SUKAJADI'),
 (2080,560,'SUKAJADI'),
 (2081,561,'CEMPAKA'),
 (2082,561,'CIAJUR'),
 (2083,561,'CIANJR'),
 (2084,561,'CIANJUR'),
 (2085,561,'CIANJUR SAYANG'),
 (2086,561,'CIBINONG'),
 (2087,561,'CIWALEN'),
 (2088,561,'HEGARMANAH'),
 (2089,561,'NAGRAK'),
 (2090,561,'PAMONYENAN'),
 (2091,561,'PARAKAN TUGU'),
 (2092,561,'PUNCAK'),
 (2093,561,'SAYANG'),
 (2094,561,'SELOK PANDAN'),
 (2095,561,'SOLOK PANDAN'),
 (2096,561,'SUKARAMAI'),
 (2097,561,'TAKOKAK'),
 (2098,561,'WARUNGKONDANG'),
 (2099,160,'CIBINONG'),
 (2100,160,'GIRI JAYA'),
 (2101,579,'BOJONG LOANG'),
 (2102,580,'SIRNAGALIH'),
 (2103,580,'SUKASARI'),
 (2104,563,'CILELES'),
 (2105,563,'SUKAJAYA'),
 (2106,581,'SINDANG JAYA'),
 (2107,564,'BENJOT'),
 (2108,564,'CIANJUR'),
 (2109,564,'CUGENANG'),
 (2110,564,'MANGUNKERTA'),
 (2111,564,'SUKAMANAH'),
 (2112,565,'CIKAHURIPAN'),
 (2113,565,'GEKBRONG'),
 (2114,565,'SONGGONG'),
 (2115,566,'NEGLASARI'),
 (2116,567,'PACET'),
 (2117,568,'CUGENANG'),
 (2118,570,'SIMPANG'),
 (2119,571,'CIANJUR'),
 (2120,571,'JAYA GIRI'),
 (2121,571,'JAYAGIRI'),
 (2122,571,'TALAGA SARI'),
 (2123,572,'BABAKAN SARI'),
 (2124,572,'HEGAR MANAH'),
 (2125,572,'SUKALUYU'),
 (2126,572,'SUKAMULYA'),
 (2127,573,'PAKLUWON'),
 (2128,574,'BUNGBANG SARI'),
 (2129,574,'BUNGBANGSARI'),
 (2130,574,'SINDANG RESMI'),
 (2131,574,'SUKAREMI'),
 (2132,574,'TAKOKAK'),
 (2133,575,'CIANJUR'),
 (2134,575,'CIKAHURIPAN'),
 (2135,575,'CIWALAEN'),
 (2136,575,'JAMBU DIPA'),
 (2137,575,'TEGAL LEGA'),
 (2138,575,'WAUNG KOANG'),
 (2139,84,'CIKOTOK'),
 (2140,625,'KARANG'),
 (2141,625,'KARAWANG'),
 (2142,627,'RENGAS DENGKLOK'),
 (2143,585,'BANDUNG'),
 (2144,596,'CILEUNYI WETAN'),
 (2145,613,'KOPO'),
 (2146,573,'SARI JADI'),
 (2147,573,'SUKASARI'),
 (2148,637,'TANGERANG'),
 (2149,637,'TANGGERANG'),
 (2150,84,'CIBALENOK'),
 (2151,84,'CIKAMUNDING'),
 (2152,84,'CILOGERANG'),
 (2153,84,'CILOGRAN'),
 (2154,84,'CIROGRANG'),
 (2155,84,'GUNUNGBATU'),
 (2156,84,'PASIR GOMBONG'),
 (2157,89,'CIKATOMAS'),
 (2158,89,'CISUNGSANG'),
 (2159,89,'LEBAK'),
 (2160,622,'NAGGEWER'),
 (2161,641,'BANYURIP'),
 (2162,624,'CISEUREUH'),
 (2163,624,'PURWAKARTA'),
 (2164,639,'RTRIREJO'),
 (2165,84,'PASIRBUNGUR'),
 (2166,141,'CIKLEMBANG'),
 (2167,623,'SUKAMANDIJAYA'),
 (2168,668,'BANTARGADUNGF'),
 (2169,668,'MANGUN JAYA'),
 (2170,84,'BAYAH TIMUR'),
 (2171,84,'CISUREN'),
 (2172,84,'MANCAK'),
 (2173,631,'BEKASI'),
 (2174,631,'CIKARANG BARAT'),
 (2175,151,'TEGAL GUNDUL'),
 (2176,83,'BOJONGGENTENG'),
 (2177,140,'PABUARAN'),
 (2178,140,'RAWAPANJANG'),
 (2179,661,'BOJONGGENTENG'),
 (2180,661,'KUBANG'),
 (2181,102,'BENADA'),
 (2182,102,'CISAAT'),
 (2183,102,'TAENJOLAYA'),
 (2184,102,'TENJOJAYU'),
 (2185,102,'TENJOJY'),
 (2186,141,'ACISEAPAN'),
 (2187,141,'BOJONG'),
 (2188,141,'BUBULANG'),
 (2189,141,'CA3RINGIN'),
 (2190,141,'CAARINGIN WETAN'),
 (2191,141,'CAREINGI'),
 (2192,141,'CAREINGIN'),
 (2193,141,'CARIMNGIM'),
 (2194,141,'CARINGAN'),
 (2195,141,'CARINGIMN'),
 (2196,141,'CARINGIN CIKUKULU'),
 (2197,141,'CARINGIN HILIR'),
 (2198,141,'CARINGIN WETN'),
 (2199,141,'CARINGINCARING'),
 (2200,141,'CARINGINKULOM'),
 (2201,141,'CARINGINKULON'),
 (2202,141,'CARNGIN WETAN'),
 (2203,141,'CCARINGIN'),
 (2204,141,'CIANTAYAN'),
 (2205,141,'CIBALUNA'),
 (2206,141,'CICANDE'),
 (2207,141,'CICANTAYAN'),
 (2208,141,'CIDEUREUM'),
 (2209,141,'CIGERUM'),
 (2210,141,'CIGOMBONG'),
 (2211,141,'CIHERANGPONDOK'),
 (2212,141,'CIHEURANG PONDOK'),
 (2213,141,'CIJEMGKOL'),
 (2214,141,'CIJENGOL'),
 (2215,141,'CIJERAH'),
 (2216,141,'CIJIENGKOL'),
 (2217,141,'CIKERETEG'),
 (2218,141,'CIKJENGKOL'),
 (2219,141,'CIKUKULI'),
 (2220,141,'CIPUNMTANG'),
 (2221,141,'CIPUNTUNG'),
 (2222,141,'CIRINGIN'),
 (2223,141,'CISALOPA'),
 (2224,141,'CISEAPAN'),
 (2225,141,'CISSEUPAN'),
 (2226,141,'COBLONG'),
 (2227,141,'CRIGIN'),
 (2228,141,'CUJENGKOL'),
 (2229,141,'DARMAGA'),
 (2230,141,'DSLEMBAH LUHUR'),
 (2231,141,'IKEMBANG'),
 (2232,141,'JAYANEGARA'),
 (2233,141,'KUTAJAYA'),
 (2234,141,'MADUHUR'),
 (2235,141,'MAKAR JAYA'),
 (2236,141,'MEKARJYA'),
 (2237,141,'MEKRAJAYA'),
 (2238,141,'NANGKOD'),
 (2239,141,'NENGGENG'),
 (2240,141,'PABUARAN'),
 (2241,141,'PADANGEYANG'),
 (2242,141,'PALEDANG'),
 (2243,141,'PANGKALAN'),
 (2244,141,'PANGKLAN CUIBOLANG'),
 (2245,141,'PARENG'),
 (2246,141,'PASIR BINCIR'),
 (2247,141,'PASIR DALAM'),
 (2248,141,'PASIR MUNCNAG'),
 (2249,141,'PASIRBUNCIR'),
 (2250,141,'PASIRMUJCANG'),
 (2251,141,'PASIRUNCANG'),
 (2252,141,'PERK'),
 (2253,141,'PURWASARI'),
 (2254,141,'SALAAWI'),
 (2255,141,'SELA AWI'),
 (2256,141,'SELAGOMBONG'),
 (2257,141,'SEUSEUOAN'),
 (2258,141,'SEUSEUPAN GIRANG'),
 (2259,141,'SIKAMULYA'),
 (2260,141,'SINDANGLENGO'),
 (2261,141,'SKAMULYA'),
 (2262,141,'SUKA MURYA'),
 (2263,141,'SUKAMAJU'),
 (2264,141,'SUKMULYA'),
 (2265,141,'SUNGAPAN'),
 (2266,141,'SUSUKAN'),
 (2267,141,'TANGKIL'),
 (2268,141,'TARI KOLOT'),
 (2269,141,'TEGAL LEGA'),
 (2270,141,'TENGGEK'),
 (2271,141,'TUGU'),
 (2272,141,'TUGUJAYA'),
 (2273,141,']CIJENGKOL'),
 (2274,560,'CEMPAKA'),
 (2275,657,'ACIAMABAR'),
 (2276,657,'BABAKAN MUNJUL'),
 (2277,657,'CIABAR'),
 (2278,657,'CIAMABAR'),
 (2279,657,'CIAMAHI'),
 (2280,657,'CIAMAR'),
 (2281,657,'CIAMBAAAR'),
 (2282,657,'CIAMBAAR'),
 (2283,657,'CIAMBAE'),
 (2284,657,'CIAMBAR .'),
 (2285,657,'CIAMBAR KOLOT'),
 (2286,657,'CIAMBAR N'),
 (2287,657,'CIAMBAR NAGRAK'),
 (2288,657,'CIAMBAR PR KUDA'),
 (2289,657,'CIAMBAR?NAGRAK'),
 (2290,657,'CIAMBRA'),
 (2291,657,'CIAMCAR'),
 (2292,657,'CIAMDAR'),
 (2293,657,'CIANBAR'),
 (2294,657,'CIANDE'),
 (2295,657,'CIANYAWAR'),
 (2296,657,'CIARPIN'),
 (2297,657,'CIARUA'),
 (2298,657,'CIASARUA'),
 (2299,657,'CIASRUA'),
 (2300,657,'CIATER'),
 (2301,657,'CIAWAI TALI'),
 (2302,657,'CIAWAITALI'),
 (2303,657,'CIAWI TALI'),
 (2304,657,'CIAWITAL'),
 (2305,657,'CIAWITALI'),
 (2306,657,'CIAYERE'),
 (2307,657,'CIBADAK'),
 (2308,657,'CIBADAK .'),
 (2309,657,'CIBATU'),
 (2310,657,'CIGANAS'),
 (2311,657,'CIJAMBU'),
 (2312,657,'CIKEMBNG'),
 (2313,657,'CIMABAR'),
 (2314,657,'CIMBAR'),
 (2315,657,'CINANJAR'),
 (2316,657,'GIANANJAR'),
 (2317,657,'GINAAJAR'),
 (2318,657,'GINAJAR'),
 (2319,657,'GINJAR'),
 (2320,657,'LEUWI NAGGUNG'),
 (2321,657,'LUWI KERIS'),
 (2322,657,'MANGUNJAYA'),
 (2323,657,'MIUNJUL'),
 (2324,657,'MNGUJAYA'),
 (2325,657,'MNGUNJYA'),
 (2326,657,'MUNJL'),
 (2327,657,'NYLINDUNG'),
 (2328,657,'WAGUN JAYA'),
 (2329,657,'WANGUI JAYA'),
 (2330,657,'WANGUN JAYA'),
 (2331,657,'WANGUNJYA'),
 (2332,657,'WARUNGOMBONG'),
 (2333,561,'CIANJUR'),
 (2334,561,'PAMOYANAN'),
 (2335,159,',BATUNUNGGAL'),
 (2336,159,',NEGLASARI'),
 (2337,159,'02'),
 (2338,159,'15'),
 (2339,159,'AARMED'),
 (2340,159,'ACIBADAK'),
 (2341,159,'ACIHEALANGTONGGOH'),
 (2342,159,'ACIHELANG TONGGOH'),
 (2343,159,'AINGIN'),
 (2344,159,'AKARQANGTEANGH'),
 (2345,159,'AL MASTURIYAH'),
 (2346,159,'AL UMAH'),
 (2347,159,'ALBAYAN'),
 (2348,159,'AMURUYAN'),
 (2349,159,'AMURYAB'),
 (2350,159,'ANAR KARET'),
 (2351,159,'ANGGA YUDA'),
 (2352,159,'ANGGAYUDA'),
 (2353,159,'ANGGGAYUDA'),
 (2354,159,'ANGUN JAYA'),
 (2355,159,'ANTARMUCANG'),
 (2356,159,'ARAGTENAGAH'),
 (2357,159,'ARANGTENGAH'),
 (2358,159,'ASGORA'),
 (2359,159,'ATNJOJYA'),
 (2360,159,'ATUUGGAL'),
 (2361,159,'AYAM MANGGIS'),
 (2362,159,'AYAM MANGIS'),
 (2363,159,'B ATUNUNGGAL'),
 (2364,159,'B OJONGGENTENG'),
 (2365,159,'BAAAAATUNUNGGAL'),
 (2366,159,'BAAATUNUNGGA'),
 (2367,159,'BAAATUNUNGGAL'),
 (2368,159,'BAATUNUNGGL'),
 (2369,159,'BABAAN'),
 (2370,159,'BABAKAB BANTEN'),
 (2371,159,'BABAKAN'),
 (2372,159,'BABAKAN  PANJANG'),
 (2373,159,'BABAKAN AGENG'),
 (2374,159,'BABAKAN ANYAR'),
 (2375,159,'BABAKAN BANTEN'),
 (2376,159,'BABAKAN BARU'),
 (2377,159,'BABAKAN BOGOR'),
 (2378,159,'BABAKAN JAYA'),
 (2379,159,'BABAKAN KARATE'),
 (2380,159,'BABAKAN NAGRAK'),
 (2381,159,'BABAKAN PAMURUYAN'),
 (2382,159,'BABAKAN PANAJANG'),
 (2383,159,'BABAKAN PANJAGANG'),
 (2384,159,'BABAKAN PANJANG'),
 (2385,159,'BABAKAN PARI'),
 (2386,159,'BABAKAN PASAR'),
 (2387,159,'BABAKAN PENDEUY'),
 (2388,159,'BABAKAN POJOK'),
 (2389,159,'BABAKAN SARAI'),
 (2390,159,'BABAKAN SARI'),
 (2391,159,'BABAKAN SAWAH'),
 (2392,159,'BABAKAN SIEANA'),
 (2393,159,'BABAKAN SIRANA'),
 (2394,159,'BABAKAN SIRNA'),
 (2395,159,'BABAKAN TALANG'),
 (2396,159,'BABAKANSIRNA'),
 (2397,159,'BABAKLAN'),
 (2398,159,'BABAKN ANYAR'),
 (2399,159,'BABAKN PANJANG'),
 (2400,159,'BABAN SIRNA'),
 (2401,159,'BABKAN JAYA'),
 (2402,159,'BABKAN SIRNA'),
 (2403,159,'BADAK'),
 (2404,159,'BAKAKAN PANJANG'),
 (2405,159,'BAKAN'),
 (2406,159,'BAKAN BANTEN'),
 (2407,159,'BAKAN SARI'),
 (2408,159,'BALE KAMBANG'),
 (2409,159,'BANAGKUANG'),
 (2410,159,'BANGKOWONG]'),
 (2411,159,'BANGKUANG'),
 (2412,159,'BANJAR SARI'),
 (2413,159,'BANTAMUNCANG'),
 (2414,159,'BANTAR BADAK'),
 (2415,159,'BANTAR GADUNG'),
 (2416,159,'BANTAR IAREAT'),
 (2417,159,'BANTAR KARET'),
 (2418,159,'BANTAR M7NANG'),
 (2419,159,'BANTAR MANCUNG'),
 (2420,159,'BANTAR MNCANG'),
 (2421,159,'BANTAR MUCANG'),
 (2422,159,'BANTAR MUNCANF'),
 (2423,159,'BANTAR MUNCANG'),
 (2424,159,'BANTAR MUNCCNGG'),
 (2425,159,'BANTAR MUNCZANG'),
 (2426,159,'BANTARAMUCANG'),
 (2427,159,'BANTARAMUNCANG'),
 (2428,159,'BANTARKARET'),
 (2429,159,'BANTARMIUNCANG'),
 (2430,159,'BANTARMUNCANG'),
 (2431,159,'BANTARMUNCNAG'),
 (2432,159,'BANTR MUUNCNG'),
 (2433,159,'BANTU NUNGGUL'),
 (2434,159,'BANTUNUNGGAL'),
 (2435,159,'BARANGTENGAH'),
 (2436,159,'BARAUJANGUNG'),
 (2437,159,'BAREKAH'),
 (2438,159,'BARTU NUNGGAL'),
 (2439,159,'BARTUNUNGGAL'),
 (2440,159,'BARU SAWAH'),
 (2441,159,'BARUSAWAH'),
 (2442,159,'BATAUMUNGGL'),
 (2443,159,'BATAUNUNGGAL'),
 (2444,159,'BATU ASIH'),
 (2445,159,'BATU ASSIH'),
 (2446,159,'BATU LAYANG'),
 (2447,159,'BATU N UNGGAL'),
 (2448,159,'BATU N8NNGGAL'),
 (2449,159,'BATU NAUNGGAL'),
 (2450,159,'BATU NUGGAL'),
 (2451,159,'BATU NUNGAL'),
 (2452,159,'BATU NUNGG'),
 (2453,159,'BATU NUNGGAL'),
 (2454,159,'BATU NUNGGALCIBADAK'),
 (2455,159,'BATU NUNGGGAL'),
 (2456,159,'BATU NUNGGL'),
 (2457,159,'BATU NUNGGUL'),
 (2458,159,'BATU NUNNGAL'),
 (2459,159,'BATU UGGAL'),
 (2460,159,'BATU UNGGAL'),
 (2461,159,'BATUBNUNGGAL'),
 (2462,159,'BATUGUNGGAL'),
 (2463,159,'BATUI NUNGGAL'),
 (2464,159,'BATUMUNNGAL'),
 (2465,159,'BATUNGAL'),
 (2466,159,'BATUNGGAL'),
 (2467,159,'BATUNINGGAL'),
 (2468,159,'BATUNIUNGGAL'),
 (2469,159,'BATUNUGGAL'),
 (2470,159,'BATUNUNGAGGAL'),
 (2471,159,'BATUNUNGAL'),
 (2472,159,'BATUNUNGGAK'),
 (2473,159,'BATUNUNGGAL;'),
 (2474,159,'BATUNUNGGALK'),
 (2475,159,'BATUNUNGGALL'),
 (2476,159,'BATUNUNGGGAL'),
 (2477,159,'BATUNUNGGUL'),
 (2478,159,'BBAKAN ANYAR'),
 (2479,159,'BBAKAN BANTEN'),
 (2480,159,'BBAKAN SIRNA'),
 (2481,159,'BBAKANPANJANG'),
 (2482,159,'BBKN SIRNA'),
 (2483,159,'BCIBADAK'),
 (2484,159,'BENDA'),
 (2485,159,'BERKAH'),
 (2486,159,'BICIBAAADAK'),
 (2487,159,'BIJOONG JAGA'),
 (2488,159,'BINADAK'),
 (2489,159,'BIOJONGDUREN');
INSERT INTO `ref_desa` (`id`,`kecamatan_id`,`nama`) VALUES 
 (2490,159,'BITUNG'),
 (2491,159,'BJ JAGAL'),
 (2492,159,'BJ KONENG'),
 (2493,159,'BJ KURING'),
 (2494,159,'BJ TALANG'),
 (2495,159,'BJ. SETRA'),
 (2496,159,'BJG MESJID'),
 (2497,159,'BJGJAGAL'),
 (2498,159,'BKARANGTATEANGH'),
 (2499,159,'BNAGRAK SELATAN'),
 (2500,159,'BNATUNUNGGAL'),
 (2501,159,'BNTARAMUNACANG'),
 (2502,159,'BOJHONG TALANG'),
 (2503,159,'BOJNGLAUNG'),
 (2504,159,'BOJONG'),
 (2505,159,'BOJONG ASIH'),
 (2506,159,'BOJONG DUREN'),
 (2507,159,'BOJONG GALING'),
 (2508,159,'BOJONG GALING A'),
 (2509,159,'BOJONG GENTENG'),
 (2510,159,'BOJONG JAGAL'),
 (2511,159,'BOJONG JENGKOL'),
 (2512,159,'BOJONG KALAPA'),
 (2513,159,'BOJONG KAUNG'),
 (2514,159,'BOJONG KELAPA'),
 (2515,159,'BOJONG KERING'),
 (2516,159,'BOJONG KOKOSAN'),
 (2517,159,'BOJONG KOMENG'),
 (2518,159,'BOJONG KONENG'),
 (2519,159,'BOJONG KURING'),
 (2520,159,'BOJONG LONGOK'),
 (2521,159,'BOJONG MESJED'),
 (2522,159,'BOJONG MESJID'),
 (2523,159,'BOJONG SETRA'),
 (2524,159,'BOJONG TALAG'),
 (2525,159,'BOJONG TALANG'),
 (2526,159,'BOJONGF JAGAL'),
 (2527,159,'BOJONGGENTENG'),
 (2528,159,'BOJONGKALAPA'),
 (2529,159,'BOJONGKAUNG'),
 (2530,159,'BOJONGKONENG'),
 (2531,159,'BOJONGKURING'),
 (2532,159,'BOJONGMESJID'),
 (2533,159,'BOJONGTALANG'),
 (2534,159,'BRI'),
 (2535,159,'BSEAKARWANGI'),
 (2536,159,'BT  NUNGGAL'),
 (2537,159,'BT MUNCANG'),
 (2538,159,'BT NUGGAL'),
 (2539,159,'BT NUNGGAL'),
 (2540,159,'BT NUNGGUL'),
 (2541,159,'BT. MUCANG'),
 (2542,159,'BT. NUNGGAL'),
 (2543,159,'BT.NUNGGAL'),
 (2544,159,'BTN SEKARWANGI'),
 (2545,159,'BTN SURYA INDAH'),
 (2546,159,'BTN TAMAN LESTARI'),
 (2547,159,'BTR. MUNCANG'),
 (2548,159,'BTR.MUNCANG'),
 (2549,159,'BTU NUNGGAL'),
 (2550,159,'BTUNNUNGGAL'),
 (2551,159,'BTUNUNGGAL'),
 (2552,159,'BUMBULANG'),
 (2553,159,'BUMBUMLANG'),
 (2554,159,'BUMI ASIH'),
 (2555,159,'BUNGBULANG'),
 (2556,159,'C IBADAK'),
 (2557,159,'CAARINGIN WETAN'),
 (2558,159,'CADAK'),
 (2559,159,'CAINGIN KULON'),
 (2560,159,'CANGKORE'),
 (2561,159,'CANTAYAN'),
 (2562,159,'CANYATAN'),
 (2563,159,'CARINGIN'),
 (2564,159,'CARINGIN KULON'),
 (2565,159,'CARINGIN WETAN'),
 (2566,159,'CARINGINNEGLASARI'),
 (2567,159,'CARINGINWETAN'),
 (2568,159,'CARRINGIN'),
 (2569,159,'CBADAK'),
 (2570,159,'CBADASK'),
 (2571,159,'CBAFAKCIDBADAK'),
 (2572,159,'CBATUNUNGGAL'),
 (2573,159,'CBDAK'),
 (2574,159,'CCIBADAK'),
 (2575,159,'CCIHEULANG'),
 (2576,159,'CCIJALINGAN'),
 (2577,159,'CEHEALANGTONGOH'),
 (2578,159,'CEHELANG'),
 (2579,159,'CEIHEULANG'),
 (2580,159,'CELAG ONGGOH'),
 (2581,159,'CENDEU'),
 (2582,159,'CH3LANG'),
 (2583,159,'CHELANG'),
 (2584,159,'CHELANG TNGGOH'),
 (2585,159,'CHELANGHILIR'),
 (2586,159,'CHELANGTNGGOH'),
 (2587,159,'CI ADAK'),
 (2588,159,'CI8BADAK'),
 (2589,159,'CIAADAK'),
 (2590,159,'CIABAD'),
 (2591,159,'CIABADAK'),
 (2592,159,'CIABADK'),
 (2593,159,'CIABDAK'),
 (2594,159,'CIADAK'),
 (2595,159,'CIADK'),
 (2596,159,'CIAHELANG'),
 (2597,159,'CIAMBAR'),
 (2598,159,'CIAMHI'),
 (2599,159,'CIANDAM'),
 (2600,159,'CIANGSANA'),
 (2601,159,'CIANSANA'),
 (2602,159,'CIANSANAN'),
 (2603,159,'CIAWI TALI'),
 (2604,159,'CIB ADAK'),
 (2605,159,'CIBAAATU'),
 (2606,159,'CIBAADAK'),
 (2607,159,'CIBAADK'),
 (2608,159,'CIBAAK'),
 (2609,159,'CIBADA'),
 (2610,159,'CIBADAAK'),
 (2611,159,'CIBADAAKSEKARWANGI'),
 (2612,159,'CIBADADAK'),
 (2613,159,'CIBADADK'),
 (2614,159,'CIBADAJK'),
 (2615,159,'CIBADAK .'),
 (2616,159,'CIBADAK B 10'),
 (2617,159,'CIBADAK GANG SADAR'),
 (2618,159,'CIBADAK POS'),
 (2619,159,'CIBADAK SEKARWANGI'),
 (2620,159,'CIBADAK.'),
 (2621,159,'CIBADAK.CIBADAK'),
 (2622,159,'CIBADAK3'),
 (2623,159,'CIBADAK?CIBADAK'),
 (2624,159,'CIBADAKA'),
 (2625,159,'CIBADAKCIBADAK'),
 (2626,159,'CIBADAKJ'),
 (2627,159,'CIBADAKL'),
 (2628,159,'CIBADAK[NYANGKOEK]'),
 (2629,159,'CIBADAK]'),
 (2630,159,'CIBADAK]CIBADAK'),
 (2631,159,'CIBADALK'),
 (2632,159,'CIBADAQK'),
 (2633,159,'CIBADDAK'),
 (2634,159,'CIBADEAK'),
 (2635,159,'CIBADK'),
 (2636,159,'CIBADKAK'),
 (2637,159,'CIBAEDAK'),
 (2638,159,'CIBAFAK'),
 (2639,159,'CIBAGA'),
 (2640,159,'CIBAK'),
 (2641,159,'CIBALUNG'),
 (2642,159,'CIBARAJA'),
 (2643,159,'CIBARENGKOK'),
 (2644,159,'CIBARU GIRANG'),
 (2645,159,'CIBASAK'),
 (2646,159,'CIBASDAK'),
 (2647,159,'CIBATI HILIR'),
 (2648,159,'CIBATU'),
 (2649,159,'CIBATU ASIH'),
 (2650,159,'CIBATU GIRANG'),
 (2651,159,'CIBATU HILIR'),
 (2652,159,'CIBATU NUNGGAL'),
 (2653,159,'CIBATUGIRANG'),
 (2654,159,'CIBATUHILIR'),
 (2655,159,'CIBATU]'),
 (2656,159,'CIBDAK'),
 (2657,159,'CIBDFAK'),
 (2658,159,'CIBDK'),
 (2659,159,'CIBHELANG'),
 (2660,159,'CIBITUNG'),
 (2661,159,'CIBNADAK'),
 (2662,159,'CIBODAS'),
 (2663,159,'CIBOLANG'),
 (2664,159,'CIBOLANG  KALER'),
 (2665,159,'CIBSADAK'),
 (2666,159,'CIBSDASK'),
 (2667,159,'CIBSDSK'),
 (2668,159,'CIBSSK'),
 (2669,159,'CIBURAYUT'),
 (2670,159,'CIBVADAK'),
 (2671,159,'CICALENGKA KULON'),
 (2672,159,'CICANTAYAN'),
 (2673,159,'CICAREAH'),
 (2674,159,'CICAREUH'),
 (2675,159,'CICURUG'),
 (2676,159,'CIDADAP'),
 (2677,159,'CIDAK'),
 (2678,159,'CIDATU HILIR'),
 (2679,159,'CIEHULANG'),
 (2680,159,'CIEHULANG TONGGOH'),
 (2681,159,'CIELANG'),
 (2682,159,'CIELANG TOGGOH'),
 (2683,159,'CIEULANG TONGGOH'),
 (2684,159,'CIEURIH'),
 (2685,159,'CIGADOG'),
 (2686,159,'CIGEREJI'),
 (2687,159,'CIGERIJI'),
 (2688,159,'CIHAEALNG'),
 (2689,159,'CIHANYAWAR'),
 (2690,159,'CIHEALANG KB KAI'),
 (2691,159,'CIHEALANG TONGGOH'),
 (2692,159,'CIHEALANG TONGOH'),
 (2693,159,'CIHEALANGAN'),
 (2694,159,'CIHEALANGHILIR'),
 (2695,159,'CIHEALANGTONGGOH'),
 (2696,159,'CIHEALNG'),
 (2697,159,'CIHEALNGTONGOH'),
 (2698,159,'CIHEKLABNGTOMGGOH'),
 (2699,159,'CIHEKLANG'),
 (2700,159,'CIHELANG'),
 (2701,159,'CIHELANG HILIR'),
 (2702,159,'CIHELANG HIRLIR'),
 (2703,159,'CIHELANG TENGAH'),
 (2704,159,'CIHELANG TENGGOH'),
 (2705,159,'CIHELANG TONGGO'),
 (2706,159,'CIHELANG TONGGOH'),
 (2707,159,'CIHELANG TONGOH'),
 (2708,159,'CIHELANG TONNGGOH'),
 (2709,159,'CIHELANG TONNGOH'),
 (2710,159,'CIHELANGTEONGGOH'),
 (2711,159,'CIHELANGTONGGOG'),
 (2712,159,'CIHELANGTONGGOH'),
 (2713,159,'CIHELANGTONGOH'),
 (2714,159,'CIHELANH'),
 (2715,159,'CIHELNG HILIR'),
 (2716,159,'CIHELNGTONGGOH'),
 (2717,159,'CIHELNGTONGH'),
 (2718,159,'CIHEOLANGTONGGOH'),
 (2719,159,'CIHERANG'),
 (2720,159,'CIHESLSNGTONGOH'),
 (2721,159,'CIHEUANG'),
 (2722,159,'CIHEULANG'),
 (2723,159,'CIHEULANG  TONGGOH'),
 (2724,159,'CIHEULANG .'),
 (2725,159,'CIHEULANG HILIR'),
 (2726,159,'CIHEULANG KALER'),
 (2727,159,'CIHEULANG TOGGOH'),
 (2728,159,'CIHEULANG TOGOH'),
 (2729,159,'CIHEULANG TONGGGOH'),
 (2730,159,'CIHEULANG TONGGIH'),
 (2731,159,'CIHEULANG TONGGIO'),
 (2732,159,'CIHEULANG TONGGO'),
 (2733,159,'CIHEULANG TONGGOH .'),
 (2734,159,'CIHEULANG TONGGOH.'),
 (2735,159,'CIHEULANG TONGGOHHILIR'),
 (2736,159,'CIHEULANG TONGOH'),
 (2737,159,'CIHEULANG.TONGGOH'),
 (2738,159,'CIHEULANGHILIR'),
 (2739,159,'CIHEULANGN TONGGOH'),
 (2740,159,'CIHEULANGONGGOH'),
 (2741,159,'CIHEULANGTONGGGOH'),
 (2742,159,'CIHEULANGTONGGOH'),
 (2743,159,'CIHEULANH TONGGOH'),
 (2744,159,'CIHEULANNG TONGGOH'),
 (2745,159,'CIHEULNG TONGGOH'),
 (2746,159,'CIHEURANG'),
 (2747,159,'CIHEUULANGTONGGOH'),
 (2748,159,'CIHUELANG'),
 (2749,159,'CIHUELANG TONGGOH'),
 (2750,159,'CIHULANG TONGGGOH'),
 (2751,159,'CIHULANG TONGGOH'),
 (2752,159,'CIIBADAK'),
 (2753,159,'CIIHEALANG'),
 (2754,159,'CIJABON'),
 (2755,159,'CIJALANGAN'),
 (2756,159,'CIJALINAGN'),
 (2757,159,'CIJALINGAN'),
 (2758,159,'CIJALKINAGAN'),
 (2759,159,'CIJAMBE'),
 (2760,159,'CIJATI'),
 (2761,159,'CIJEHELANG TONNGOH'),
 (2762,159,'CIJENGKOL'),
 (2763,159,'CIJENKOL'),
 (2764,159,'CIJHEULANG TONGGOH'),
 (2765,159,'CIJOLANG'),
 (2766,159,'CIJULANG'),
 (2767,159,'CIKADAKA'),
 (2768,159,'CIKAREO'),
 (2769,159,'CIKAROYA'),
 (2770,159,'CIKAWUNG'),
 (2771,159,'CIKEMBANG'),
 (2772,159,'CIKEMBAR'),
 (2773,159,'CIKIDANG'),
 (2774,159,'CIKIWU;L'),
 (2775,159,'CIKIWUL'),
 (2776,159,'CIKIWUL LEBAK'),
 (2777,159,'CIKIWUL TONGGOH'),
 (2778,159,'CIKIWULLWBWK'),
 (2779,159,'CIKUKULU'),
 (2780,159,'CIKUWUL'),
 (2781,159,'CIKUYA'),
 (2782,159,'CILEATUH'),
 (2783,159,'CILENGGO'),
 (2784,159,'CILENGO'),
 (2785,159,'CILENGO SUKASIRNA'),
 (2786,159,'CILENTAB'),
 (2787,159,'CILENTB'),
 (2788,159,'CILETUH'),
 (2789,159,'CILKSANA'),
 (2790,159,'CILUBANG'),
 (2791,159,'CIMAHI'),
 (2792,159,'CIMANDE'),
 (2793,159,'CIMANGGU'),
 (2794,159,'CIMBADAK'),
 (2795,159,'CIMENTENG'),
 (2796,159,'CINABADAK'),
 (2797,159,'CINADAK'),
 (2798,159,'CINBADAK'),
 (2799,159,'CINYOCOK'),
 (2800,159,'CINYOJOK'),
 (2801,159,'CIOBADAK'),
 (2802,159,'CIOHEULANG TONGGOH'),
 (2803,159,'CIORAY'),
 (2804,159,'CIPAETIR'),
 (2805,159,'CIPANADS'),
 (2806,159,'CIPANAS'),
 (2807,159,'CIPANENGAH'),
 (2808,159,'CIPASUNG'),
 (2809,159,'CIPENDEUY'),
 (2810,159,'CIPETIR'),
 (2811,159,'CIPICUNG'),
 (2812,159,'CIRENDEU'),
 (2813,159,'CIRENDU'),
 (2814,159,'CIREUNGED'),
 (2815,159,'CISAANDE'),
 (2816,159,'CISAAT'),
 (2817,159,'CISANDE'),
 (2818,159,'CISARUA'),
 (2819,159,'CISEUPAN'),
 (2820,159,'CITIRIS'),
 (2821,159,'CITUSAER'),
 (2822,159,'CIUADG'),
 (2823,159,'CIUHELANG'),
 (2824,159,'CIUJUNG'),
 (2825,159,'CIVBADAK'),
 (2826,159,'CI[PANAS'),
 (2827,159,'CMENTENG'),
 (2828,159,'COCOK'),
 (2829,159,'COIBADAK'),
 (2830,159,'COIBFDAK'),
 (2831,159,'COIBOLANG'),
 (2832,159,'COIKADOG'),
 (2833,159,'COPADAKPERMAI'),
 (2834,159,'COSMO TEKNOLOGOI'),
 (2835,159,'CPASKO'),
 (2836,159,'CRENDEU'),
 (2837,159,'CRINGIN'),
 (2838,159,'CSUKASIRNA'),
 (2839,159,'CUBADAK'),
 (2840,159,'CUHEULANG TONGGOH'),
 (2841,159,'CUHEULANGTONGGOH'),
 (2842,159,'CUIBADAK'),
 (2843,159,'CUIHEULANG TONGGOH'),
 (2844,159,'CVIBADAK'),
 (2845,159,'CXIBADAK'),
 (2846,159,'DALIMA'),
 (2847,159,'DARMAGA'),
 (2848,159,'DATAR NANGKA'),
 (2849,159,'DSALAMJAH'),
 (2850,159,'DSEKARWANGI'),
 (2851,159,'EAKARWANGI'),
 (2852,159,'EAKRWANGI'),
 (2853,159,'EBURSAWAH'),
 (2854,159,'EGARSARI'),
 (2855,159,'EKARWANGI'),
 (2856,159,'EMBUR SAWAH'),
 (2857,159,'ENJOJAYA'),
 (2858,159,'GANG KRISTIN'),
 (2859,159,'GANG TALIB'),
 (2860,159,'GANG TOLIB'),
 (2861,159,'GANG TOLOB'),
 (2862,159,'GEANTEANG'),
 (2863,159,'GENTENG'),
 (2864,159,'GIRI JAYA'),
 (2865,159,'GIRIJAYA'),
 (2866,159,'GUNG KARANG'),
 (2867,159,'GUNNG JAYA'),
 (2868,159,'GUNUNG JAYA'),
 (2869,159,'GUNUNG KARANG'),
 (2870,159,'GUNUNG WALAT'),
 (2871,159,'GUNUNGSARI'),
 (2872,159,'HEDAR MANAH'),
 (2873,159,'HEGA SARI'),
 (2874,159,'HEGAARMANAH'),
 (2875,159,'HEGAR  MANAH'),
 (2876,159,'HEGAR ALAM'),
 (2877,159,'HEGAR MANAH'),
 (2878,159,'HEGAR SARI'),
 (2879,159,'HEGARA MANAH'),
 (2880,159,'HEGARALAM'),
 (2881,159,'HEGARMANAH'),
 (2882,159,'HEGARSARI'),
 (2883,159,'HEGRAMANAH'),
 (2884,159,'HERGARSARI'),
 (2885,159,'IB'),
 (2886,159,'IBADAK'),
 (2887,159,'IBADAK]'),
 (2888,159,'IBDK'),
 (2889,159,'JAYA BAKTI'),
 (2890,159,'JAYABAKTI'),
 (2891,159,'JEAGLASARI'),
 (2892,159,'JKB PALA'),
 (2893,159,'JOHOR'),
 (2894,159,'KAANAGTEANGAH'),
 (2895,159,'KAANGTEANAGJ'),
 (2896,159,'KAANGTEANGHA'),
 (2897,159,'KAANGTEGAH'),
 (2898,159,'KAANGTENAGH'),
 (2899,159,'KAANGYEGAH'),
 (2900,159,'KAB RANDAU'),
 (2901,159,'KAB RANDU'),
 (2902,159,'KADU NUNGGAL'),
 (2903,159,'KADU PUGUR'),
 (2904,159,'KADUNUNGGAL'),
 (2905,159,'KADUPUGUR'),
 (2906,159,'KAERANGTENAGAH'),
 (2907,159,'KALABANG'),
 (2908,159,'KALABANGMALINGGUT'),
 (2909,159,'KALAPANUNGAL'),
 (2910,159,'KALAPANUNGGAL'),
 (2911,159,'KAMANDORAN'),
 (2912,159,'KAMANDORANG'),
 (2913,159,'KAMNADORAN'),
 (2914,159,'KAMPUNG PINTU'),
 (2915,159,'KANDENGAN'),
 (2916,159,'KANGTEAGH'),
 (2917,159,'KANREABG'),
 (2918,159,'KAR TENGAH'),
 (2919,159,'KAR4ANGTEAGH'),
 (2920,159,'KARAANGTEANGH'),
 (2921,159,'KARABGTENAGAH'),
 (2922,159,'KARABNGTENGAH'),
 (2923,159,'KARADENAGAN'),
 (2924,159,'KARADENAN'),
 (2925,159,'KARAG TENGAH'),
 (2926,159,'KARAGTENAGAH'),
 (2927,159,'KARAGTENGAH'),
 (2928,159,'KARAMG TENGAH'),
 (2929,159,'KARAMNG'),
 (2930,159,'KARAMNG TENGAH'),
 (2931,159,'KARAMNGTENGAH'),
 (2932,159,'KARAN TENAHA'),
 (2933,159,'KARAN TENGAH'),
 (2934,159,'KARANAG TENGAH'),
 (2935,159,'KARANAGTBNGAHA'),
 (2936,159,'KARANAGTENAGAH'),
 (2937,159,'KARANG'),
 (2938,159,'KARANG  TENGAH'),
 (2939,159,'KARANG ENGAH'),
 (2940,159,'KARANG HILIR'),
 (2941,159,'KARANG TANGAH'),
 (2942,159,'KARANG TEANGAH'),
 (2943,159,'KARANG TEGAH'),
 (2944,159,'KARANG TEMGAH'),
 (2945,159,'KARANG TENAGAH'),
 (2946,159,'KARANG TENAGH'),
 (2947,159,'KARANG TENGAH'),
 (2948,159,'KARANG TENGAH .'),
 (2949,159,'KARANG TENGAH.'),
 (2950,159,'KARANG TENGAHJ'),
 (2951,159,'KARANG TENGAH]'),
 (2952,159,'KARANG TENGAN'),
 (2953,159,'KARANG TENGASH'),
 (2954,159,'KARANG TENGFAH'),
 (2955,159,'KARANG TENGHA'),
 (2956,159,'KARANG TENMGAH'),
 (2957,159,'KARANG TENNGAH'),
 (2958,159,'KARANG TNGAH'),
 (2959,159,'KARANG TRENGAH'),
 (2960,159,'KARANG TYENGAH'),
 (2961,159,'KARANG YENGAH'),
 (2962,159,'KARANG.TENGAH'),
 (2963,159,'KARANGENGAH'),
 (2964,159,'KARANGETNGAH'),
 (2965,159,'KARANGF TENGAH'),
 (2966,159,'KARANGHILIR'),
 (2967,159,'KARANGN TENGAH'),
 (2968,159,'KARANGN TENGHA'),
 (2969,159,'KARANGRAHTEANH'),
 (2970,159,'KARANGRTEAH'),
 (2971,159,'KARANGSARI'),
 (2972,159,'KARANGTAEAHK'),
 (2973,159,'KARANGTAEANAGAHA'),
 (2974,159,'KARANGTAEANGH'),
 (2975,159,'KARANGTAGAH'),
 (2976,159,'KARANGTANH'),
 (2977,159,'KARANGTEABAGAH'),
 (2978,159,'KARANGTEABNAGAH'),
 (2979,159,'KARANGTEABNAGH'),
 (2980,159,'KARANGTEAGAH'),
 (2981,159,'KARANGTEAGAHA'),
 (2982,159,'KARANGTEAGAN'),
 (2983,159,'KARANGTEAGH'),
 (2984,159,'KARANGTEAH'),
 (2985,159,'KARANGTEANAGAH'),
 (2986,159,'KARANGTEANAGH'),
 (2987,159,'KARANGTEANAGJH'),
 (2988,159,'KARANGTEANAH'),
 (2989,159,'KARANGTEANFGH'),
 (2990,159,'KARANGTEANGAH'),
 (2991,159,'KARANGTEANGAHA'),
 (2992,159,'KARANGTEANGH'),
 (2993,159,'KARANGTEANGHA'),
 (2994,159,'KARANGTEANH'),
 (2995,159,'KARANGTEEANGH'),
 (2996,159,'KARANGTEGAH'),
 (2997,159,'KARANGTEGANGAH'),
 (2998,159,'KARANGTEH'),
 (2999,159,'KARANGTENAAGAH'),
 (3000,159,'KARANGTENAGAH'),
 (3001,159,'KARANGTENAGAHA'),
 (3002,159,'KARANGTENAGAJH'),
 (3003,159,'KARANGTENAGANH'),
 (3004,159,'KARANGTENAGH'),
 (3005,159,'KARANGTENAGHA'),
 (3006,159,'KARANGTENAGJH'),
 (3007,159,'KARANGTENAH'),
 (3008,159,'KARANGTENAHA'),
 (3009,159,'KARANGTENGA'),
 (3010,159,'KARANGTENGAA'),
 (3011,159,'KARANGTENGAGH'),
 (3012,159,'KARANGTENGAH .'),
 (3013,159,'KARANGTENGAH.'),
 (3014,159,'KARANGTENGAHA'),
 (3015,159,'KARANGTENGAUJH'),
 (3016,159,'KARANGTENGHA'),
 (3017,159,'KARANGTNEGAH'),
 (3018,159,'KARANGTTEAGH'),
 (3019,159,'KARANGYTEANAGAH'),
 (3020,159,'KARANMG  HILIR'),
 (3021,159,'KARANMG TENGAH'),
 (3022,159,'KARANNG TENGAH'),
 (3023,159,'KARANNGTENGAH'),
 (3024,159,'KARANTEAGAH'),
 (3025,159,'KARANTEAH'),
 (3026,159,'KARANTEANGH'),
 (3027,159,'KARANTEGAH'),
 (3028,159,'KARANTENAGAH'),
 (3029,159,'KARANTENAGAHY'),
 (3030,159,'KARANTENGAH'),
 (3031,159,'KARASNG TENGAH'),
 (3032,159,'KARATE'),
 (3033,159,'KARATENAGAH'),
 (3034,159,'KARATENGAH'),
 (3035,159,'KARATENGAHCIBADAK'),
 (3036,159,'KARENG TENGAH'),
 (3037,159,'KARNAG TENGAH'),
 (3038,159,'KARNAGTENAGAH'),
 (3039,159,'KARNG TENGAH'),
 (3040,159,'KARNGAH'),
 (3041,159,'KARNGTAEAGH'),
 (3042,159,'KARNGTEAGAH'),
 (3043,159,'KARNGTEAGHA'),
 (3044,159,'KARNGTEAH'),
 (3045,159,'KARNGTEANAH'),
 (3046,159,'KARNGTEANGAH'),
 (3047,159,'KARNGTRH'),
 (3048,159,'KATRANG TENGAH'),
 (3049,159,'KATRANG TENGFAGH'),
 (3050,159,'KATRANGTEANGAH'),
 (3051,159,'KATRANGTENGAH'),
 (3052,159,'KAUM'),
 (3053,159,'KAUM KALER'),
 (3054,159,'KAUM KIDUL'),
 (3055,159,'KAUM KLER'),
 (3056,159,'KAUMKALER'),
 (3057,159,'KAWUNG KIDUL'),
 (3058,159,'KB KAI'),
 (3059,159,'KB KALAPA'),
 (3060,159,'KB KELAPA'),
 (3061,159,'KB PALA'),
 (3062,159,'KB RANDU'),
 (3063,159,'KB. KELAPA'),
 (3064,159,'KB. PALA'),
 (3065,159,'KBN PALA'),
 (3066,159,'KBN PASLA'),
 (3067,159,'KBN RANDU'),
 (3068,159,'KBRANDU'),
 (3069,159,'KD PUGUR'),
 (3070,159,'KEBON'),
 (3071,159,'KEBON JATI'),
 (3072,159,'KEBON KAI'),
 (3073,159,'KEBON KALAPA'),
 (3074,159,'KEBON KATYU'),
 (3075,159,'KEBON KAUM'),
 (3076,159,'KEBON KELAPA'),
 (3077,159,'KEBON PALA'),
 (3078,159,'KEBON PLA'),
 (3079,159,'KEBON RABNDU'),
 (3080,159,'KEBON RADU'),
 (3081,159,'KEBON RANDU'),
 (3082,159,'KEBONAKALA'),
 (3083,159,'KEBONKALAPA'),
 (3084,159,'KEBONPALA'),
 (3085,159,'KEBONRANDU'),
 (3086,159,'KEBUN KELAPA'),
 (3087,159,'KEMBUR SAWAH'),
 (3088,159,'KEON PALA'),
 (3089,159,'KERTARAHARJA'),
 (3090,159,'KKARANGTENGAH'),
 (3091,159,'KLARANG TENGAH'),
 (3092,159,'KLP NUNGGAL'),
 (3093,159,'KLP. NUNGGAGL'),
 (3094,159,'KLP. NUNGGAL'),
 (3095,159,'KP CIPANAS'),
 (3096,159,'KP DALIMA'),
 (3097,159,'KP DELIMA'),
 (3098,159,'KP PASAR'),
 (3099,159,'KP PASRIS'),
 (3100,159,'KP PINTI'),
 (3101,159,'KP PINTU'),
 (3102,159,'KP SEGOG'),
 (3103,159,'KP SELAAWI'),
 (3104,159,'KP TUGU'),
 (3105,159,'KP. BINTANG'),
 (3106,159,'KR HILIR'),
 (3107,159,'KR TENGAH'),
 (3108,159,'KR.'),
 (3109,159,'KR. TENGAH'),
 (3110,159,'KR. TENGAJH'),
 (3111,159,'KR. YENGAH'),
 (3112,159,'KR. YTENGAH'),
 (3113,159,'KR.TENGAH'),
 (3114,159,'KRANG TENGAH'),
 (3115,159,'KRANGTEAGH'),
 (3116,159,'KRANGTENGAH'),
 (3117,159,'KRG TENGAH'),
 (3118,159,'KRNGTENGAH'),
 (3119,159,'KRTENGAH'),
 (3120,159,'KSRSNGTESNGH'),
 (3121,159,'KUBANG'),
 (3122,159,'KUTA JAYA'),
 (3123,159,'KUTA SIRNA'),
 (3124,159,'KUTAJAYA'),
 (3125,159,'KUTASIRNA'),
 (3126,159,'L DATAR'),
 (3127,159,'L. DATAR'),
 (3128,159,'LABORA'),
 (3129,159,'LEBAK SIRNA'),
 (3130,159,'LEBAK SIUH'),
 (3131,159,'LEBAKSARI'),
 (3132,159,'LEBBURSAWAH'),
 (3133,159,'LEBUR AI'),
 (3134,159,'LEBUR SAWAH'),
 (3135,159,'LEGOK PICUNG'),
 (3136,159,'LEGOKNYENANG'),
 (3137,159,'LEMB UR SAWAH'),
 (3138,159,'LEMBAURSAWAH'),
 (3139,159,'LEMBUR'),
 (3140,159,'LEMBUR JAMBI'),
 (3141,159,'LEMBUR JAMI'),
 (3142,159,'LEMBUR SAWA DOYONG'),
 (3143,159,'LEMBUR SAWAH'),
 (3144,159,'LEMBUR SAWAH SATU'),
 (3145,159,'LEMBUR SITU'),
 (3146,159,'LEMBUR SWAH'),
 (3147,159,'LEMBURSAWAH'),
 (3148,159,'LENGKONG SARI'),
 (3149,159,'LENMBUR SAWAH'),
 (3150,159,'LESUKASIRNA'),
 (3151,159,'LEUMBUR SAWAH'),
 (3152,159,'LEUWENG DATAR'),
 (3153,159,'LEUWEUNG DATAR'),
 (3154,159,'LEUWEUNG DDATAR'),
 (3155,159,'LEUWI GOONG'),
 (3156,159,'LEUWIGOONG'),
 (3157,159,'LEUWUNG DATAR'),
 (3158,159,'LEWENG DATAR'),
 (3159,159,'LEWENGDATAR'),
 (3160,159,'LEWEUNG DATAR'),
 (3161,159,'LIMUS NUNGGAL'),
 (3162,159,'LINGKUG SARI'),
 (3163,159,'LINGKUNG SARI'),
 (3164,159,'LINGKUNGSARI'),
 (3165,159,'LIO'),
 (3166,159,'LKARANG TENGAH'),
 (3167,159,'LKARANGTENAGH'),
 (3168,159,'LODAYA'),
 (3169,159,'LW DATAR'),
 (3170,159,'LW. DATAR'),
 (3171,159,'LWENG DATAR'),
 (3172,159,'MALINGGUT'),
 (3173,159,'MALUINGGUT'),
 (3174,159,'MANGGIS CIANGSANA'),
 (3175,159,'MEAKARSARI'),
 (3176,159,'MEJARJAYA'),
 (3177,159,'MEKAKJAYA'),
 (3178,159,'MEKAR  SARI'),
 (3179,159,'MEKAR ALAM'),
 (3180,159,'MEKAR JAYA'),
 (3181,159,'MEKARJAYA'),
 (3182,159,'MEKARSARI'),
 (3183,159,'MGL'),
 (3184,159,'NAGLASARI'),
 (3185,159,'NAGRAK'),
 (3186,159,'NAGRAK SELATAN'),
 (3187,159,'NAGRAK UTARA'),
 (3188,159,'NBOJONG'),
 (3189,159,'NEAGLASARI'),
 (3190,159,'NEGALASARI'),
 (3191,159,'NEGKASARI'),
 (3192,159,'NEGLA SARI'),
 (3193,159,'NEGLASARI CAIBADAK'),
 (3194,159,'NEGLASAZRI'),
 (3195,159,'NEGLASRI'),
 (3196,159,'NEGLASSARI'),
 (3197,159,'NEGLSARI'),
 (3198,159,'NEGRA SARI'),
 (3199,159,'NEGRASALI'),
 (3200,159,'NJO JAYA'),
 (3201,159,'NRGLASARI'),
 (3202,159,'NYALINDUG'),
 (3203,159,'NYALINDUNG'),
 (3204,159,'ONGKRAK'),
 (3205,159,'ONGLAK'),
 (3206,159,'ONGRAK'),
 (3207,159,'ONRAK'),
 (3208,159,'P.RATU'),
 (3209,159,'PA;ASARI GIRANG'),
 (3210,159,'PABUARAB'),
 (3211,159,'PABUARAN'),
 (3212,159,'PADA ASIH'),
 (3213,159,'PAGELARAN'),
 (3214,159,'PALAMARTA'),
 (3215,159,'PALASARI GIRANG'),
 (3216,159,'PALASARI HILIR'),
 (3217,159,'PALEDANG'),
 (3218,159,'PAMARUYAN'),
 (3219,159,'PAMAURUYAN'),
 (3220,159,'PAMIRUYAN'),
 (3221,159,'PAMIURUYAN'),
 (3222,159,'PAMIYAN'),
 (3223,159,'PAMJURUYAN'),
 (3224,159,'PAMRUYAN'),
 (3225,159,'PAMUJRUYAN'),
 (3226,159,'PAMUR7YAN'),
 (3227,159,'PAMURAUYAN'),
 (3228,159,'PAMURAYAN'),
 (3229,159,'PAMURIUYAN'),
 (3230,159,'PAMURUAYN'),
 (3231,159,'PAMURUN'),
 (3232,159,'PAMURUYAB'),
 (3233,159,'PAMURUYAN CIADAKI'),
 (3234,159,'PAMURUYAN,'),
 (3235,159,'PAMURUYANA'),
 (3236,159,'PAMURUYANCIBADAK'),
 (3237,159,'PAMURUYANH'),
 (3238,159,'PAMURUYANN'),
 (3239,159,'PAMURUYN'),
 (3240,159,'PAMURUYNA'),
 (3241,159,'PAMURYAN'),
 (3242,159,'PAMURYNA'),
 (3243,159,'PAMUTRUYAN'),
 (3244,159,'PAMUTUYAN'),
 (3245,159,'PAMUURUYAN'),
 (3246,159,'PAMUURYAN'),
 (3247,159,'PAMUYA'),
 (3248,159,'PAMUYUYAN'),
 (3249,159,'PANAGAN'),
 (3250,159,'PANANAHAN'),
 (3251,159,'PANCALIKAN'),
 (3252,159,'PANGADENGAN'),
 (3253,159,'PANGKALAN'),
 (3254,159,'PANJALU'),
 (3255,159,'PANURUYAN'),
 (3256,159,'PANYINDANGAN'),
 (3257,159,'PANYINMDANGAN'),
 (3258,159,'PANYUSUHAN'),
 (3259,159,'PAPANAHAN'),
 (3260,159,'PARAKANSALAK'),
 (3261,159,'PAREANG'),
 (3262,159,'PARIS'),
 (3263,159,'PARMURUYAN'),
 (3264,159,'PARUNG BALIUNG'),
 (3265,159,'PAS POGOR'),
 (3266,159,'PASAR'),
 (3267,159,'PASAR HEUBEL'),
 (3268,159,'PASIR ANGIN'),
 (3269,159,'PASIR BADAK'),
 (3270,159,'PASIR DATAR'),
 (3271,159,'PASIR DOTON'),
 (3272,159,'PASIR JENJING'),
 (3273,159,'PASIR KIARA'),
 (3274,159,'PASIR KOLOTOK'),
 (3275,159,'PASIR MUNCANG'),
 (3276,159,'PASIR SERUM'),
 (3277,159,'PASIR SIREM'),
 (3278,159,'PASIR SIREMM'),
 (3279,159,'PASIR SIREUM'),
 (3280,159,'PASIRKOLOTOK'),
 (3281,159,'PASIRSUREN'),
 (3282,159,'PASKO'),
 (3283,159,'PAURUYAN'),
 (3284,159,'PDK KASO LANDEUH'),
 (3285,159,'PINANGGADING'),
 (3286,159,'PINTU'),
 (3287,159,'PMURUYAN'),
 (3288,159,'POASIR JATI'),
 (3289,159,'POJIK'),
 (3290,159,'POJOK'),
 (3291,159,'POJOK IDAH'),
 (3292,159,'POJOK INDAH'),
 (3293,159,'POJOKINDAH'),
 (3294,159,'POLSEK'),
 (3295,159,'PONDOK KAS LANDEUH'),
 (3296,159,'PONDOK KASO'),
 (3297,159,'PONDOK KASO TENGAH'),
 (3298,159,'PONDOK KASO TONGGOH'),
 (3299,159,'PONDOK KASOM TENGAH'),
 (3300,159,'PONDOK LENGSIR'),
 (3301,159,'PONDOK LENSIR'),
 (3302,159,'PONDOK TIDUK'),
 (3303,159,'PONDOK TISU'),
 (3304,159,'PONDOK TISUK'),
 (3305,159,'PONDOKKASOTENGAH'),
 (3306,159,'PONDOKLEUNGSIR'),
 (3307,159,'POSKO'),
 (3308,159,'PPAMURUYAN'),
 (3309,159,'PR KUDA'),
 (3310,159,'PS JENJING'),
 (3311,159,'PS RARANGAN'),
 (3312,159,'PSBL PALAMARTA'),
 (3313,159,'PSR. KOLOTOK'),
 (3314,159,'PT BAJU INDAH'),
 (3315,159,'PT MGL'),
 (3316,159,'PT MUARA TUNGGAL'),
 (3317,159,'PT PAPARTI'),
 (3318,159,'PT PUALAN'),
 (3319,159,'PURWASARI'),
 (3320,159,'P[AMURUYAN'),
 (3321,159,'RAWA BUMIN'),
 (3322,159,'RS SEKARWANGI'),
 (3323,159,'RSU SEKARWANGI'),
 (3324,159,'RSUD SEKARWANGI'),
 (3325,159,'S3AKARWANGI'),
 (3326,159,'SAKRWANGI'),
 (3327,159,'SALA KOPI'),
 (3328,159,'SALAJAMBE'),
 (3329,159,'SALAKOPI'),
 (3330,159,'SALAMANJAH'),
 (3331,159,'SALAWAI'),
 (3332,159,'SATALAGA'),
 (3333,159,'SBATUNUNGGAL'),
 (3334,159,'SCIBADAK'),
 (3335,159,'SCIHEULANG TONGGOH'),
 (3336,159,'SE KARWANGI'),
 (3337,159,'SEAGOG'),
 (3338,159,'SEAIKARWANGI'),
 (3339,159,'SEAKAAAAAARWANGI'),
 (3340,159,'SEAKAARWANGFI'),
 (3341,159,'SEAKAARWANGI'),
 (3342,159,'SEAKARANGI'),
 (3343,159,'SEAKAREWANGI'),
 (3344,159,'SEAKARWABGI'),
 (3345,159,'SEAKARWANGICIBADAK'),
 (3346,159,'SEAKARWNGI'),
 (3347,159,'SEAKRANGI'),
 (3348,159,'SEAKRAWANGI'),
 (3349,159,'SEAKRWAJGI'),
 (3350,159,'SEAKRWANFGI'),
 (3351,159,'SEAKRWANGI'),
 (3352,159,'SEAKRWNGI'),
 (3353,159,'SEALAGEBONG'),
 (3354,159,'SEALAKOPI'),
 (3355,159,'SEALAMANJAH'),
 (3356,159,'SEARWAGI'),
 (3357,159,'SEARWANGI'),
 (3358,159,'SEDONG'),
 (3359,159,'SEGOG'),
 (3360,159,'SEGOG HILIR'),
 (3361,159,'SEGOG KARATAE'),
 (3362,159,'SEKAERWANGI'),
 (3363,159,'SEKAEWANGI'),
 (3364,159,'SEKAR'),
 (3365,159,'SEKAR WANGI'),
 (3366,159,'SEKARANGI'),
 (3367,159,'SEKARAWANGI'),
 (3368,159,'SEKARAWNGI'),
 (3369,159,'SEKARSIRNA'),
 (3370,159,'SEKARTWANGI'),
 (3371,159,'SEKARWA NGI'),
 (3372,159,'SEKARWAANGI'),
 (3373,159,'SEKARWABGI'),
 (3374,159,'SEKARWACINGI'),
 (3375,159,'SEKARWAGI'),
 (3376,159,'SEKARWAMGI'),
 (3377,159,'SEKARWANAGI'),
 (3378,159,'SEKARWANG'),
 (3379,159,'SEKARWANGGI'),
 (3380,159,'SEKARWANGI.CIBADAK'),
 (3381,159,'SEKARWANGI?CIBADAK'),
 (3382,159,'SEKARWANGICIBADAK'),
 (3383,159,'SEKARWANGIO'),
 (3384,159,'SEKARWANGI]'),
 (3385,159,'SEKARWANGO'),
 (3386,159,'SEKARWANMGI'),
 (3387,159,'SEKARWANNGI'),
 (3388,159,'SEKARWNAGI'),
 (3389,159,'SEKARWNGI'),
 (3390,159,'SEKATWANGI'),
 (3391,159,'SEKAWANGI'),
 (3392,159,'SEKAWRANGI'),
 (3393,159,'SEKAWRWAGI'),
 (3394,159,'SEKAWRWANGI'),
 (3395,159,'SEKLARWANGI'),
 (3396,159,'SEKRANGI'),
 (3397,159,'SEKRARWANGI'),
 (3398,159,'SEKRAWANGI'),
 (3399,159,'SEKRNGI'),
 (3400,159,'SEKRWAGI'),
 (3401,159,'SEKRWANGI'),
 (3402,159,'SEKRWNGI'),
 (3403,159,'SEKRWQNGI'),
 (3404,159,'SELA AWI'),
 (3405,159,'SELA KOPI'),
 (3406,159,'SELAAWI'),
 (3407,159,'SELAAWI KARANG'),
 (3408,159,'SELAJADI'),
 (3409,159,'SELAJAMBE'),
 (3410,159,'SELAKOPI'),
 (3411,159,'SELAMAJAH'),
 (3412,159,'SELAMAJNJAH'),
 (3413,159,'SELAMANJAH'),
 (3414,159,'SELARWANGI'),
 (3415,159,'SELKARWANGI'),
 (3416,159,'SEMPUR'),
 (3417,159,'SENATOR'),
 (3418,159,'SERKARWANGI'),
 (3419,159,'SESEPAN'),
 (3420,159,'SESEUPAN'),
 (3421,159,'SEUSEUPAN'),
 (3422,159,'SEUSEUPANB'),
 (3423,159,'SIHEULANG TONGGOH'),
 (3424,159,'SIKAJADI'),
 (3425,159,'SIKASIRNA'),
 (3426,159,'SILIWANGI'),
 (3427,159,'SIMPENAN'),
 (3428,159,'SINAGARA'),
 (3429,159,'SINDANG ASIH'),
 (3430,159,'SINDANG LENGO'),
 (3431,159,'SIRNASARI'),
 (3432,159,'SIRTU SAEUR'),
 (3433,159,'SITSAEUR'),
 (3434,159,'SITU SAER'),
 (3435,159,'SITU SAEUR'),
 (3436,159,'SITUSAER'),
 (3437,159,'SITUSAEUR'),
 (3438,159,'SIUKASIRNA'),
 (3439,159,'SK SIRNA'),
 (3440,159,'SK WANGI'),
 (3441,159,'SK. WANGI'),
 (3442,159,'SKARWANGI'),
 (3443,159,'SKASIRNA'),
 (3444,159,'SLAKOPI'),
 (3445,159,'SRAKARWANGI'),
 (3446,159,'SREKARWANGI'),
 (3447,159,'SRKARWANGI'),
 (3448,159,'SSEGOG'),
 (3449,159,'STENJOJAYA'),
 (3450,159,'SUAKSIRNA'),
 (3451,159,'SUASIRNA'),
 (3452,159,'SUIKAMAJU'),
 (3453,159,'SUIKASIRNA'),
 (3454,159,'SUKA JADI'),
 (3455,159,'SUKA MAJU'),
 (3456,159,'SUKA MANAH'),
 (3457,159,'SUKA MULYA'),
 (3458,159,'SUKA SIRNA'),
 (3459,159,'SUKAASIRNA'),
 (3460,159,'SUKABAKTI'),
 (3461,159,'SUKADAMAI'),
 (3462,159,'SUKAIRNA'),
 (3463,159,'SUKAJAADI'),
 (3464,159,'SUKAJADAI'),
 (3465,159,'SUKAJADI'),
 (3466,159,'SUKAMAJU'),
 (3467,159,'SUKAMANAH'),
 (3468,159,'SUKAMANTRI'),
 (3469,159,'SUKAMJU'),
 (3470,159,'SUKAMULAYA'),
 (3471,159,'SUKAMULKYA'),
 (3472,159,'SUKAMULYA'),
 (3473,159,'SUKARESMI'),
 (3474,159,'SUKARINA'),
 (3475,159,'SUKARIRNA'),
 (3476,159,'SUKARSIRNA'),
 (3477,159,'SUKARSIRNS'),
 (3478,159,'SUKASARI'),
 (3479,159,'SUKASIERNA'),
 (3480,159,'SUKASINA'),
 (3481,159,'SUKASIRA'),
 (3482,159,'SUKASIRANA'),
 (3483,159,'SUKASIRENA'),
 (3484,159,'SUKASIRJMA'),
 (3485,159,'SUKASIRMA'),
 (3486,159,'SUKASIRMNA'),
 (3487,159,'SUKASIRNA .'),
 (3488,159,'SUKASIRNAH'),
 (3489,159,'SUKASIRNAS'),
 (3490,159,'SUKASORNA'),
 (3491,159,'SUKASRNA'),
 (3492,159,'SUKASSIRNA'),
 (3493,159,'SUKASURNA'),
 (3494,159,'SUKATANI'),
 (3495,159,'SUKMAJU'),
 (3496,159,'SUKQSIMNA'),
 (3497,159,'SUKSASIRNA'),
 (3498,159,'SUKSIARNA'),
 (3499,159,'SUKSIRNA'),
 (3500,159,'SUMAKAJU'),
 (3501,159,'SUNDA WENANG'),
 (3502,159,'SUNDAWENANG'),
 (3503,159,'SWEKARWANGI'),
 (3504,159,'TAJUNGSARI'),
 (3505,159,'TALAGA'),
 (3506,159,'TALUN'),
 (3507,159,'TAMAN SARI'),
 (3508,159,'TANGJUNG SARI'),
 (3509,159,'TANIUNGSARI'),
 (3510,159,'TANJOJAYA'),
 (3511,159,'TANJUNG  SARI'),
 (3512,159,'TANJUNG JAYA'),
 (3513,159,'TANJUNG SARI'),
 (3514,159,'TANJUNGSARI'),
 (3515,159,'TANUJNG SARI'),
 (3516,159,'TAPOS'),
 (3517,159,'TARENGTONG'),
 (3518,159,'TEANJOJAYA'),
 (3519,159,'TEBAJOJAYA'),
 (3520,159,'TEBJOJAYA'),
 (3521,159,'TEBNJO JAYA'),
 (3522,159,'TEJOJAYA'),
 (3523,159,'TEMJO JAYA'),
 (3524,159,'TEMJOJAYA'),
 (3525,159,'TEMNJPOJAYA'),
 (3526,159,'TENJAOJAYA'),
 (3527,159,'TENJAYA'),
 (3528,159,'TENJO AYU'),
 (3529,159,'TENJO JAYA'),
 (3530,159,'TENJO JAYA]'),
 (3531,159,'TENJO LAYA'),
 (3532,159,'TENJOAJAYA'),
 (3533,159,'TENJOJYA'),
 (3534,159,'TENJOLAYA'),
 (3535,159,'TG SARI'),
 (3536,159,'TIPAR'),
 (3537,159,'TIPARCIBADAK'),
 (3538,159,'TONJOJAYA'),
 (3539,159,'TUGU'),
 (3540,159,'TUGU JAYA'),
 (3541,159,'UKASIRNA'),
 (3542,159,'WAAAAAARNAJATI'),
 (3543,159,'WAAAAARNAJATI'),
 (3544,159,'WANAJATI'),
 (3545,159,'WANANA JATI'),
 (3546,159,'WANGUN'),
 (3547,159,'WANGUNJAYA'),
 (3548,159,'WARANAJATI'),
 (3549,159,'WARANAJATIWARJ'),
 (3550,159,'WARNA BAKTI'),
 (3551,159,'WARNA JATAI'),
 (3552,159,'WARNA JATI'),
 (3553,159,'WARNA JAYA'),
 (3554,159,'WARNA MUKTI'),
 (3555,159,'WARNA NJATI'),
 (3556,159,'WARNA SARI'),
 (3557,159,'WARNAJTI'),
 (3558,159,'WARNJATI'),
 (3559,159,'WARTERKERAN'),
 (3560,159,'WARUNG BANTEN'),
 (3561,159,'WARUNG KIARA'),
 (3562,159,'WARUNGBANTEN'),
 (3563,159,'WATES AJAYA'),
 (3564,159,'WATRNA JATI'),
 (3565,159,'WATRNAJATI'),
 (3566,159,'YAEANJOJAYA'),
 (3567,633,'BANYU MURNI'),
 (3568,633,'BANYU WANGI'),
 (3569,633,'BAYU MURNI'),
 (3570,633,'BAYUWANGI'),
 (3571,633,'CIKARANG BARAT'),
 (3572,633,'CITANGLAR'),
 (3573,633,'JAMPANG'),
 (3574,633,'TALAGA BODAS'),
 (3575,633,'TALAGA MURNI'),
 (3576,633,'TELAGA MURNI'),
 (3577,161,'BANTAR KALONG'),
 (3578,161,'BOJONGGENTENG'),
 (3579,163,'BENTENG'),
 (3580,590,'CICANTAYAN'),
 (3581,591,'01-APR'),
 (3582,591,'3'),
 (3583,591,'ANTYAN'),
 (3584,591,'B OJONGGENTENG'),
 (3585,591,'BABAKAN'),
 (3586,591,'BABAKAN TIPAR'),
 (3587,591,'BANTAR KARET'),
 (3588,591,'BANTARAKARET'),
 (3589,591,'BANTARKARET'),
 (3590,591,'BANTERKARET'),
 (3591,591,'BATUNUNGGAL'),
 (3592,591,'BBAKAN TIPAR'),
 (3593,591,'BENDA'),
 (3594,591,'BNTARKARET'),
 (3595,591,'BOJONG'),
 (3596,591,'CANATAYAN'),
 (3597,591,'CANTANYAN'),
 (3598,591,'CANTAYAAN'),
 (3599,591,'CANTAYAN'),
 (3600,591,'CANTAYNA'),
 (3601,591,'CANYATAYAN'),
 (3602,591,'CANYTAYAN'),
 (3603,591,'CARIGIN'),
 (3604,591,'CARINGIN'),
 (3605,591,'CARINGIN KULON'),
 (3606,591,'CASANDE'),
 (3607,591,'CATAYA'),
 (3608,591,'CCANTAYAN'),
 (3609,591,'CCIANTAYAN'),
 (3610,591,'CCISANDE HILIR'),
 (3611,591,'CHEULANG'),
 (3612,591,'CIALINGAN'),
 (3613,591,'CIAMHI'),
 (3614,591,'CIANDE'),
 (3615,591,'CIANTAYAN'),
 (3616,591,'CIAWI'),
 (3617,591,'CIBADAK'),
 (3618,591,'CIBALUNG'),
 (3619,591,'CIBARAJA'),
 (3620,591,'CIBARONGBOK'),
 (3621,591,'CIBODAS'),
 (3622,591,'CIBOLANG'),
 (3623,591,'CIBOLANG KALER'),
 (3624,591,'CICABTYAN'),
 (3625,591,'CICACNTYAN'),
 (3626,591,'CICADAS'),
 (3627,591,'CICAJNTAYAN'),
 (3628,591,'CICANATAYAN'),
 (3629,591,'CICANATYA'),
 (3630,591,'CICANTAUYNA'),
 (3631,591,'CICANTAYA'),
 (3632,591,'CICANTAYAYAN'),
 (3633,591,'CICANTAYN'),
 (3634,591,'CICANTAYNA'),
 (3635,591,'CICANTRAYA'),
 (3636,591,'CICANTYAAN'),
 (3637,591,'CICANTYAB'),
 (3638,591,'CICANTYAN'),
 (3639,591,'CICANYATAN'),
 (3640,591,'CICANYAYAN'),
 (3641,591,'CICANYTAYAN'),
 (3642,591,'CICAREUH'),
 (3643,591,'CICATAYAN'),
 (3644,591,'CICCANTAYAN'),
 (3645,591,'CICNTAYAN'),
 (3646,591,'CICNTYAN'),
 (3647,591,'CICNYAYAN'),
 (3648,591,'CICOHAG'),
 (3649,591,'CICSANDE'),
 (3650,591,'CICURUG'),
 (3651,591,'CIDANDE'),
 (3652,591,'CIDSANDE'),
 (3653,591,'CIGENTENG'),
 (3654,591,'CIHAMERANG'),
 (3655,591,'CIHAUR'),
 (3656,591,'CIHAWUR'),
 (3657,591,'CIHEULANG'),
 (3658,591,'CIHEULANG TONGGOH'),
 (3659,591,'CIHMAHI'),
 (3660,591,'CIJABON'),
 (3661,591,'CIJALAINGAN'),
 (3662,591,'CIJALIAN'),
 (3663,591,'CIJALIANGAN'),
 (3664,591,'CIJALIGAN'),
 (3665,591,'CIJALINAGAN'),
 (3666,591,'CIJALINAGN'),
 (3667,591,'CIJALINFDAN'),
 (3668,591,'CIJALINGAHN'),
 (3669,591,'CIJALINGAN.'),
 (3670,591,'CIJALINGN'),
 (3671,591,'CIJALINGNA'),
 (3672,591,'CIJALIONGAN'),
 (3673,591,'CIJALUINGAN'),
 (3674,591,'CIJANTAYAN'),
 (3675,591,'CIJARINGAN'),
 (3676,591,'CIJATI'),
 (3677,591,'CIJENGKOL'),
 (3678,591,'CIJLAINGAN'),
 (3679,591,'CIJLINGAN'),
 (3680,591,'CIJLINGNA'),
 (3681,591,'CIKAREO'),
 (3682,591,'CIKJALINGAN'),
 (3683,591,'CIKONDANG'),
 (3684,591,'CIKONDNG'),
 (3685,591,'CIKPNDANG'),
 (3686,591,'CIKUKULI'),
 (3687,591,'CIKUKULLU'),
 (3688,591,'CIKUKULU'),
 (3689,591,'CIKUL;U'),
 (3690,591,'CIKULU'),
 (3691,591,'CILAJLINGAN'),
 (3692,591,'CILALINGAN'),
 (3693,591,'CILIBANG'),
 (3694,591,'CILUBANG'),
 (3695,591,'CIMAHAI'),
 (3696,591,'CIMAHI .'),
 (3697,591,'CIMAHI CISAAT'),
 (3698,591,'CIMAHIO'),
 (3699,591,'CIMAHIU'),
 (3700,591,'CIMAHI]CICANTAYAN'),
 (3701,591,'CIMAI'),
 (3702,591,'CIMENTENG'),
 (3703,591,'CIMHI'),
 (3704,591,'CIMUNCANG'),
 (3705,591,'CIOSANDE'),
 (3706,591,'CIPANENGAH'),
 (3707,591,'CIPERUE'),
 (3708,591,'CIPUNTANG'),
 (3709,591,'CIROYOM'),
 (3710,591,'CISABDE'),
 (3711,591,'CISABNDE'),
 (3712,591,'CISADE'),
 (3713,591,'CISAJDE'),
 (3714,591,'CISANADE'),
 (3715,591,'CISAND'),
 (3716,591,'CISANDE HIKLIR'),
 (3717,591,'CISANDE HILIR'),
 (3718,591,'CISANDE HILIR CIBADAK'),
 (3719,591,'CISANDE I'),
 (3720,591,'CISANDEHILIR'),
 (3721,591,'CISANDEN'),
 (3722,591,'CISANDEU'),
 (3723,591,'CISARUA'),
 (3724,591,'CISDE'),
 (3725,591,'CISNDE'),
 (3726,591,'CISSANDE'),
 (3727,591,'CISSSANDE'),
 (3728,591,'CITOKET'),
 (3729,591,'CIVANTAYAN'),
 (3730,591,'CJALINGA'),
 (3731,591,'CJALINGAN'),
 (3732,591,'CJALINGN'),
 (3733,591,'CNATAYAN'),
 (3734,591,'CNTAYAN'),
 (3735,591,'CNTYN'),
 (3736,591,'CSANDE'),
 (3737,591,'CUCIKUKULU'),
 (3738,591,'EAMBUR SAWAH'),
 (3739,591,'EGARMANAH'),
 (3740,591,'GENTONG SALAJAMBE'),
 (3741,591,'GUNUNG GURUH'),
 (3742,591,'GUNUNGPUYUH'),
 (3743,591,'HAGAR MANAH'),
 (3744,591,'HAGARMANAH'),
 (3745,591,'HEAGARAMANAH'),
 (3746,591,'HEAGRMNAH'),
 (3747,591,'HEGAMANAH'),
 (3748,591,'HEGAR  MANAH'),
 (3749,591,'HEGAR MANAH'),
 (3750,591,'HEGARA MANAH'),
 (3751,591,'HEGARAMANAH'),
 (3752,591,'HEGARMANA'),
 (3753,591,'HEGARMANAG'),
 (3754,591,'HEGARNAMANAH'),
 (3755,591,'HEGARNANAH'),
 (3756,591,'HEGARNMANAH'),
 (3757,591,'HEGQRANAH'),
 (3758,591,'HEGRMANAH'),
 (3759,591,'HERGAMANAH'),
 (3760,591,'HRAGARAMANAH'),
 (3761,591,'IBARONGBOK'),
 (3762,591,'ICANTAYAN'),
 (3763,591,'IMAHI'),
 (3764,591,'JCIJALINGAN'),
 (3765,591,'KADU PUGUR'),
 (3766,591,'KADUDAMPIT'),
 (3767,591,'KADUPPUGUR'),
 (3768,591,'KADUPUDUR'),
 (3769,591,'KADUPUGUR'),
 (3770,591,'KADUPUIGUR'),
 (3771,591,'KARADENAN'),
 (3772,591,'KARANG  TENGAH'),
 (3773,591,'KB JATI'),
 (3774,591,'KD PUGUR'),
 (3775,591,'KEBON BERA'),
 (3776,591,'KEMBANG'),
 (3777,591,'KHEGARMANAH'),
 (3778,591,'KLB'),
 (3779,591,'KLEMBUR SAWAH'),
 (3780,591,'KLEMBUR SAWH'),
 (3781,591,'KP SAWAH'),
 (3782,591,'KT SIRNA'),
 (3783,591,'KUTA DAMAI'),
 (3784,591,'KUTASIRNA'),
 (3785,591,'L.'),
 (3786,591,'L;EMBUR SAWAH'),
 (3787,591,'LB SAWAH'),
 (3788,591,'LB. SAWAH'),
 (3789,591,'LBR. SAWAH'),
 (3790,591,'LEAMABUR SAWAH'),
 (3791,591,'LEAMABURJAMBI'),
 (3792,591,'LEAMBUR SAWAH'),
 (3793,591,'LEBUR SAWAH'),
 (3794,591,'LEBURSAWAH'),
 (3795,591,'LEMABURSAWAH'),
 (3796,591,'LEMBAR'),
 (3797,591,'LEMBU SAWAH'),
 (3798,591,'LEMBUR ASWAH'),
 (3799,591,'LEMBUR JAMI'),
 (3800,591,'LEMBUR SAAWAH'),
 (3801,591,'LEMBUR SAWA DOYONG'),
 (3802,591,'LEMBUR SAWAH'),
 (3803,591,'LEMBUR SAWAH?CICANTAYAN'),
 (3804,591,'LEMBUR SAWAHDOYONG'),
 (3805,591,'LEMBUR SAWH'),
 (3806,591,'LEMBUR SWAH'),
 (3807,591,'LEMBURS AWAH'),
 (3808,591,'LEMBURSAWA'),
 (3809,591,'LEMBURSAWAH CANTAYAN'),
 (3810,591,'LEMBURSAWH'),
 (3811,591,'LEMBURSWAH'),
 (3812,591,'LEMBURWASAH'),
 (3813,591,'LEMBURWSAWAH 01'),
 (3814,591,'LEMBUSAWAH'),
 (3815,591,'LEMBUSRSAWAH'),
 (3816,591,'LEMBVUR SAWAH'),
 (3817,591,'LEMNBUR SAWAH'),
 (3818,591,'LEMNUR SAWAH'),
 (3819,591,'LEMNURSAWAH'),
 (3820,591,'LEMNURWASAH'),
 (3821,591,'LEMUR SAWAH'),
 (3822,591,'LENBURSAWAH'),
 (3823,591,'LENMBUR SAWAH'),
 (3824,591,'LENMBURSAWAH'),
 (3825,591,'LERMBUR SAWAH'),
 (3826,591,'LEUMBUR SAWAH'),
 (3827,591,'LEUMBURSAWAH'),
 (3828,591,'LMBR SAWAH'),
 (3829,591,'LONGKEWANG'),
 (3830,591,'MANGGIS'),
 (3831,591,'MANGGIS GIRANG'),
 (3832,591,'MANGIS'),
 (3833,591,'MEKARJAYA'),
 (3834,591,'MEKARSARI'),
 (3835,591,'NAGRAK'),
 (3836,591,'NAGRAK UTARA'),
 (3837,591,'NAGROG'),
 (3838,591,'NAGROK'),
 (3839,591,'NANGEALA'),
 (3840,591,'NANGELA'),
 (3841,591,'NAROGONG'),
 (3842,591,'NEGLASARI'),
 (3843,591,'PADA ASIH'),
 (3844,591,'PADAASIH'),
 (3845,591,'PALEDANG'),
 (3846,591,'PAMURUYAN'),
 (3847,591,'PANGKALAN'),
 (3848,591,'PASIR ANGIN'),
 (3849,591,'PASIR POGOR'),
 (3850,591,'PASKIARA'),
 (3851,591,'PASWAHAN'),
 (3852,591,'PD LENSIR'),
 (3853,591,'PD.LENGSIR'),
 (3854,591,'PECANTILAN'),
 (3855,591,'PNDK LEUNGSIR'),
 (3856,591,'PONDOK LEMGDIR'),
 (3857,591,'PONDOK LENGSIR'),
 (3858,591,'PONDOK LEUNGSIR'),
 (3859,591,'PONDOKJ LENGSIR'),
 (3860,591,'PONDOKLENGSIR'),
 (3861,591,'PONDOKLEUNGSIR'),
 (3862,591,'PT MGL'),
 (3863,591,'PT SOSTRO'),
 (3864,591,'RAWA BUMIN'),
 (3865,591,'SALAGOMBONG'),
 (3866,591,'SALAKOPI'),
 (3867,591,'SCISANDE'),
 (3868,591,'SEALABOMBONG'),
 (3869,591,'SEALAGOMBONG'),
 (3870,591,'SEALAKOPAI'),
 (3871,591,'SEALAKOPI'),
 (3872,591,'SEALGOMBONG'),
 (3873,591,'SEALKOPI'),
 (3874,591,'SEAOLAGEDANG'),
 (3875,591,'SEGOG'),
 (3876,591,'SELAAKOPI'),
 (3877,591,'SELAGOMBONG'),
 (3878,591,'SELAJAMABE'),
 (3879,591,'SELAJAMBE'),
 (3880,591,'SELAKOPI'),
 (3881,591,'SELJAMBE'),
 (3882,591,'SERLAJAMBE'),
 (3883,591,'SIMPENAN'),
 (3884,591,'SIRNA JAYA'),
 (3885,591,'SITU MEKAR'),
 (3886,591,'SLAKOPI'),
 (3887,591,'SLAKOPI LEMBUR SAWAH'),
 (3888,591,'SMK BINA MANDIRI'),
 (3889,591,'SUKA DAMAI'),
 (3890,591,'SUKA DAMEI'),
 (3891,591,'SUKA RAME'),
 (3892,591,'SUKADAMI'),
 (3893,591,'SUKAKARSA'),
 (3894,591,'SUKAMANAH'),
 (3895,591,'SUKARAMAI'),
 (3896,591,'SUKARAME'),
 (3897,591,'SUKASIRNA'),
 (3898,591,'TALAGA'),
 (3899,591,'TALAGA HILIR'),
 (3900,591,'TENJO LAYA'),
 (3901,591,'TIPAR'),
 (3902,592,'-PASAWAHAN'),
 (3903,592,'01-APR'),
 (3904,592,'04'),
 (3905,592,'ACICURUG'),
 (3906,592,'AMEKARSARI'),
 (3907,592,'ASGORA'),
 (3908,592,'ASRAMA POLISI'),
 (3909,592,'AYAM MANGGIS'),
 (3910,592,'BABAKA PARI'),
 (3911,592,'BABAKAN'),
 (3912,592,'BABAKAN JAY A'),
 (3913,592,'BABAKAN JAYA'),
 (3914,592,'BABAKAN KAM'),
 (3915,592,'BABAKAN KANDANG'),
 (3916,592,'BABAKAN KAUM'),
 (3917,592,'BABAKAN KEAMABAG'),
 (3918,592,'BABAKAN KENCANA'),
 (3919,592,'BABAKAN PANJANG'),
 (3920,592,'BABAKAN PARI'),
 (3921,592,'BABAKAN PARI CIDAHU'),
 (3922,592,'BABAKAN PENDEUY'),
 (3923,592,'BABAKAN SARAI'),
 (3924,592,'BABAKAN SARI'),
 (3925,592,'BABAKAN TENGAH'),
 (3926,592,'BABAKANPARI'),
 (3927,592,'BABAKN ANYAR'),
 (3928,592,'BABAYANG'),
 (3929,592,'BABKAN JAYA'),
 (3930,592,'BABKANJAYA'),
 (3931,592,'BABNGBYANG'),
 (3932,592,'BAENDA'),
 (3933,592,'BAENTEANG'),
 (3934,592,'BAKAN JAYA'),
 (3935,592,'BAMBAYANG'),
 (3936,592,'BANAGBAYANG'),
 (3937,592,'BANBAYANG'),
 (3938,592,'BANDA'),
 (3939,592,'BANG BAYAN'),
 (3940,592,'BANG BAYANG'),
 (3941,592,'BANG KONG RAEANG'),
 (3942,592,'BANG KONGRENG'),
 (3943,592,'BANGABAYANG'),
 (3944,592,'BANGABYANG'),
 (3945,592,'BANGBANYANG'),
 (3946,592,'BANGBAYAN'),
 (3947,592,'BANGBAYANG .'),
 (3948,592,'BANGBAYNAG'),
 (3949,592,'BANGBAYNG'),
 (3950,592,'BANGBAYTANG'),
 (3951,592,'BANGBYANG'),
 (3952,592,'BANGKONG REANG'),
 (3953,592,'BANGKONG REG'),
 (3954,592,'BANGKONG RENAG'),
 (3955,592,'BANGKONGREANG'),
 (3956,592,'BANGKONGRENAG'),
 (3957,592,'BANGKONGRENG'),
 (3958,592,'BANKONG REANG'),
 (3959,592,'BANNGBAYANG'),
 (3960,592,'BANYBAYANG'),
 (3961,592,'BBAKAN PARI'),
 (3962,592,'BEANADA'),
 (3963,592,'BEANTAG'),
 (3964,592,'BEANTEANG'),
 (3965,592,'BEANTENG'),
 (3966,592,'BEDA'),
 (3967,592,'BENDA .'),
 (3968,592,'BENDA GIRANG'),
 (3969,592,'BENDA LEGOK'),
 (3970,592,'BENDACICURUG'),
 (3971,592,'BENDAN'),
 (3972,592,'BENDDA'),
 (3973,592,'BENDEA'),
 (3974,592,'BENDNDA'),
 (3975,592,'BENTEG'),
 (3976,592,'BENTENG'),
 (3977,592,'BENTENG KUTA JAYA'),
 (3978,592,'BERKAH'),
 (3979,592,'BJPARI'),
 (3980,592,'BNEDA'),
 (3981,592,'BOJONG KERENG'),
 (3982,592,'BOJONG KOKOSAN'),
 (3983,592,'BOJONG PARI'),
 (3984,592,'BOJONG PERENG'),
 (3985,592,'BOJONGP[ELENG'),
 (3986,592,'BRNDA'),
 (3987,592,'BSNGBAYANG'),
 (3988,592,'BTN CICURG'),
 (3989,592,'BTN MEKAR SARI'),
 (3990,592,'BUMI AYU'),
 (3991,592,'C ARINGIN'),
 (3992,592,'CARAINGIN'),
 (3993,592,'CARAINGIN LAMPANG'),
 (3994,592,'CARIGIN'),
 (3995,592,'CARINGIN KARET'),
 (3996,592,'CARINGIN KULON'),
 (3997,592,'CARINGIN LAPANG'),
 (3998,592,'CARINGIN TONGOH'),
 (3999,592,'CARINGIN WETAN'),
 (4000,592,'CARINGINM'),
 (4001,592,'CARNGINKORAMIL'),
 (4002,592,'CASRINGIN'),
 (4003,592,'CCICATIH'),
 (4004,592,'CCICURUG'),
 (4005,592,'CCIURUG'),
 (4006,592,'CCRUG'),
 (4007,592,'CCURUG'),
 (4008,592,'CIAGADOG'),
 (4009,592,'CIANGSANA'),
 (4010,592,'CIARINGIN'),
 (4011,592,'CIASAAT'),
 (4012,592,'CIATIH'),
 (4013,592,'CIBADAK'),
 (4014,592,'CIBAREGBEG'),
 (4015,592,'CIBATU'),
 (4016,592,'CIBEBER'),
 (4017,592,'CIBEBER GIRANG'),
 (4018,592,'CIBEBER HILIR'),
 (4019,592,'CIBELIK'),
 (4020,592,'CIBEREBEG'),
 (4021,592,'CIBGOMBONG'),
 (4022,592,'CIBILIK'),
 (4023,592,'CIBLILIK'),
 (4024,592,'CIBTU PASAWAHAN'),
 (4025,592,'CIBUNTU'),
 (4026,592,'CIBUNTU CICUTRUG'),
 (4027,592,'CIBURAYUT'),
 (4028,592,'CIBURIAL'),
 (4029,592,'CIBURUY'),
 (4030,592,'CIC URUG'),
 (4031,592,'CICANTAYAN'),
 (4032,592,'CICATIH'),
 (4033,592,'CICAURUG'),
 (4034,592,'CICEWOL'),
 (4035,592,'CICIRIU'),
 (4036,592,'CICIRUG'),
 (4037,592,'CICIRUUG'),
 (4038,592,'CICIURUG'),
 (4039,592,'CICRUG'),
 (4040,592,'CICRUUG'),
 (4041,592,'CICTAIH'),
 (4042,592,'CICTH'),
 (4043,592,'CICU'),
 (4044,592,'CICUARUG'),
 (4045,592,'CICUCRUG'),
 (4046,592,'CICUCRUG]'),
 (4047,592,'CICUCUG'),
 (4048,592,'CICUCURUG'),
 (4049,592,'CICUERUG'),
 (4050,592,'CICUIRUG'),
 (4051,592,'CICURAUG'),
 (4052,592,'CICUREUG'),
 (4053,592,'CICURG'),
 (4054,592,'CICURU'),
 (4055,592,'CICURUG PASAR'),
 (4056,592,'CICURUG.'),
 (4057,592,'CICURUG0'),
 (4058,592,'CICURUGCICURUG'),
 (4059,592,'CICURUG]'),
 (4060,592,'CICURUH'),
 (4061,592,'CICURUNG'),
 (4062,592,'CICURURG'),
 (4063,592,'CICURURUG'),
 (4064,592,'CICURUT'),
 (4065,592,'CICURYG'),
 (4066,592,'CICUURG'),
 (4067,592,'CICUURUG'),
 (4068,592,'CICUUUG'),
 (4069,592,'CICUWOL'),
 (4070,592,'CICWAWOL'),
 (4071,592,'CIDAHU'),
 (4072,592,'CIDAHUCICURUG'),
 (4073,592,'CIGADOG'),
 (4074,592,'CIGOMBONG'),
 (4075,592,'CIICURUG'),
 (4076,592,'CIIDAHU'),
 (4077,592,'CIIRUG'),
 (4078,592,'CIJAMBE'),
 (4079,592,'CIJENGKOL'),
 (4080,592,'CIJERUK'),
 (4081,592,'CIKEMABANRG'),
 (4082,592,'CIKEMBANG'),
 (4083,592,'CIKIRAI'),
 (4084,592,'CIKIRAY'),
 (4085,592,'CIKMELATI'),
 (4086,592,'CIMALATI'),
 (4087,592,'CIMANDE'),
 (4088,592,'CIMANGGU . CIKEMBAR'),
 (4089,592,'CIMEALATI'),
 (4090,592,'CIMELATI'),
 (4091,592,'CIMELSTI'),
 (4092,592,'CIMENTENG'),
 (4093,592,'CIMEOLATI'),
 (4094,592,'CINANGRANG'),
 (4095,592,'CINYANGKOEK'),
 (4096,592,'CIORAY'),
 (4097,592,'CIPAMULAAN'),
 (4098,592,'CIPANENGAH'),
 (4099,592,'CIPARAI'),
 (4100,592,'CIPARI'),
 (4101,592,'CIPARI CSAAT'),
 (4102,592,'CIPETIR'),
 (4103,592,'CIRNA SARI'),
 (4104,592,'CIRURUG'),
 (4105,592,'CISAAAT'),
 (4106,592,'CISAAT CICUCURG'),
 (4107,592,'CISALADA'),
 (4108,592,'CISAT'),
 (4109,592,'CISSAT'),
 (4110,592,'CITENJO AYU'),
 (4111,592,'CIUATA'),
 (4112,592,'CIUCURUG'),
 (4113,592,'CIURATA'),
 (4114,592,'CIURUG'),
 (4115,592,'CIUTA'),
 (4116,592,'CIUTAR'),
 (4117,592,'CIUTARA'),
 (4118,592,'CIUTARA CICUCRUG'),
 (4119,592,'CKUTA JAYA'),
 (4120,592,'CMEKAR SARI'),
 (4121,592,'CNYANGKOEK'),
 (4122,592,'CO9CURUG'),
 (4123,592,'COICURUG'),
 (4124,592,'CRAINGIN'),
 (4125,592,'CSAAT'),
 (4126,592,'CUCTENJOAYU'),
 (4127,592,'CUCURG'),
 (4128,592,'CUICURUG'),
 (4129,592,'DARMAREJA'),
 (4130,592,'EKARSARI'),
 (4131,592,'EMJOAYAU'),
 (4132,592,'GARINGIN'),
 (4133,592,'GIN ANJAR'),
 (4134,592,'GINTUNG'),
 (4135,592,'GIRI JAYA'),
 (4136,592,'GIRIJAYA'),
 (4137,592,'GOMBONG ONANG'),
 (4138,592,'GUNAJAYA'),
 (4139,592,'HANGKONG RENGA'),
 (4140,592,'HEGAR MANAH'),
 (4141,592,'HEGARMANAH'),
 (4142,592,'ICURUG'),
 (4143,592,'ICUUG'),
 (4144,592,'JAMI'),
 (4145,592,'JANGKOEK'),
 (4146,592,'JAYA'),
 (4147,592,'JAYA BAKTI'),
 (4148,592,'JAYABAKTI'),
 (4149,592,'JL LEGOS'),
 (4150,592,'KAMP PAKAMETAN'),
 (4151,592,'KAMPUNG GINTUNG'),
 (4152,592,'KAMPUNGLEMPO'),
 (4153,592,'KARANG JAYA'),
 (4154,592,'KARANG SIRNA'),
 (4155,592,'KARANG TENGAH'),
 (4156,592,'KAUM'),
 (4157,592,'KAUM KALER'),
 (4158,592,'KAUM KIDUL'),
 (4159,592,'KAUM TENGAH'),
 (4160,592,'KAUMTZNGAH'),
 (4161,592,'KB KAUNG'),
 (4162,592,'KEBON CAU'),
 (4163,592,'KEBON KAWUNG'),
 (4164,592,'KEBONKAUNG'),
 (4165,592,'KEL'),
 (4166,592,'KERTA JAYA'),
 (4167,592,'KERTAJAYA'),
 (4168,592,'KOIN BAJU'),
 (4169,592,'KOMNGSI'),
 (4170,592,'KOMPA'),
 (4171,592,'KONGSI'),
 (4172,592,'KOTA JAAYA'),
 (4173,592,'KP LIO'),
 (4174,592,'KP NAMPEL'),
 (4175,592,'KUT JY'),
 (4176,592,'KUTA GIRANG'),
 (4177,592,'KUTA JAYA'),
 (4178,592,'KUTA JYA'),
 (4179,592,'KUTACICURUG'),
 (4180,592,'KUTAJA'),
 (4181,592,'KUTAJYA'),
 (4182,592,'KUTJAYA'),
 (4183,592,'LABAK JAYA'),
 (4184,592,'LEABAK PARI'),
 (4185,592,'LEBAK JAYA'),
 (4186,592,'LEBAK PASAR'),
 (4187,592,'LEBAK SARI'),
 (4188,592,'LEBAK SINYAR'),
 (4189,592,'LEBAKJAYA'),
 (4190,592,'LEBAKSAR'),
 (4191,592,'LEBAKSARI'),
 (4192,592,'LEGOG NYENAG'),
 (4193,592,'LEGOG NYENANG'),
 (4194,592,'LEGOS'),
 (4195,592,'LEGOS CCCURUG'),
 (4196,592,'LEMBUR KOLOT'),
 (4197,592,'LEMBURKOLOT'),
 (4198,592,'LEMBUTKOLOT'),
 (4199,592,'LEUBAK PASAR'),
 (4200,592,'LEUWI PECANG'),
 (4201,592,'LEWI PECANG'),
 (4202,592,'LIDO PERMAI'),
 (4203,592,'LIMBANG JAYA'),
 (4204,592,'LINGKUNGAN'),
 (4205,592,'MAEKAR SARI'),
 (4206,592,'MAGGIS GIRANG'),
 (4207,592,'MAKA SARI'),
 (4208,592,'MAKARSARI'),
 (4209,592,'MAKASARI'),
 (4210,592,'MAKASRI'),
 (4211,592,'MANGGIS  GIRANG'),
 (4212,592,'MANGGIS GIRANG'),
 (4213,592,'MANGGIS HILIR'),
 (4214,592,'MANGGISGIRANG'),
 (4215,592,'MANGIS'),
 (4216,592,'MANGUN JAYA'),
 (4217,592,'MARGALUYU'),
 (4218,592,'MEAKARSARI'),
 (4219,592,'MEAKASARI'),
 (4220,592,'MEAKRSARI'),
 (4221,592,'MEKAERSAI'),
 (4222,592,'MEKAR  SARI'),
 (4223,592,'MEKAR ASIH'),
 (4224,592,'MEKAR SARI'),
 (4225,592,'MEKAR SARI BTN D 10 NO 02'),
 (4226,592,'MEKARARI'),
 (4227,592,'MEKARASARI'),
 (4228,592,'MEKARJAYA'),
 (4229,592,'MEKARKAJA'),
 (4230,592,'MEKARS ARI'),
 (4231,592,'MEKARSAARI'),
 (4232,592,'MEKARSAR I'),
 (4233,592,'MEKARSARI PERMAI'),
 (4234,592,'MEKARSRAI'),
 (4235,592,'MEKARTSARI'),
 (4236,592,'MEKASARI'),
 (4237,592,'MEKASRSARI PERMAI'),
 (4238,592,'MEKRJAYA'),
 (4239,592,'MEKRSARI'),
 (4240,592,'MENTENG'),
 (4241,592,'MMNANGERANG'),
 (4242,592,'MUTIARALIDO'),
 (4243,592,'NABGERANG'),
 (4244,592,'NAGERANG'),
 (4245,592,'NAGGERANG'),
 (4246,592,'NAGGERANGSENTARAL'),
 (4247,592,'NAGKALAK'),
 (4248,592,'NAGKLEK'),
 (4249,592,'NAGRAK'),
 (4250,592,'NAGRGERANG'),
 (4251,592,'NANGEARANG'),
 (4252,592,'NANGEARNG'),
 (4253,592,'NANGERAMG'),
 (4254,592,'NANGEREANG'),
 (4255,592,'NANGGERANG'),
 (4256,592,'NANGGGERANG'),
 (4257,592,'NANGKLAK'),
 (4258,592,'NANGKLAL'),
 (4259,592,'NANGKOEK'),
 (4260,592,'NANGKOWE'),
 (4261,592,'NANNGERANG'),
 (4262,592,'NANYAKOWEK'),
 (4263,592,'NAYANGKOEK'),
 (4264,592,'NAYANGKOWEK'),
 (4265,592,'NAYNGKOEK'),
 (4266,592,'NAYNGKOWEK'),
 (4267,592,'NBABAKAN'),
 (4268,592,'NEGLASARI'),
 (4269,592,'NEGOS'),
 (4270,592,'NEMPEL'),
 (4271,592,'NENGGERANG'),
 (4272,592,'NGGERNG'),
 (4273,592,'NYAGKOWEK'),
 (4274,592,'NYAINDUNG'),
 (4275,592,'NYAKOWEK'),
 (4276,592,'NYALINDUG'),
 (4277,592,'NYALINDUNG'),
 (4278,592,'NYAMNGKOEK'),
 (4279,592,'NYAMPLONG'),
 (4280,592,'NYANG KOEK'),
 (4281,592,'NYANG KOWEK'),
 (4282,592,'NYANGJOEK'),
 (4283,592,'NYANGKEOK'),
 (4284,592,'NYANGKEWOK'),
 (4285,592,'NYANGKKOWEK'),
 (4286,592,'NYANGKOEK'),
 (4287,592,'NYANGKOENG'),
 (4288,592,'NYANGKOEWEK'),
 (4289,592,'NYANGKOWE'),
 (4290,592,'NYANGKOWEK CICUURUG'),
 (4291,592,'NYANGKOWWEK'),
 (4292,592,'NYANKOEK'),
 (4293,592,'NYNAGKOWEK'),
 (4294,592,'NYNGKOEK'),
 (4295,592,'NYNGKOWEK'),
 (4296,592,'PACANTILAN'),
 (4297,592,'PACAWATI'),
 (4298,592,'PADA ASIH'),
 (4299,592,'PADAGENYANG'),
 (4300,592,'PAJAGAN'),
 (4301,592,'PAKEMITAN'),
 (4302,592,'PALA SARI'),
 (4303,592,'PALASARI'),
 (4304,592,'PALASARI HILIR'),
 (4305,592,'PAMOYANAN'),
 (4306,592,'PAMOYANANA'),
 (4307,592,'PAMOYENAN'),
 (4308,592,'PAMUJRUYAN'),
 (4309,592,'PANCA WATI'),
 (4310,592,'PANCANJILAN'),
 (4311,592,'PANCAWATI'),
 (4312,592,'PANGKALAN'),
 (4313,592,'PANKALAN CICUCURUG'),
 (4314,592,'PARIGI'),
 (4315,592,'PASAAWAHAN'),
 (4316,592,'PASAHAHAN'),
 (4317,592,'PASAHAN'),
 (4318,592,'PASAHAWAN'),
 (4319,592,'PASAWAHA'),
 (4320,592,'PASAWAHAN CICU'),
 (4321,592,'PASAWAHAN.'),
 (4322,592,'PASAWAHN'),
 (4323,592,'PASAWAN'),
 (4324,592,'PASAWANHAN'),
 (4325,592,'PASAWHAN'),
 (4326,592,'PASAWSAHAN'),
 (4327,592,'PASIR DOTON'),
 (4328,592,'PASIR DOTON CIDAHU'),
 (4329,592,'PASIR GADUNG'),
 (4330,592,'PASIR HALANG'),
 (4331,592,'PASIR JAYA'),
 (4332,592,'PASIR KONDANG'),
 (4333,592,'PASIR PACAR'),
 (4334,592,'PASIRDALEM'),
 (4335,592,'PASIRDOTON'),
 (4336,592,'PASIRTEAGAH'),
 (4337,592,'PASIRTENAGAHA'),
 (4338,592,'PASSIRTENGAHA'),
 (4339,592,'PASWAHAN'),
 (4340,592,'PAUWASARI'),
 (4341,592,'PAWAHAN'),
 (4342,592,'PAWASAHAN'),
 (4343,592,'PAWENANG'),
 (4344,592,'PD KAO LANDEH'),
 (4345,592,'PD KASO'),
 (4346,592,'PD KASO LANDEUH'),
 (4347,592,'PD KASO TENAH'),
 (4348,592,'PD KASO TENGAH'),
 (4349,592,'PD KASOLANDEUH'),
 (4350,592,'PDK KASO'),
 (4351,592,'PENJOAYU'),
 (4352,592,'PERUM MEKAR SARI'),
 (4353,592,'PESAWAHAN'),
 (4354,592,'PNDK KASO LANDEUH'),
 (4355,592,'POJOK'),
 (4356,592,'POJOK SARI'),
 (4357,592,'POJOKNANGKA'),
 (4358,592,'POLSEK'),
 (4359,592,'PONDAOKAN'),
 (4360,592,'PONDOK AKSO  TONGGOHANDEUH'),
 (4361,592,'PONDOK KASO'),
 (4362,592,'PONDOK KASO LADEUH'),
 (4363,592,'PONDOK KASO LANDEUH'),
 (4364,592,'PONDOK KASO TONGGOH'),
 (4365,592,'PONDOK KASOLANDEH'),
 (4366,592,'PONDOK KASOTEGHA'),
 (4367,592,'PONDOKASO'),
 (4368,592,'PONDOKASO LANDEUH'),
 (4369,592,'PONDOKASO TONGGOH'),
 (4370,592,'PONDOKKASO'),
 (4371,592,'PONDOKKASO TONGGO'),
 (4372,592,'PONDOKKASO TONGGOH'),
 (4373,592,'PONDOKKASO TONGOH'),
 (4374,592,'PONDOKKASOTENGAH'),
 (4375,592,'PRWASARI'),
 (4376,592,'PS DOTON'),
 (4377,592,'PSAWAHAN'),
 (4378,592,'PSIGAN'),
 (4379,592,'PSINGAH'),
 (4380,592,'PT AGRAWIRA'),
 (4381,592,'PT KOIN BAJU'),
 (4382,592,'PT MANITO WOLD'),
 (4383,592,'PT. KOIB BAJU'),
 (4384,592,'PT. KOIN BAJU'),
 (4385,592,'PUALAM'),
 (4386,592,'PUEWASARI'),
 (4387,592,'PULASARI'),
 (4388,592,'PULOSARI'),
 (4389,592,'PULWASARI'),
 (4390,592,'PURAWASARI'),
 (4391,592,'PURNASARI'),
 (4392,592,'PURWA SARI'),
 (4393,592,'PURWA SARI ATU'),
 (4394,592,'PURWA SARI I'),
 (4395,592,'PURWASAAAARI'),
 (4396,592,'PURWASAARI'),
 (4397,592,'PURWASAEI'),
 (4398,592,'PURWASARAI'),
 (4399,592,'PURWASARI 1'),
 (4400,592,'PURWASARI I'),
 (4401,592,'PURWASRI'),
 (4402,592,'PURWSARI'),
 (4403,592,'PURWWASARI'),
 (4404,592,'PURWZSZRI'),
 (4405,592,'PUWASARI'),
 (4406,592,'RAWA SIDKIN'),
 (4407,592,'RAWA SINGKIN'),
 (4408,592,'RAWASIDKIN'),
 (4409,592,'SADA MUKTI'),
 (4410,592,'SADAMIKTI'),
 (4411,592,'SADAMUKTI'),
 (4412,592,'SAWAH RANDU'),
 (4413,592,'SEKARWANGI'),
 (4414,592,'SELAJAMBE'),
 (4415,592,'SEUSEUPAN'),
 (4416,592,'SINANG RESMI'),
 (4417,592,'SINANGFALAI'),
 (4418,592,'SINANGPALAI'),
 (4419,592,'SINDANG PALANG'),
 (4420,592,'SINDANG PALAY'),
 (4421,592,'SINDANG PARAI'),
 (4422,592,'SINDANG RESMI'),
 (4423,592,'SINDANG RESMIN'),
 (4424,592,'SINDANG SARI'),
 (4425,592,'SINDANGPALAY'),
 (4426,592,'SINDANNGPPALAY'),
 (4427,592,'SIRANBAKTI'),
 (4428,592,'SIRNA BAKTI'),
 (4429,592,'SIRNA SARI'),
 (4430,592,'SIRNABAKTI'),
 (4431,592,'SIRNAJAYA'),
 (4432,592,'SIRNARESMI'),
 (4433,592,'SIRNASARI'),
 (4434,592,'SUKA JAYA'),
 (4435,592,'SUKA SIRNA'),
 (4436,592,'SUKAJAYA'),
 (4437,592,'SUKAMAJU'),
 (4438,592,'SUKAMANAH'),
 (4439,592,'SUKASARI'),
 (4440,592,'SUKATANI'),
 (4441,592,'TANGGERANG'),
 (4442,592,'TANGKIL'),
 (4443,592,'TANJOLAYA'),
 (4444,592,'TANJUNG SARI'),
 (4445,592,'TEBJO AYU'),
 (4446,592,'TEBJO JAYA'),
 (4447,592,'TEJO AYU'),
 (4448,592,'TEJO LAYA'),
 (4449,592,'TEMJOAYU'),
 (4450,592,'TEMNJO AYU'),
 (4451,592,'TENJO AYAU'),
 (4452,592,'TENJO AYU'),
 (4453,592,'TENJO JAYA'),
 (4454,592,'TENJO LAYA'),
 (4455,592,'TENJO RAYA'),
 (4456,592,'TENJOA AYU'),
 (4457,592,'TENJOA YU'),
 (4458,592,'TENJOAYAU'),
 (4459,592,'TENJOJAYA'),
 (4460,592,'TENJOLYA'),
 (4461,592,'TENJON AYU'),
 (4462,592,'TENJOSYU'),
 (4463,592,'TTENJOLAYA'),
 (4464,592,'TUGU JAYA'),
 (4465,592,'TUGU JYA'),
 (4466,592,'TUGUJAYA'),
 (4467,592,'TUGUJYA'),
 (4468,592,'TWNJOLAYA'),
 (4469,592,'UBRUG'),
 (4470,592,'WANGUN JAYA'),
 (4471,592,'WANGUNJAYA'),
 (4472,592,'WARNAJATI'),
 (4473,592,'WARUGCERI'),
 (4474,592,'WATES JAYA'),
 (4475,592,']CISAT'),
 (4476,685,'BANJAR SARI'),
 (4477,685,'CIADADAP'),
 (4478,685,'CIBADAK'),
 (4479,685,'CIBARENGKOK'),
 (4480,685,'CIBDK'),
 (4481,685,'CIDAAP'),
 (4482,685,'CIDADH'),
 (4483,685,'CIDADP'),
 (4484,685,'CIDAHU'),
 (4485,685,'CIHURANG'),
 (4486,685,'GUNUNGBATU'),
 (4487,685,'HEGAR MULYA'),
 (4488,685,'HEGARMANAH'),
 (4489,685,'JAYABAKTI'),
 (4490,685,'LEDENG'),
 (4491,685,'PADA SEKAR'),
 (4492,685,'PADA SENANG'),
 (4493,685,'PADASENENG'),
 (4494,685,'PD SENANG'),
 (4495,685,'PERKEBUNAN CIKASINTU'),
 (4496,685,'SIMPENAN'),
 (4497,164,'05'),
 (4498,164,'ACIDAHU'),
 (4499,164,'ANKIL CDAHU'),
 (4500,164,'BABABKAN PARI'),
 (4501,164,'BABAKA N PARI'),
 (4502,164,'BABAKA PARI'),
 (4503,164,'BABAKAB PARI'),
 (4504,164,'BABAKAN'),
 (4505,164,'BABAKAN  PARI'),
 (4506,164,'BABAKAN APRI'),
 (4507,164,'BABAKAN JAMBPAMNG'),
 (4508,164,'BABAKAN JAMPANG'),
 (4509,164,'BABAKAN JAY A'),
 (4510,164,'BABAKAN JAYA'),
 (4511,164,'BABAKAN PARAI'),
 (4512,164,'BABAKAN PARI ANYAR'),
 (4513,164,'BABAKAN PEUNDEUY'),
 (4514,164,'BABAKANPARI'),
 (4515,164,'BABAKN PARI'),
 (4516,164,'BABAKNAN PARI'),
 (4517,164,'BABKAN PANJANG'),
 (4518,164,'BABKAN PARI'),
 (4519,164,'BAKAKAN PANJANG'),
 (4520,164,'BAKAN PARI'),
 (4521,164,'BB PARI'),
 (4522,164,'BBAKAN PAARI'),
 (4523,164,'BBAKAN PARI'),
 (4524,164,'BBAKANPARI'),
 (4525,164,'BBKAN JAMPANG'),
 (4526,164,'BBKN PARI'),
 (4527,164,'BENDA'),
 (4528,164,'BJ KOKOSAN'),
 (4529,164,'BJ PARI'),
 (4530,164,'BOJOJNG PARI'),
 (4531,164,'BOJONG  GENTENG'),
 (4532,164,'BOJONG GALING'),
 (4533,164,'BOJONG KAWUNG'),
 (4534,164,'BOJONG PARAI'),
 (4535,164,'BOJONG PARI'),
 (4536,164,'BOJONGPARI'),
 (4537,164,'BOOJNG PARI'),
 (4538,164,'BUMI SARI'),
 (4539,164,'CDAHU CICURUG'),
 (4540,164,'CDAHUCICURUG'),
 (4541,164,'CDATI'),
 (4542,164,'CEURI'),
 (4543,164,'CIADAHU'),
 (4544,164,'CIAHU'),
 (4545,164,'CIBADAK'),
 (4546,164,'CIBALAAGUNG'),
 (4547,164,'CIBOJONG'),
 (4548,164,'CIBUNTU'),
 (4549,164,'CIBURUY'),
 (4550,164,'CICAHU'),
 (4551,164,'CICAREUH'),
 (4552,164,'CICDAHU'),
 (4553,164,'CIDAAAHU'),
 (4554,164,'CIDAAHU'),
 (4555,164,'CIDADAP'),
 (4556,164,'CIDAHI'),
 (4557,164,'CIDAHIU'),
 (4558,164,'CIDAHU CICURUG'),
 (4559,164,'CIDAHU I'),
 (4560,164,'CIDAHU MANGIS'),
 (4561,164,'CIDAHU PASAR'),
 (4562,164,'CIDAHU PENTAS'),
 (4563,164,'CIDAHU PSAR'),
 (4564,164,'CIDAHU TANGKIL'),
 (4565,164,'CIDAHU TONGGOH'),
 (4566,164,'CIDAHU TONGOH'),
 (4567,164,'CIDAHUCICURG'),
 (4568,164,'CIDAHUCICURUG'),
 (4569,164,'CIDAHUI'),
 (4570,164,'CIDAHU]CIDAHU'),
 (4571,164,'CIDAJU'),
 (4572,164,'CIDAU'),
 (4573,164,'CIDHU'),
 (4574,164,'CIGAHU'),
 (4575,164,'CIHDAHU'),
 (4576,164,'CIHEULANG TONGGOH'),
 (4577,164,'CIIAI'),
 (4578,164,'CIJABON'),
 (4579,164,'CIKALONG WETAN'),
 (4580,164,'CILUBANG'),
 (4581,164,'CIMANGGU'),
 (4582,164,'CIPAENGAH'),
 (4583,164,'CIPANAS'),
 (4584,164,'CIPANEANGHA'),
 (4585,164,'CIPANENGAH'),
 (4586,164,'CIPANENGAHA'),
 (4587,164,'CIPARI'),
 (4588,164,'CISAAT'),
 (4589,164,'CISAHU'),
 (4590,164,'CITENGAH'),
 (4591,164,'CUDAHUCIDAHU'),
 (4592,164,'DEPOK'),
 (4593,164,'DIDAHU'),
 (4594,164,'GIIRJAYA'),
 (4595,164,'GIRI  JAYA'),
 (4596,164,'GIRIJAJAYA'),
 (4597,164,'GIRIJAYA'),
 (4598,164,'GIRIJAYACIDAHU'),
 (4599,164,'GUIRI JAYA'),
 (4600,164,'IDAHU CICURUG'),
 (4601,164,'JAYA'),
 (4602,164,'JAYA  BAKTI'),
 (4603,164,'JAYA B AKTI'),
 (4604,164,'JAYA BAKAT'),
 (4605,164,'JAYA BAKRI'),
 (4606,164,'JAYA BAKTI'),
 (4607,164,'JAYA BATI'),
 (4608,164,'JAYA BAYA'),
 (4609,164,'JAYA NBAKTI'),
 (4610,164,'JAYABAKTI'),
 (4611,164,'JAYABKTI'),
 (4612,164,'JAYANAKTI'),
 (4613,164,'JAYUA BAKTI'),
 (4614,164,'JOGJOGAN'),
 (4615,164,'JUKJUKAN'),
 (4616,164,'JYA BAKTI'),
 (4617,164,'KEBON CAU'),
 (4618,164,'KJAYABAKTI'),
 (4619,164,'KJAYANAKTI'),
 (4620,164,'KOMPA'),
 (4621,164,'KOTA BESAR'),
 (4622,164,'KP MANGGIS'),
 (4623,164,'KUTA JAYA'),
 (4624,164,'LEBAK PIJUNG'),
 (4625,164,'LEBAK SARI'),
 (4626,164,'MANGLID'),
 (4627,164,'MARGA JAYA'),
 (4628,164,'MEKAR SARI'),
 (4629,164,'MEKARJAYA'),
 (4630,164,'MEKARSARI'),
 (4631,164,'NAGHRKA BERUIT'),
 (4632,164,'NANGKA BEURIT'),
 (4633,164,'PADA TEGAH'),
 (4634,164,'PADA TENGAH'),
 (4635,164,'PAIR DOTON'),
 (4636,164,'PANAGAN'),
 (4637,164,'PAPISANGAN'),
 (4638,164,'PARAKAN PARI'),
 (4639,164,'PARUNGKUDA'),
 (4640,164,'PASIEDOTON'),
 (4641,164,'PASINGAN'),
 (4642,164,'PASIR  JAYA'),
 (4643,164,'PASIR DALAM'),
 (4644,164,'PASIR DATAR'),
 (4645,164,'PASIR DATON'),
 (4646,164,'PASIR DOOTN'),
 (4647,164,'PASIR DOOTON'),
 (4648,164,'PASIR DOTON'),
 (4649,164,'PASIR DOTON]CIDAHU'),
 (4650,164,'PASIR RENGI'),
 (4651,164,'PASIR RENGIT'),
 (4652,164,'PASIR REUNGIT'),
 (4653,164,'PASIR SARANGAN'),
 (4654,164,'PASIR TANGKIL'),
 (4655,164,'PASIRDALEM'),
 (4656,164,'PASIRDATON'),
 (4657,164,'PASIRDOTON]'),
 (4658,164,'PASIRDOTOON'),
 (4659,164,'PD'),
 (4660,164,'PD  KASO'),
 (4661,164,'PD KASO'),
 (4662,164,'PD KASO L'),
 (4663,164,'PD KASO LANDEUH'),
 (4664,164,'PD KASO TENGAH'),
 (4665,164,'PD KASO TONGGOH'),
 (4666,164,'PD TENGAH'),
 (4667,164,'PD. KASO'),
 (4668,164,'PD. KASO TENGAH'),
 (4669,164,'PD. KASO TONGGOH'),
 (4670,164,'PD.KASO'),
 (4671,164,'PD.KASO TENGAH'),
 (4672,164,'PD.KASO TONGGOH'),
 (4673,164,'PDK KASO'),
 (4674,164,'PDK KASO LANDEUH'),
 (4675,164,'PDK KASO TENGAH'),
 (4676,164,'PDK KASO TONGGOH'),
 (4677,164,'PDK TENGAH'),
 (4678,164,'PDK. KASO TENGAH'),
 (4679,164,'PDK. TONGGOH'),
 (4680,164,'PDK.KASO TONGGOH'),
 (4681,164,'PDKASO TENGAH'),
 (4682,164,'PDKASOLANDEH'),
 (4683,164,'PN KASO'),
 (4684,164,'PNDOK KASO TONGGOH'),
 (4685,164,'PNDOKASO TENGAH'),
 (4686,164,'PNGK KASO'),
 (4687,164,'PO9NDOKKASO TENGAH'),
 (4688,164,'PODOK KASO LANDEUH'),
 (4689,164,'PODOKKASO'),
 (4690,164,'PONDIK KASO'),
 (4691,164,'PONDIK KASO TONGGOH'),
 (4692,164,'PONDIOK KAO TONGGOH'),
 (4693,164,'PONDIOK KASO'),
 (4694,164,'PONDIOKKASO TENGAH'),
 (4695,164,'PONDK KASO LANDEUH'),
 (4696,164,'PONDKASO TONGGOH'),
 (4697,164,'PONDO KASO'),
 (4698,164,'PONDO KASO TONGGOH'),
 (4699,164,'PONDO LANDEH'),
 (4700,164,'PONDOK AKSO  TONGGOHANDEUH'),
 (4701,164,'PONDOK AKSO LANDEUH'),
 (4702,164,'PONDOK ASOLANDEH'),
 (4703,164,'PONDOK KAOS TENGAH'),
 (4704,164,'PONDOK KASO'),
 (4705,164,'PONDOK KASO LADEUH'),
 (4706,164,'PONDOK KASO LAN DEUH'),
 (4707,164,'PONDOK KASO LANDEUH'),
 (4708,164,'PONDOK KASO LANDEUH TONGOH'),
 (4709,164,'PONDOK KASO TENAGH'),
 (4710,164,'PONDOK KASO TONGGH'),
 (4711,164,'PONDOK KASO TONGOH'),
 (4712,164,'PONDOK KASO TONNGOH'),
 (4713,164,'PONDOK KASO TON]'),
 (4714,164,'PONDOK KASOTONGGOH'),
 (4715,164,'PONDOK KKASO TONGGOH'),
 (4716,164,'PONDOK KOASO TONGGOH'),
 (4717,164,'PONDOK KSO'),
 (4718,164,'PONDOK KSO TONGGOH'),
 (4719,164,'PONDOK TEANAGAH'),
 (4720,164,'PONDOK TENGAH'),
 (4721,164,'PONDOK TONGGOH'),
 (4722,164,'PONDOK TONGOH'),
 (4723,164,'PONDOKA KSO TENGAH'),
 (4724,164,'PONDOKAKSO TENGAH'),
 (4725,164,'PONDOKASO'),
 (4726,164,'PONDOKASO TENGAH'),
 (4727,164,'PONDOKASO TONGGOH'),
 (4728,164,'PONDOKASO TONGOH'),
 (4729,164,'PONDOKASOTENGAH'),
 (4730,164,'PONDOKASOTONGGOH'),
 (4731,164,'PONDOKKADO'),
 (4732,164,'PONDOKKASO'),
 (4733,164,'PONDOKKASO TANGGOH'),
 (4734,164,'PONDOKKASO TENGAH'),
 (4735,164,'PONDOKKASO TONGGAH'),
 (4736,164,'PONDOKKASO TONGGIH'),
 (4737,164,'PONDOKKASO TONGGOH'),
 (4738,164,'PONDOKKASO TONGOH'),
 (4739,164,'PONDOKKASO TOPNGGOH'),
 (4740,164,'PONDOKKASOTENGAH'),
 (4741,164,'PONDOKKASOTONGGOH'),
 (4742,164,'PONDOKKASOTONGGOK'),
 (4743,164,'PONDOKKASOTONGOH'),
 (4744,164,'PONDOKKASSO'),
 (4745,164,'PONDOKKASSO TONGGOH'),
 (4746,164,'PONDOKKSAO'),
 (4747,164,'PONDOKOSATONGGOH'),
 (4748,164,'PONDOKTONGGOH'),
 (4749,164,'PONKASO TONGGOH'),
 (4750,164,'POPONDOKASO TENGAH'),
 (4751,164,'PPONDOK KASO TENGAH'),
 (4752,164,'PS DOTON'),
 (4753,164,'PS KASO'),
 (4754,164,'PS REUNGIT'),
 (4755,164,'PSR DOTON'),
 (4756,164,'PSR. KLOTOK'),
 (4757,164,'PSR.DOTON'),
 (4758,164,'PT KOIN BAJU'),
 (4759,164,'SADA MUKTI'),
 (4760,164,'SELAGADOG'),
 (4761,164,'SPONDOK KASO TENGAH'),
 (4762,164,'TABNGKIL'),
 (4763,164,'TALANG'),
 (4764,164,'TAMNGKIL'),
 (4765,164,'TANGKI'),
 (4766,164,'TANGKIL I'),
 (4767,164,'TANGKLI'),
 (4768,164,'TENGAH'),
 (4769,164,'TENJO JAYA'),
 (4770,164,'TENJOAYU'),
 (4771,164,'TUGU'),
 (4772,164,'WANGUN JAYA'),
 (4773,164,'WARUGCERI'),
 (4774,164,'WARUNGCERI'),
 (4775,688,'CIBARENGKOK'),
 (4776,688,'CIDALAM'),
 (4777,688,'CIDOLANG'),
 (4778,688,'CIKABANG'),
 (4779,688,'CIMANGGIS'),
 (4780,688,'CIPADALI'),
 (4781,688,'CIPAMANGIS'),
 (4782,688,'CIPAMANGKAS'),
 (4783,688,'CIPAMIIS'),
 (4784,688,'CIPAMINPIS'),
 (4785,688,'CITAMIANG'),
 (4786,688,'MEKAR JAYA'),
 (4787,688,'SAGARANTEN'),
 (4788,688,'TEGAL LEGA'),
 (4789,688,'TEGALEGA'),
 (4790,690,'BANDDRA JAYA'),
 (4791,690,'BENDA'),
 (4792,690,'BOJONGKEMABAR'),
 (4793,690,'CIBUNDA'),
 (4794,690,'CIWANGU'),
 (4795,690,'GIRI MUKTI'),
 (4796,690,'GIRMUKTI'),
 (4797,690,'KEKARJAYA'),
 (4798,690,'MANDRA JAYA'),
 (4799,690,'MEKAR JAYA'),
 (4800,690,'PASIRMANGGU'),
 (4801,690,'SINAR JAYA'),
 (4802,690,'TAMAN JAYA'),
 (4803,690,'WARU'),
 (4804,142,'BENDA'),
 (4805,142,'BIGOMBOMG'),
 (4806,142,'CIADEG'),
 (4807,142,'CIBOMOBONG'),
 (4808,142,'CIBURAY'),
 (4809,142,'CIBURAYUT'),
 (4810,142,'CIBURUY'),
 (4811,142,'CIGOMBONG'),
 (4812,142,'CIGOMBONGF'),
 (4813,142,'CIGPMBONG'),
 (4814,142,'CIHGOMBONG'),
 (4815,142,'CIJERUK'),
 (4816,142,'CILETUH'),
 (4817,142,'CINAGARA'),
 (4818,142,'CISALADA'),
 (4819,142,'LIDO'),
 (4820,142,'PASIR JAYA'),
 (4821,142,'PASIRJAYA'),
 (4822,142,'PT HIT EMIK'),
 (4823,142,'SEROGOL'),
 (4824,142,'SROGOL'),
 (4825,142,'TUGU JAYA'),
 (4826,142,'TUGUJAYA'),
 (4827,142,'WATES JAYA'),
 (4828,167,'BUNGBULANG'),
 (4829,167,'C IJANGKAAR'),
 (4830,167,'CARINGIN'),
 (4831,167,'CIBANGBARA'),
 (4832,167,'CIJANGKAR'),
 (4833,167,'MEKARSARI'),
 (4834,167,'PASIRMUNDING'),
 (4835,167,'SIRNA GALIH'),
 (4836,143,'CIBALUNG'),
 (4837,143,'CIBURAYUT'),
 (4838,143,'CIBURUY'),
 (4839,143,'CIGOMBONG'),
 (4840,143,'CIJAMBU'),
 (4841,143,'CIJERUK'),
 (4842,143,'CIPELANG'),
 (4843,143,'CIPICUNG'),
 (4844,143,'CISALADA'),
 (4845,143,'SROGOL'),
 (4846,143,'WATES JAYA'),
 (4847,143,'WATESJAYA'),
 (4848,143,'WATEUS JAYA'),
 (4849,672,'CILENGSING'),
 (4850,672,'CILEUNGSI'),
 (4851,672,'CIPEDES'),
 (4852,672,'COIMAJA'),
 (4853,672,'KP PANGGUYANGAN'),
 (4854,672,'LIDO GALIH'),
 (4855,672,'LIDOGALIH'),
 (4856,672,'MARGA LAKSANA'),
 (4857,672,'MARGALAYU'),
 (4858,672,'PASIR BADAK'),
 (4859,672,'RIDO GALIH'),
 (4860,672,'RIDO GALING'),
 (4861,672,'SINAR RASA'),
 (4862,672,'SIRNA RASA'),
 (4863,672,'SIRNARESMI'),
 (4864,672,'SUKA MAJU'),
 (4865,169,'+CCIKEMBAR'),
 (4866,169,'ACGRUG'),
 (4867,169,'ACIKEMBAR'),
 (4868,169,'ACIKRMBAR'),
 (4869,169,'ARMED'),
 (4870,169,'ASRAMA'),
 (4871,169,'BABAKAN'),
 (4872,169,'BALEKAMBAG'),
 (4873,169,'BATU HEJO'),
 (4874,169,'BATUNUNGGAL'),
 (4875,169,'BIOJONG KEMBAR'),
 (4876,169,'BJ'),
 (4877,169,'BJ KEMABAR'),
 (4878,169,'BJ KEMBANG'),
 (4879,169,'BJ KEMBAR'),
 (4880,169,'BJ KERTA'),
 (4881,169,'BJ. KEMBAR'),
 (4882,169,'BJ.KEMBAR'),
 (4883,169,'BJ.KEMBAT'),
 (4884,169,'BNOJONG KEMBAR'),
 (4885,169,'BOJNG KEMBAR'),
 (4886,169,'BOJOBG KEMBAR'),
 (4887,169,'BOJOMNGKEAMBAR'),
 (4888,169,'BOJOMNGLONGOK'),
 (4889,169,'BOJONBG'),
 (4890,169,'BOJONG  GENTENG'),
 (4891,169,'BOJONG BABAKAN'),
 (4892,169,'BOJONG CIKENVAR'),
 (4893,169,'BOJONG CUKEAMABAR'),
 (4894,169,'BOJONG EBAR'),
 (4895,169,'BOJONG INDAH'),
 (4896,169,'BOJONG INDUK'),
 (4897,169,'BOJONG KALER'),
 (4898,169,'BOJONG KAMBAR'),
 (4899,169,'BOJONG KEAMABAR'),
 (4900,169,'BOJONG KEAMABR'),
 (4901,169,'BOJONG KEMAABAR'),
 (4902,169,'BOJONG KEMABAR'),
 (4903,169,'BOJONG KEMABR'),
 (4904,169,'BOJONG KEMBANG'),
 (4905,169,'BOJONG KEMBANR'),
 (4906,169,'BOJONG KEMBAR'),
 (4907,169,'BOJONG KEMNAR'),
 (4908,169,'BOJONG KERTA'),
 (4909,169,'BOJONG KIDUL'),
 (4910,169,'BOJONG KONENG'),
 (4911,169,'BOJONG RANGKAS'),
 (4912,169,'BOJONG SARI'),
 (4913,169,'BOJONGCIKEMBAR'),
 (4914,169,'BOJONGCKEMBAR'),
 (4915,169,'BOJONGKEAMABAR'),
 (4916,169,'BOJONGKEBAR'),
 (4917,169,'BOJONGKEEMABR'),
 (4918,169,'BOJONGKEMABAR'),
 (4919,169,'BOJONGKEMBANG'),
 (4920,169,'BOJONGWARUNG'),
 (4921,169,'BOOJONG KEMBAR'),
 (4922,169,'BOONGKEMBAR');
INSERT INTO `ref_desa` (`id`,`kecamatan_id`,`nama`) VALUES 
 (4923,169,'BPOJONG KEMBAR'),
 (4924,169,'CAGGU CIEMBAR'),
 (4925,169,'CARINGIN'),
 (4926,169,'CBOJONG'),
 (4927,169,'CIANGSANA'),
 (4928,169,'CIBAATU'),
 (4929,169,'CIBARENGKOK'),
 (4930,169,'CIBARU CIJERUK'),
 (4931,169,'CIBATU CIKEMBBAR'),
 (4932,169,'CIBEREUM'),
 (4933,169,'CIBODAS'),
 (4934,169,'CIBOJONG'),
 (4935,169,'CIBULUH'),
 (4936,169,'CIBULUH BOGOR'),
 (4937,169,'CICAATIH'),
 (4938,169,'CICATIH'),
 (4939,169,'CIEKMBANG'),
 (4940,169,'CIGOMBONG'),
 (4941,169,'CIIMANGGU'),
 (4942,169,'CIJALINGAN'),
 (4943,169,'CIJERUK'),
 (4944,169,'CIKAMERANG'),
 (4945,169,'CIKANDANG'),
 (4946,169,'CIKAREO'),
 (4947,169,'CIKATE'),
 (4948,169,'CIKEABAR'),
 (4949,169,'CIKEAMABANG'),
 (4950,169,'CIKEAMABAR'),
 (4951,169,'CIKEAMABARA'),
 (4952,169,'CIKEAMABR'),
 (4953,169,'CIKEAMABRA'),
 (4954,169,'CIKEAMBANG'),
 (4955,169,'CIKEAMBAR'),
 (4956,169,'CIKEAMBR'),
 (4957,169,'CIKEAR'),
 (4958,169,'CIKEBANG'),
 (4959,169,'CIKEBAR'),
 (4960,169,'CIKEM'),
 (4961,169,'CIKEMABANG'),
 (4962,169,'CIKEMABAR'),
 (4963,169,'CIKEMABR'),
 (4964,169,'CIKEMANG'),
 (4965,169,'CIKEMAR'),
 (4966,169,'CIKEMBA'),
 (4967,169,'CIKEMBABAR'),
 (4968,169,'CIKEMBAN'),
 (4969,169,'CIKEMBANAG'),
 (4970,169,'CIKEMBANG'),
 (4971,169,'CIKEMBANG CIMANGGU'),
 (4972,169,'CIKEMBANGT'),
 (4973,169,'CIKEMBANR'),
 (4974,169,'CIKEMBAR?CIKEMBAR'),
 (4975,169,'CIKEMBNAG'),
 (4976,169,'CIKEMBR'),
 (4977,169,'CIKEMBVNAG'),
 (4978,169,'CIKEMMBAR'),
 (4979,169,'CIKEMVAR'),
 (4980,169,'CIKERMBAR'),
 (4981,169,'CIKIRAY'),
 (4982,169,'CIKIEMBAR'),
 (4983,169,'CIKLEMBANG'),
 (4984,169,'CIKMBARA'),
 (4985,169,'CIKMEBAR'),
 (4986,169,'CIKRMBANG'),
 (4987,169,'CIKRNGKAP'),
 (4988,169,'CILAKSANA'),
 (4989,169,'CILANGKAP'),
 (4990,169,'CILKEMBANG'),
 (4991,169,'CILKSANA'),
 (4992,169,'CIM,ENTAENG'),
 (4993,169,'CIMAGGU'),
 (4994,169,'CIMAGU'),
 (4995,169,'CIMAHI'),
 (4996,169,'CIMANGU'),
 (4997,169,'CIMANGUU'),
 (4998,169,'CIMANNGU'),
 (4999,169,'CIMARU'),
 (5000,169,'CIMEANTENG'),
 (5001,169,'CIMENGGU'),
 (5002,169,'CIMENTANG'),
 (5003,169,'CIMENTENG'),
 (5004,169,'CIMKEMBAR'),
 (5005,169,'CIMNGGU'),
 (5006,169,'CIMSNGGU'),
 (5007,169,'CINAMGGU'),
 (5008,169,'CINANGGGU'),
 (5009,169,'CINANGGU'),
 (5010,169,'CINATU'),
 (5011,169,'CINBATU'),
 (5012,169,'CINGGU'),
 (5013,169,'CINMANGGU'),
 (5014,169,'CIORAY'),
 (5015,169,'CIPANENGAH'),
 (5016,169,'CIPANENNGAH'),
 (5017,169,'CIPETIR'),
 (5018,169,'CIPICUNG'),
 (5019,169,'CIRUMPUT'),
 (5020,169,'CISALAK'),
 (5021,169,'CISESEPAN'),
 (5022,169,'CISEUPAN'),
 (5023,169,'CISOGOM'),
 (5024,169,'CISONGGOM'),
 (5025,169,'CITANGLAR'),
 (5026,169,'CITATIH'),
 (5027,169,'CITEAGAH'),
 (5028,169,'CITENGAH'),
 (5029,169,'CITENGKOR'),
 (5030,169,'CIUKEMBANG'),
 (5031,169,'CKAREO'),
 (5032,169,'CKEBAR'),
 (5033,169,'CMANGGU'),
 (5034,169,'COGARUNG'),
 (5035,169,'CUMANGGU'),
 (5036,169,'CURUG KEMBAR'),
 (5037,169,'DESA BOJONG KEMBAR'),
 (5038,169,'DS SUKAMULYA'),
 (5039,169,'DS.SUKAMULYA'),
 (5040,169,'GANASO0LI'),
 (5041,169,'GIRI JAYA'),
 (5042,169,'HEGARMANAH'),
 (5043,169,'IGOBONG'),
 (5044,169,'IKEMABAR'),
 (5045,169,'IKEMBAER'),
 (5046,169,'JAYA BAKTI'),
 (5047,169,'JL. CAGAK'),
 (5048,169,'KARANG TENGAH'),
 (5049,169,'KARTA RAHARJA'),
 (5050,169,'KARTARAHARJA'),
 (5051,169,'KB JERUK'),
 (5052,169,'KB. WARU'),
 (5053,169,'KBJERUK'),
 (5054,169,'KBN JERUK'),
 (5055,169,'KEBON JERUK'),
 (5056,169,'KEBON WARU'),
 (5057,169,'KEBONJERUK'),
 (5058,169,'KERTA HARJA'),
 (5059,169,'KERTA RAHARJA'),
 (5060,169,'KERTA RAJAHARJA'),
 (5061,169,'KERTAHARJA'),
 (5062,169,'KERTAKARJA'),
 (5063,169,'KERTALAHARJA'),
 (5064,169,'KERTAMIHARJA'),
 (5065,169,'KERTARAH ARJA'),
 (5066,169,'KERTARAHAJA'),
 (5067,169,'KERTARAHARUJA'),
 (5068,169,'KERTARAHRJA'),
 (5069,169,'KUBANG'),
 (5070,169,'LEMBUR SITU'),
 (5071,169,'LEMBUR TENGAH'),
 (5072,169,'MANDALING'),
 (5073,169,'MEKARJAYA'),
 (5074,169,'MEKARSARI'),
 (5075,169,'MUNJUL'),
 (5076,169,'NETGLASARI'),
 (5077,169,'NOJONG LONGGK'),
 (5078,169,'NOJONG LONGGOK'),
 (5079,169,'NOJONGKEMBAR'),
 (5080,169,'PAAKANLIMA'),
 (5081,169,'PADA BENGHAR'),
 (5082,169,'PADA SUKA'),
 (5083,169,'PADASUKA'),
 (5084,169,'PALABUHAN RATU'),
 (5085,169,'PANGANTOLAN'),
 (5086,169,'PANGLESERAN'),
 (5087,169,'PARAK LIMA'),
 (5088,169,'PARAKAN LIMA'),
 (5089,169,'PARAKN LIMA'),
 (5090,169,'PASIR GEDE'),
 (5091,169,'PASIR GEXDE'),
 (5092,169,'PASIR KALI'),
 (5093,169,'PASIR KUNTUL'),
 (5094,169,'PASIR POGOR'),
 (5095,169,'PASRAKAN LIMA'),
 (5096,169,'PERUM BABAKAN'),
 (5097,169,'PONDOK BITUNG'),
 (5098,169,'PR LIMA'),
 (5099,169,'PR LIMAM BJLOPANG'),
 (5100,169,'PRALIMA'),
 (5101,169,'PRK LIMA'),
 (5102,169,'RAWEY'),
 (5103,169,'SADAMUKTI'),
 (5104,169,'SAMPALAN'),
 (5105,169,'SAMPORA'),
 (5106,169,'SEAKRWANGI'),
 (5107,169,'SEDAMUKTI'),
 (5108,169,'SIKEMBANG'),
 (5109,169,'SIKEMBAR'),
 (5110,169,'SIM-ENAN'),
 (5111,169,'SIMPENAN'),
 (5112,169,'SINDANGRAJA'),
 (5113,169,'SIRNA JAYA'),
 (5114,169,'SIRNA RESMI'),
 (5115,169,'SIUKAMULYA'),
 (5116,169,'SK. MULYA'),
 (5117,169,'SKAMULYA'),
 (5118,169,'SMA'),
 (5119,169,'SUAKAMULYA'),
 (5120,169,'SUAKMULYA'),
 (5121,169,'SUHARJA'),
 (5122,169,'SUIKAMAJU'),
 (5123,169,'SUIKAMULYA'),
 (5124,169,'SUKA  MULYA'),
 (5125,169,'SUKA BAKTI'),
 (5126,169,'SUKA MAJU'),
 (5127,169,'SUKA MULYA'),
 (5128,169,'SUKA MURYA'),
 (5129,169,'SUKABAKTI'),
 (5130,169,'SUKABMULYA'),
 (5131,169,'SUKAHARJA'),
 (5132,169,'SUKALMULYA'),
 (5133,169,'SUKAMANIS'),
 (5134,169,'SUKAMANTRI'),
 (5135,169,'SUKAMAULYA'),
 (5136,169,'SUKAMAYA'),
 (5137,169,'SUKAMJU'),
 (5138,169,'SUKAMLUYA'),
 (5139,169,'SUKAMLYA'),
 (5140,169,'SUKAMUILYA'),
 (5141,169,'SUKAMUKTI'),
 (5142,169,'SUKAMULAYA'),
 (5143,169,'SUKAMULYA.'),
 (5144,169,'SUKAMUYA'),
 (5145,169,'SUKANMULYA'),
 (5146,169,'SUKARAHARJA'),
 (5147,169,'SUKASIRNA'),
 (5148,169,'SUKATANI'),
 (5149,169,'SUKLAMULYA'),
 (5150,169,'SUKMAJU'),
 (5151,169,'SUKMULYA'),
 (5152,169,'SULAMULYA'),
 (5153,169,'SULJU'),
 (5154,169,'SUMAKULYA'),
 (5155,169,'SUNGAAN'),
 (5156,169,'SUNGAPAN'),
 (5157,169,'TEGAL DATAR'),
 (5158,169,'TEGAL PANJANG'),
 (5159,169,'TENJOLAUT'),
 (5160,169,'TG SARI'),
 (5161,169,'WANGUN JAYA'),
 (5162,595,'AMANSARI'),
 (5163,595,'ANYINDANGAN'),
 (5164,595,'BABAKAN JAYA'),
 (5165,595,'BABAKAN SIRNA'),
 (5166,595,'BANTAR GADUNG'),
 (5167,595,'BANTAR SELANG'),
 (5168,595,'BIMISARI'),
 (5169,595,'BITUNG'),
 (5170,595,'BUISARI'),
 (5171,595,'BUMI'),
 (5172,595,'BUMI  SARI'),
 (5173,595,'BUMI ASIH'),
 (5174,595,'BUMI SARI'),
 (5175,595,'BUNI SARI'),
 (5176,595,'BUNI WANGI'),
 (5177,595,'BUNISARI'),
 (5178,595,'CBUMI SARI'),
 (5179,595,'CCAREUH'),
 (5180,595,'CCICAREUH'),
 (5181,595,'CCIIDANG'),
 (5182,595,'CI,IDANG'),
 (5183,595,'CIACAREUH'),
 (5184,595,'CIACREUH'),
 (5185,595,'CIAIADANG'),
 (5186,595,'CIALINGAN'),
 (5187,595,'CIANGKREK'),
 (5188,595,'CIANGREK'),
 (5189,595,'CIATER'),
 (5190,595,'CIAWI TALI'),
 (5191,595,'CIAWITALI'),
 (5192,595,'CIBANTENG'),
 (5193,595,'CIBATU'),
 (5194,595,'CIBOGO'),
 (5195,595,'CICADAS'),
 (5196,595,'CICAEUH'),
 (5197,595,'CICAREAH'),
 (5198,595,'CICAREH'),
 (5199,595,'CICAREU'),
 (5200,595,'CICAREUG'),
 (5201,595,'CICAREUGH'),
 (5202,595,'CICARUEH'),
 (5203,595,'CICARUH'),
 (5204,595,'CICREUH'),
 (5205,595,'CICURUG'),
 (5206,595,'CIDADAP'),
 (5207,595,'CIDAEU'),
 (5208,595,'CIDANG'),
 (5209,595,'CIGELONG'),
 (5210,595,'CIGOMBONG'),
 (5211,595,'CIGUHA'),
 (5212,595,'CIHANYAWAR'),
 (5213,595,'CIHANYAWR'),
 (5214,595,'CIHELANG'),
 (5215,595,'CIHURIP'),
 (5216,595,'CIIDANG'),
 (5217,595,'CIIDNG'),
 (5218,595,'CIIRAY'),
 (5219,595,'CIJAMBU'),
 (5220,595,'CIJKIDANG'),
 (5221,595,'CIKADUG'),
 (5222,595,'CIKARAE THOYIBAH'),
 (5223,595,'CIKARANG'),
 (5224,595,'CIKARARANGE'),
 (5225,595,'CIKDANG'),
 (5226,595,'CIKDIANG'),
 (5227,595,'CIKIAAMG]'),
 (5228,595,'CIKIADANG'),
 (5229,595,'CIKIADANGCIKIDANG'),
 (5230,595,'CIKIDAG'),
 (5231,595,'CIKIDAMG'),
 (5232,595,'CIKIDAMH'),
 (5233,595,'CIKIDANFG'),
 (5234,595,'CIKIDANG HILIR'),
 (5235,595,'CIKIDANG?CIKIDANG'),
 (5236,595,'CIKIDANGA'),
 (5237,595,'CIKIDANHG'),
 (5238,595,'CIKIDANMG'),
 (5239,595,'CIKIDNG'),
 (5240,595,'CIKIRAYA'),
 (5241,595,'CIKISANG'),
 (5242,595,'CIKIURAY'),
 (5243,595,'CIKKIDANG'),
 (5244,595,'CILENAB'),
 (5245,595,'CILENGO'),
 (5246,595,'CILENTAB'),
 (5247,595,'CILETUH'),
 (5248,595,'CIPANENGAH'),
 (5249,595,'CIPETIR'),
 (5250,595,'CIPETYIR'),
 (5251,595,'CIPICUNG'),
 (5252,595,'CIRAEUH'),
 (5253,595,'CISAAR'),
 (5254,595,'CISALAK'),
 (5255,595,'CISAMPORA'),
 (5256,595,'CITAMIANG'),
 (5257,595,'CKIDANG'),
 (5258,595,'CKIDNG'),
 (5259,595,'CPANGKA;A'),
 (5260,595,'CUIKIDANG'),
 (5261,595,'CUKIDANG'),
 (5262,595,'CUKIRAY'),
 (5263,595,'GEGUDANG'),
 (5264,595,'GIRIJAYA'),
 (5265,595,'GN MALANG'),
 (5266,595,'GN.MALANG'),
 (5267,595,'GNMALANG'),
 (5268,595,'GUNUNG BALANG'),
 (5269,595,'GUNUNG MLANG'),
 (5270,595,'GUNUNG SARI'),
 (5271,595,'GUNUNGMALANG'),
 (5272,595,'GUUNUNGMALANG'),
 (5273,595,'HEGAR MULYA'),
 (5274,595,'HUNUNG MALANG'),
 (5275,595,'IDANG'),
 (5276,595,'IIANG'),
 (5277,595,'IKIDANG'),
 (5278,595,'KALAPA REA'),
 (5279,595,'KP CIMAPAG'),
 (5280,595,'KP.PAJAGAN'),
 (5281,595,'KUBANG'),
 (5282,595,'KUBANG HERANG'),
 (5283,595,'LANGEN SARI'),
 (5284,595,'LANGENSARI'),
 (5285,595,'LEBAK NANGKA'),
 (5286,595,'LEMBUR SITU'),
 (5287,595,'LEUWENG DATAR'),
 (5288,595,'LEUWEUNG DATAR'),
 (5289,595,'LEUWEUNGDATAR'),
 (5290,595,'LEUWUENG DATAR'),
 (5291,595,'LEWENG DATAR'),
 (5292,595,'LEWENGDATAR'),
 (5293,595,'LEWEUNG DATAR'),
 (5294,595,'LW DATAR'),
 (5295,595,'MALINPING'),
 (5296,595,'MEAKARANANGKA'),
 (5297,595,'MEKA RNANGKA'),
 (5298,595,'MEKAR ANGSA'),
 (5299,595,'MEKAR MNAGKA'),
 (5300,595,'MEKAR NAGKA'),
 (5301,595,'MEKAR NANGKA'),
 (5302,595,'MEKARJAYA'),
 (5303,595,'MEKARNAGKA'),
 (5304,595,'MEKARNANGKO'),
 (5305,595,'MEKASRNANGKA'),
 (5306,595,'MUARA SARI'),
 (5307,595,'NAGKA'),
 (5308,595,'NAGKA KONENG'),
 (5309,595,'NAGKAKONENG'),
 (5310,595,'NAGRAK'),
 (5311,595,'NAGRAK KONENG'),
 (5312,595,'NANGELAR'),
 (5313,595,'NANGGKAKONENG'),
 (5314,595,'NANGKA'),
 (5315,595,'NANGKA KONONG'),
 (5316,595,'NANGKA LEAH'),
 (5317,595,'NANGKAKONENG'),
 (5318,595,'NANGTKAKONENG'),
 (5319,595,'NARINGGUL'),
 (5320,595,'NEGLASARI'),
 (5321,595,'NYANGKONENG'),
 (5322,595,'NYOMPLONG'),
 (5323,595,'PAAAASIRGUDANG'),
 (5324,595,'PAANGKAALAN'),
 (5325,595,'PAANGKALAN'),
 (5326,595,'PAJAGAN'),
 (5327,595,'PAJAGAN CICURUG'),
 (5328,595,'PALASARI'),
 (5329,595,'PAMNGKALAN'),
 (5330,595,'PAMURUYAN'),
 (5331,595,'PAN GKALAN'),
 (5332,595,'PANBGKALAN'),
 (5333,595,'PANGAKALAN'),
 (5334,595,'PANGAKALN'),
 (5335,595,'PANGAKAN'),
 (5336,595,'PANGALAN'),
 (5337,595,'PANGASHAN'),
 (5338,595,'PANGKAAN'),
 (5339,595,'PANGKAN'),
 (5340,595,'PANGKKALANCIIDANG'),
 (5341,595,'PANGKLAN'),
 (5342,595,'PANGKLAN CUIBOLANG'),
 (5343,595,'PANGLKALAN'),
 (5344,595,'PANHKALAN'),
 (5345,595,'PANKALAN'),
 (5346,595,'PANKALAN CICUCURUG'),
 (5347,595,'PARAKAN TELU'),
 (5348,595,'PARANBON'),
 (5349,595,'PASIR DOTON'),
 (5350,595,'PASIR GOMBONG'),
 (5351,595,'PASIR GUDANG'),
 (5352,595,'PASIR LARANGAN'),
 (5353,595,'PASIR RARANGAN'),
 (5354,595,'PASIR RARARANGAN'),
 (5355,595,'PASIRLANGKAP'),
 (5356,595,'PASIRNANGKA'),
 (5357,595,'PASIRRARANGAN'),
 (5358,595,'PENGKOLAN'),
 (5359,595,'PGKALAN'),
 (5360,595,'PINANG GADING'),
 (5361,595,'PINANGGADING'),
 (5362,595,'PINDANG GALING'),
 (5363,595,'SAAGEDANG'),
 (5364,595,'SADA MUKTI'),
 (5365,595,'SALAGEDANG'),
 (5366,595,'SAMBA SARI'),
 (5367,595,'SAMPALAN'),
 (5368,595,'SAMPOARA'),
 (5369,595,'SAMPURNA'),
 (5370,595,'SAPALAN'),
 (5371,595,'SEDAKMUKTI'),
 (5372,595,'SEKARSARI'),
 (5373,595,'SIKIDANG'),
 (5374,595,'SOROGOL'),
 (5375,595,'SUKA MAJU'),
 (5376,595,'SUKA SARNA'),
 (5377,595,'SUKA SIRNA'),
 (5378,595,'SUKA SIRNA CIBADAK'),
 (5379,595,'SUKABMUTI'),
 (5380,595,'SUKAMUKTI'),
 (5381,595,'SUKAMULYA'),
 (5382,595,'SUKASARI'),
 (5383,595,'SUKASIRNA'),
 (5384,595,'SUKASIRNA .'),
 (5385,595,'SUKASIRNA CIBADAK'),
 (5386,595,'SUKASIRNA.'),
 (5387,595,'SUKATANI'),
 (5388,595,'TAMAN'),
 (5389,595,'TAMAN LESTARI'),
 (5390,595,'TAMAN SARI'),
 (5391,595,'TANGKIL'),
 (5392,595,'TANMANSARI'),
 (5393,595,'TAPOS'),
 (5394,595,'TEGALLEGA'),
 (5395,595,'TENJO JAYA'),
 (5396,595,'TENJOJAYA'),
 (5397,595,'TMN. SARI'),
 (5398,595,'TUGU JAYA'),
 (5399,595,'TUGU MALANG'),
 (5400,582,'CIKONDANG'),
 (5401,582,'CIMAHI'),
 (5402,679,'BBAKAN KARET'),
 (5403,679,'BOREGAHINDAH'),
 (5404,679,'CAGGU'),
 (5405,679,'CIHUJAN'),
 (5406,679,'CIKEMBANG'),
 (5407,679,'CIPETIR'),
 (5408,679,'CISONGGONG'),
 (5409,679,'CITATIH'),
 (5410,679,'KALIJAGA'),
 (5411,679,'KARANG MEKAR'),
 (5412,679,'MEKARSARI'),
 (5413,679,'SALUPAN'),
 (5414,679,'SMPLAN'),
 (5415,679,'SUKAM,ULYA'),
 (5416,679,'SUKAMANH'),
 (5417,686,',CIRACAP'),
 (5418,686,'CARINGIN'),
 (5419,686,'CARINGIN NUNGGAL'),
 (5420,686,'CICAKANGKUNG'),
 (5421,686,'CICARAP'),
 (5422,686,'CICKANGKUNG'),
 (5423,686,'CIKAKUNG'),
 (5424,686,'CIKANG KUNG'),
 (5425,686,'CILAAACAP'),
 (5426,686,'CILINGKUNG'),
 (5427,686,'CIRAJAB'),
 (5428,686,'CISASAK JAMPANG'),
 (5429,686,'GIUNUNG BATU'),
 (5430,686,'GN BATU'),
 (5431,686,'GUNUNG BARU'),
 (5432,686,'GUNUNG BATU'),
 (5433,686,'KARANGSARI'),
 (5434,686,'PASIR  PANJANG'),
 (5435,686,'PASIR MALANG'),
 (5436,686,'PASIR PANJANG'),
 (5437,686,'PS PANJANG'),
 (5438,686,'PURWA SEDAR'),
 (5439,686,'PURWASARI'),
 (5440,686,'PURWASEDA'),
 (5441,686,'PURWASEGAR'),
 (5442,686,'PURWASEKAR'),
 (5443,686,'SALAGEDANG'),
 (5444,686,'SUKAMUKTI'),
 (5445,686,'TALAGAMURNI'),
 (5446,686,'WALURAN'),
 (5447,647,'CIBENCOY'),
 (5448,647,'CIKURUTUG'),
 (5449,647,'CIPULUT'),
 (5450,647,'CIPUTAT'),
 (5451,647,'CIRENGHAS'),
 (5452,647,'SUKARAJA'),
 (5453,647,'TEGAL PANJANG'),
 (5454,600,'03'),
 (5455,600,'07'),
 (5456,600,'17-APR'),
 (5457,600,'AL MASTURIYAH'),
 (5458,600,'ALMASTURIYAH'),
 (5459,600,'ANGKALAYA'),
 (5460,600,'ARAMBAY'),
 (5461,600,'BABABAKAN JAYA'),
 (5462,600,'BABAKAN'),
 (5463,600,'BABAKAN  PANJANG'),
 (5464,600,'BABAKAN AKAJAM-ANG'),
 (5465,600,'BABAKAN DAMAI PERUM'),
 (5466,600,'BABAKAN DAMI'),
 (5467,600,'BABAKAN ISAAT'),
 (5468,600,'BABAKAN JAMPANG'),
 (5469,600,'BABAKAN JAY A'),
 (5470,600,'BABAKAN JAYA'),
 (5471,600,'BABAKAN KUPA'),
 (5472,600,'BABAKAN PANJANG'),
 (5473,600,'BABAKAN PARI'),
 (5474,600,'BABAKAN TIPAR'),
 (5475,600,'BABAKANCISAAT'),
 (5476,600,'BABAKANSAR'),
 (5477,600,'BABKAN'),
 (5478,600,'BABKAN APANJANG'),
 (5479,600,'BATU ASIH'),
 (5480,600,'BATU NUNGGAL'),
 (5481,600,'BBABAKAN'),
 (5482,600,'BBAJAN'),
 (5483,600,'BBAK JAMPANG'),
 (5484,600,'BBAKAAN JAYA'),
 (5485,600,'BBAKAN'),
 (5486,600,'BBAKAN DAMAI'),
 (5487,600,'BBAKAN TIPAR'),
 (5488,600,'BBAKARAMBAY'),
 (5489,600,'BBKAN JAMPANG'),
 (5490,600,'BENTENG'),
 (5491,600,'BJ KALER'),
 (5492,600,'BJ KAUNG HILIR'),
 (5493,600,'BJ NEROS'),
 (5494,600,'BOBOJONG'),
 (5495,600,'BOJONG ASIH'),
 (5496,600,'BOJONG KAUNG'),
 (5497,600,'BOJONG NAGKA'),
 (5498,600,'BOLANG'),
 (5499,600,'BSBSKSN'),
 (5500,600,'CAGAK'),
 (5501,600,'CANTAYAN'),
 (5502,600,'CARINGIN'),
 (5503,600,'CATU'),
 (5504,600,'CBATU'),
 (5505,600,'CBENCOY'),
 (5506,600,'CBETANG'),
 (5507,600,'CBOLANGKALER'),
 (5508,600,'CI BOLANG'),
 (5509,600,'CI9BATU'),
 (5510,600,'CI9LANGSI'),
 (5511,600,'CIAAT'),
 (5512,600,'CIABTU'),
 (5513,600,'CIAHURIPAN'),
 (5514,600,'CIAKROYA'),
 (5515,600,'CIAMBE'),
 (5516,600,'CIASAAT'),
 (5517,600,'CIATU'),
 (5518,600,'CIB ENTANG'),
 (5519,600,'CIB9OKLANG KALER'),
 (5520,600,'CIBAAAAAAAATUTEGH'),
 (5521,600,'CIBAAATU'),
 (5522,600,'CIBADAK'),
 (5523,600,'CIBADTU'),
 (5524,600,'CIBALANG KALER'),
 (5525,600,'CIBAOLANG KALER'),
 (5526,600,'CIBARAJA'),
 (5527,600,'CIBARJA'),
 (5528,600,'CIBARTU'),
 (5529,600,'CIBATAU'),
 (5530,600,'CIBATI'),
 (5531,600,'CIBATU .'),
 (5532,600,'CIBATU BABAKAN'),
 (5533,600,'CIBATU CARINGIN'),
 (5534,600,'CIBATU CIASSAAT'),
 (5535,600,'CIBATU KALER'),
 (5536,600,'CIBATU LIK'),
 (5537,600,'CIBATU NAGRAK'),
 (5538,600,'CIBATU POS'),
 (5539,600,'CIBATU RIK CIASATT'),
 (5540,600,'CIBATU SAAT'),
 (5541,600,'CIBATUCAAT'),
 (5542,600,'CIBATUCISAAT'),
 (5543,600,'CIBATUCISAT'),
 (5544,600,'CIBATUKALAER'),
 (5545,600,'CIBATULEGOJK'),
 (5546,600,'CIBATULIK'),
 (5547,600,'CIBATUNG'),
 (5548,600,'CIBATUPOS'),
 (5549,600,'CIBATUTEGAH'),
 (5550,600,'CIBATU]CISAAT'),
 (5551,600,'CIBAU'),
 (5552,600,'CIBDU'),
 (5553,600,'CIBEBER'),
 (5554,600,'CIBENCOY'),
 (5555,600,'CIBENTANG'),
 (5556,600,'CIBENTENG'),
 (5557,600,'CIBERNCOY'),
 (5558,600,'CIBILANG KALER'),
 (5559,600,'CIBLANG KALER'),
 (5560,600,'CIBO;ANG'),
 (5561,600,'CIBOALANG'),
 (5562,600,'CIBOALNG'),
 (5563,600,'CIBOALNG KALER'),
 (5564,600,'CIBOANG KALER'),
 (5565,600,'CIBOKLANG KALER'),
 (5566,600,'CIBOLA KALER'),
 (5567,600,'CIBOLAG'),
 (5568,600,'CIBOLALANG KALER'),
 (5569,600,'CIBOLAMNG KALER'),
 (5570,600,'CIBOLAN KALER'),
 (5571,600,'CIBOLANG'),
 (5572,600,'CIBOLANG  KALER'),
 (5573,600,'CIBOLANG HILIR'),
 (5574,600,'CIBOLANG KAELER'),
 (5575,600,'CIBOLANG KALEAR'),
 (5576,600,'CIBOLANG KALER'),
 (5577,600,'CIBOLANG KALR'),
 (5578,600,'CIBOLANG KAREL'),
 (5579,600,'CIBOLANG KELER'),
 (5580,600,'CIBOLANG KIDUL'),
 (5581,600,'CIBOLANG KLAER'),
 (5582,600,'CIBOLANG KLER'),
 (5583,600,'CIBOLANG LKALAER'),
 (5584,600,'CIBOLANG LKALER'),
 (5585,600,'CIBOLANG MANGKALAYA'),
 (5586,600,'CIBOLANG.'),
 (5587,600,'CIBOLANGA KALER'),
 (5588,600,'CIBOLANGALER'),
 (5589,600,'CIBOLANGK KALER'),
 (5590,600,'CIBOLANGKALAER'),
 (5591,600,'CIBOLANGKALLER'),
 (5592,600,'CIBOLANGKIDUL'),
 (5593,600,'CIBOLANHKALER'),
 (5594,600,'CIBOLANKALER'),
 (5595,600,'CIBOLLANG KALER'),
 (5596,600,'CIBOLNG'),
 (5597,600,'CIBTU'),
 (5598,600,'CIBUNTU'),
 (5599,600,'CICANTAYAN'),
 (5600,600,'CICAREUH'),
 (5601,600,'CICOHAG'),
 (5602,600,'CICSAATK'),
 (5603,600,'CICURUG'),
 (5604,600,'CIDADAP'),
 (5605,600,'CIDOYONG'),
 (5606,600,'CIGAYUNG'),
 (5607,600,'CIGUNUNG'),
 (5608,600,'CIHENGKIK'),
 (5609,600,'CIHINGKIG'),
 (5610,600,'CIHINGKIK'),
 (5611,600,'CIHMAHI'),
 (5612,600,'CIHWENGKIK'),
 (5613,600,'CIIBOLANG'),
 (5614,600,'CIJABE'),
 (5615,600,'CIJAGAUNG'),
 (5616,600,'CIJAGUNG'),
 (5617,600,'CIJALINGAN'),
 (5618,600,'CIJAMBAE'),
 (5619,600,'CIJAMBE'),
 (5620,600,'CIJAMBE TENGAH'),
 (5621,600,'CIJAMBU'),
 (5622,600,'CIJASMBE'),
 (5623,600,'CIJENGKOL'),
 (5624,600,'CIKADU'),
 (5625,600,'CIKAHURIPAN'),
 (5626,600,'CIKARAI'),
 (5627,600,'CIKAROYA'),
 (5628,600,'CIKEMBAR'),
 (5629,600,'CIKIRAY'),
 (5630,600,'CIKIRNY'),
 (5631,600,'CIKOLE'),
 (5632,600,'CIKONDANG'),
 (5633,600,'CIKUJANG'),
 (5634,600,'CIKUKULU'),
 (5635,600,'CIKUNDUL'),
 (5636,600,'CIKUTUY'),
 (5637,600,'CILELES'),
 (5638,600,'CIMAAHI'),
 (5639,600,'CIMAHI'),
 (5640,600,'CIMENTEANG'),
 (5641,600,'CIMENTENG'),
 (5642,600,'CINBOLANG KALER'),
 (5643,600,'CIOBATU'),
 (5644,600,'CIOLANG'),
 (5645,600,'CIOSAAT'),
 (5646,600,'CIPANCUR'),
 (5647,600,'CIPEALANG MARBABU'),
 (5648,600,'CIPETIR'),
 (5649,600,'CIPUNGUR'),
 (5650,600,'CIPUNTANG'),
 (5651,600,'CIRADEN'),
 (5652,600,'CIRENGED'),
 (5653,600,'CIRENGET'),
 (5654,600,'CIRENYED'),
 (5655,600,'CIROYOM'),
 (5656,600,'CIROYON'),
 (5657,600,'CISAA'),
 (5658,600,'CISAAAT'),
 (5659,600,'CISAAS'),
 (5660,600,'CISAAT AL MASTURIYAH'),
 (5661,600,'CISAAT CIBOLANG'),
 (5662,600,'CISAAT CIBOLANG KALER'),
 (5663,600,'CISAAT CIHNGKIK'),
 (5664,600,'CISAAT KADU DAMPIT'),
 (5665,600,'CISAAT TIPAR'),
 (5666,600,'CISAAT.'),
 (5667,600,'CISAAT]'),
 (5668,600,'CISALADA'),
 (5669,600,'CISANDE'),
 (5670,600,'CISAT'),
 (5671,600,'CISDAAT'),
 (5672,600,'CISERUH'),
 (5673,600,'CISSAAT'),
 (5674,600,'CISSAT'),
 (5675,600,'CIST'),
 (5676,600,'CISUKAMANAH'),
 (5677,600,'CITAMIANAG'),
 (5678,600,'CITAMIANG'),
 (5679,600,'CITAMIANG .'),
 (5680,600,'CITAMINAG'),
 (5681,600,'CITENGKOR'),
 (5682,600,'CIUTARA'),
 (5683,600,'CIVATU'),
 (5684,600,'CMAHICISAAT'),
 (5685,600,'CNAGRAK'),
 (5686,600,'COBOLANG KALER'),
 (5687,600,'COBOLANG KLER'),
 (5688,600,'COBOLNG'),
 (5689,600,'COIBOLANG'),
 (5690,600,'COIBOLANG KALAER'),
 (5691,600,'COIBOLANG KALER'),
 (5692,600,'COSAAT'),
 (5693,600,'CSAAT'),
 (5694,600,'CSABTU'),
 (5695,600,'CTAMIANG'),
 (5696,600,'CUISAAT'),
 (5697,600,'CUKASARI'),
 (5698,600,'CUKUKULU'),
 (5699,600,'CVISAAT'),
 (5700,600,'DANGDEUR'),
 (5701,600,'DARMAREJA'),
 (5702,600,'DIBOLANG'),
 (5703,600,'GANAS SOLI'),
 (5704,600,'GANDA SOLI'),
 (5705,600,'GANG PELUKIS'),
 (5706,600,'GEDE PANGRAGO'),
 (5707,600,'GEDE PANGRANGO'),
 (5708,600,'GEDEPANGRANGO'),
 (5709,600,'GENTONG'),
 (5710,600,'GIRI JAYA'),
 (5711,600,'GN ENDUT'),
 (5712,600,'GN GURUH'),
 (5713,600,'GN JAYA'),
 (5714,600,'GN JYA'),
 (5715,600,'GN.JAYA'),
 (5716,600,'GN.KARAMAT'),
 (5717,600,'GNG JAYA'),
 (5718,600,'GUNG JAYA'),
 (5719,600,'GUNGGURU'),
 (5720,600,'GUNGGURUH'),
 (5721,600,'GUNGJAYA'),
 (5722,600,'GUNGTAYA'),
 (5723,600,'GUNNG JAYA'),
 (5724,600,'GUNNGG JAYA'),
 (5725,600,'GUNUG GURUH'),
 (5726,600,'GUNUG JAYA'),
 (5727,600,'GUNUGGURUH'),
 (5728,600,'GUNUGJAYA'),
 (5729,600,'GUNUING JAYA'),
 (5730,600,'GUNUN GURUH'),
 (5731,600,'GUNUNG'),
 (5732,600,'GUNUNG ENDUT'),
 (5733,600,'GUNUNG GUEUH'),
 (5734,600,'GUNUNG GULUNG'),
 (5735,600,'GUNUNG GURUG'),
 (5736,600,'GUNUNG GURUH'),
 (5737,600,'GUNUNG GUYUH'),
 (5738,600,'GUNUNG JAA'),
 (5739,600,'GUNUNG JAMBU'),
 (5740,600,'GUNUNG JAYA'),
 (5741,600,'GUNUNG.GURUH'),
 (5742,600,'GUNUNGGUJAYA'),
 (5743,600,'GUNUNGGURUG'),
 (5744,600,'GUNUNGGURUH'),
 (5745,600,'GUNUNGHJAYA'),
 (5746,600,'GUNUNGJYA'),
 (5747,600,'GUNUNGPUYUH'),
 (5748,600,'GUNUNGURUH'),
 (5749,600,'GUNUNUNG JAYA'),
 (5750,600,'HAMBE LAER'),
 (5751,600,'HEGAR MANAH'),
 (5752,600,'HEGARMANAH'),
 (5753,600,'HEGARSARI'),
 (5754,600,'IBATU'),
 (5755,600,'ICBOLANG'),
 (5756,600,'ISAAT'),
 (5757,600,'JALAN CAGAK'),
 (5758,600,'JAMBE LAER'),
 (5759,600,'JAMBU LAER'),
 (5760,600,'JAYABAKTI'),
 (5761,600,'JKUTA SIRNA'),
 (5762,600,'KADAUDAMPIT'),
 (5763,600,'KADU DAMPIT'),
 (5764,600,'KADUDAMPIT'),
 (5765,600,'KADUPUGUR'),
 (5766,600,'KAHURIPAN'),
 (5767,600,'KARANG TENGAH'),
 (5768,600,'KARANGTENGAH'),
 (5769,600,'KARDENANA'),
 (5770,600,'KAUM KULON'),
 (5771,600,'KCIKAHURIPAN'),
 (5772,600,'KD DAMPIT'),
 (5773,600,'KEBON MANGGU'),
 (5774,600,'KERTASARI'),
 (5775,600,'KGENTONG'),
 (5776,600,'KOTAMANEH'),
 (5777,600,'KP LIUNG TUTUP'),
 (5778,600,'KP PABUARA'),
 (5779,600,'KPTIPT'),
 (5780,600,'KUA SIRNA'),
 (5781,600,'KUSIRNA'),
 (5782,600,'KUTA'),
 (5783,600,'KUTA MANEH'),
 (5784,600,'KUTA RESMI'),
 (5785,600,'KUTA SIRN'),
 (5786,600,'KUTA SIRNA'),
 (5787,600,'KUTA TENGAH'),
 (5788,600,'KUTAJAYA'),
 (5789,600,'KUTAMANAH'),
 (5790,600,'KUTAMANEUH'),
 (5791,600,'KUTARESMI'),
 (5792,600,'KUTARSIRNA'),
 (5793,600,'KUTASARI'),
 (5794,600,'KUTASIRNA'),
 (5795,600,'KUTASIRNA SALAJAMBE'),
 (5796,600,'KUTATENGAH'),
 (5797,600,'LEBAK SIRNA'),
 (5798,600,'LEBAKSIRNA'),
 (5799,600,'LEGOK INGGRIS'),
 (5800,600,'LEMBUR SAWAH'),
 (5801,600,'LEOKNYESNSG'),
 (5802,600,'LINGKUNG SARI'),
 (5803,600,'LIUNG TUTUT'),
 (5804,600,'MAGKALAYA'),
 (5805,600,'MAKARSARRI'),
 (5806,600,'MANGKALAYA'),
 (5807,600,'MANGKALYA'),
 (5808,600,'MANGUNJAYA'),
 (5809,600,'MANKALAYA'),
 (5810,600,'MEKARSARI'),
 (5811,600,'MUARA D UA'),
 (5812,600,'MUARA DUA'),
 (5813,600,'NAGAAK'),
 (5814,600,'NAGARAK'),
 (5815,600,'NAGARK'),
 (5816,600,'NAGARRAKCISAAT'),
 (5817,600,'NAGGELENG CIMIANG'),
 (5818,600,'NAGGRAK'),
 (5819,600,'NAGRAK KIDAUL'),
 (5820,600,'NAGRAK KIDUL'),
 (5821,600,'NAGRAK SELATAN'),
 (5822,600,'NAGRAK TENGAH'),
 (5823,600,'NAGRAK UTARA'),
 (5824,600,'NAGRAK.'),
 (5825,600,'NAGRAK?CISAAT'),
 (5826,600,'NAGRK SELATAN'),
 (5827,600,'NAGRQAK'),
 (5828,600,'NANGERANG'),
 (5829,600,'NGARAK'),
 (5830,600,'NGRAK'),
 (5831,600,'NMANGKALAYA'),
 (5832,600,'NYOMPLONG'),
 (5833,600,'PABUARAN'),
 (5834,600,'PADA ASIH'),
 (5835,600,'PADA ASIH S'),
 (5836,600,'PADA MELANG'),
 (5837,600,'PADAA ASIH'),
 (5838,600,'PADAAASIH'),
 (5839,600,'PADAASIH'),
 (5840,600,'PADAMELAN'),
 (5841,600,'PADASIH'),
 (5842,600,'PADURENAN'),
 (5843,600,'PADURENN'),
 (5844,600,'PALEDANG'),
 (5845,600,'PANGKALAN'),
 (5846,600,'PANGRANGO'),
 (5847,600,'PANYAINDANGAN'),
 (5848,600,'PANYINDANG SELAJAMBE'),
 (5849,600,'PARA ASIH'),
 (5850,600,'PARIGI'),
 (5851,600,'PASAWAHAN'),
 (5852,600,'PASDAASIH'),
 (5853,600,'PASI PARAJI'),
 (5854,600,'PASIHUNI'),
 (5855,600,'PASIR BADAK'),
 (5856,600,'PASIR HALANG'),
 (5857,600,'PASIR LANGU'),
 (5858,600,'PD ASIH'),
 (5859,600,'PD.ASIH'),
 (5860,600,'PDAASIH'),
 (5861,600,'PERUM DISEN'),
 (5862,600,'PERUM MANGKALA'),
 (5863,600,'PETEU CDONG'),
 (5864,600,'PETEY CONDONG'),
 (5865,600,'PEUTEUY CONDONG'),
 (5866,600,'PONPES AL SALAFIYAH'),
 (5867,600,'PULASARI'),
 (5868,600,'PUNCAK MANIS'),
 (5869,600,'RABAY'),
 (5870,600,'RAMBAI'),
 (5871,600,'RAMBAY'),
 (5872,600,'RAMBAY TENGAH'),
 (5873,600,'RAMBONG'),
 (5874,600,'RANMABAY KALER'),
 (5875,600,'RMBAY'),
 (5876,600,'SALA AWI'),
 (5877,600,'SALA JAMBE'),
 (5878,600,'SALAAWI'),
 (5879,600,'SALAJAMBE'),
 (5880,600,'SASAGARAN'),
 (5881,600,'SAWAH LEGA'),
 (5882,600,'SAWAH LWGA'),
 (5883,600,'SEALAJAMBE'),
 (5884,600,'SEALAJMBE'),
 (5885,600,'SEALJAMBE'),
 (5886,600,'SEKARSARI'),
 (5887,600,'SELA JAMBE'),
 (5888,600,'SELAAWI'),
 (5889,600,'SELAJAMABE'),
 (5890,600,'SELAJAMBE CSAAT'),
 (5891,600,'SELAJAMBEN'),
 (5892,600,'SELAJAMNE'),
 (5893,600,'SELAJANBE'),
 (5894,600,'SELAJMABE'),
 (5895,600,'SELAJMBE'),
 (5896,600,'SELAKAMBE'),
 (5897,600,'SELAMAJAH'),
 (5898,600,'SELAMANJAH'),
 (5899,600,'SELAMJAMBE'),
 (5900,600,'SELJAAMBE'),
 (5901,600,'SELJAMBE'),
 (5902,600,'SERLAJAMBE'),
 (5903,600,'SIKASARI'),
 (5904,600,'SINDAG RESMI'),
 (5905,600,'SINDANG RESMI'),
 (5906,600,'SINDANGRESMI'),
 (5907,600,'SIRBARESMI'),
 (5908,600,'SIRNA RESMI'),
 (5909,600,'SIRNARESMI'),
 (5910,600,'SIRNASARI'),
 (5911,600,'SIRNASRESMI'),
 (5912,600,'SL JAMBE'),
 (5913,600,'SLAAWI'),
 (5914,600,'SLAJAMBE'),
 (5915,600,'SLASJAMBE'),
 (5916,600,'SLEAJAMBE'),
 (5917,600,'SLJAMBE'),
 (5918,600,'SSUKAMANTRI'),
 (5919,600,'SUAKASARI'),
 (5920,600,'SUAKMANAH'),
 (5921,600,'SUAMANAH'),
 (5922,600,'SUIKAMANAH'),
 (5923,600,'SUKA KARYA'),
 (5924,600,'SUKA KERSA'),
 (5925,600,'SUKA MANAH'),
 (5926,600,'SUKA MANTRI'),
 (5927,600,'SUKA MANTU'),
 (5928,600,'SUKA RAME'),
 (5929,600,'SUKA RESMI'),
 (5930,600,'SUKA SARI'),
 (5931,600,'SUKA SIRNA'),
 (5932,600,'SUKA,MANAH'),
 (5933,600,'SUKAAAARESMI'),
 (5934,600,'SUKAAARESMI'),
 (5935,600,'SUKAANTRI'),
 (5936,600,'SUKAASIH'),
 (5937,600,'SUKABUMI'),
 (5938,600,'SUKADAMAI'),
 (5939,600,'SUKAKARYA'),
 (5940,600,'SUKAMA'),
 (5941,600,'SUKAMAH'),
 (5942,600,'SUKAMAJU'),
 (5943,600,'SUKAMAMANAH'),
 (5944,600,'SUKAMANA'),
 (5945,600,'SUKAMANAG'),
 (5946,600,'SUKAMANAGH'),
 (5947,600,'SUKAMANAH .'),
 (5948,600,'SUKAMANAH II'),
 (5949,600,'SUKAMANAH?CISAAT'),
 (5950,600,'SUKAMANAHA'),
 (5951,600,'SUKAMANAN'),
 (5952,600,'SUKAMANATRI'),
 (5953,600,'SUKAMANDI'),
 (5954,600,'SUKAMANH'),
 (5955,600,'SUKAMANIS'),
 (5956,600,'SUKAMANTARI'),
 (5957,600,'SUKAMANTRI'),
 (5958,600,'SUKAMANTRI .'),
 (5959,600,'SUKAMANTRTI'),
 (5960,600,'SUKAMANTTRRI'),
 (5961,600,'SUKAMATRI'),
 (5962,600,'SUKAMNAH'),
 (5963,600,'SUKAMNATRI'),
 (5964,600,'SUKAMNTRI'),
 (5965,600,'SUKAMTRI'),
 (5966,600,'SUKAMULYA'),
 (5967,600,'SUKANMANAH'),
 (5968,600,'SUKANTRI'),
 (5969,600,'SUKARAJA'),
 (5970,600,'SUKARAME'),
 (5971,600,'SUKAREAMI'),
 (5972,600,'SUKAREASMI'),
 (5973,600,'SUKAREMI'),
 (5974,600,'SUKARESMI .'),
 (5975,600,'SUKARESTU'),
 (5976,600,'SUKASARI.'),
 (5977,600,'SUKASIRNA'),
 (5978,600,'SUKASRI'),
 (5979,600,'SUKATANI'),
 (5980,600,'SUKATRESMI'),
 (5981,600,'SUKIAMANAH'),
 (5982,600,'SUKLAMANTRI'),
 (5983,600,'SUKLMANAH'),
 (5984,600,'SUKMANAH'),
 (5985,600,'SUKMANHA'),
 (5986,600,'SUKMNAH]'),
 (5987,600,'SUKSARI'),
 (5988,600,'SUMKAMANAH'),
 (5989,600,'SUMKAMANTRI'),
 (5990,600,'SUNDA WENANG'),
 (5991,600,'SUNKAMANTRI'),
 (5992,600,'SUYKAMANAH'),
 (5993,600,'SUYKARESMI'),
 (5994,600,'TALAGA'),
 (5995,600,'TEGAL PADUL'),
 (5996,600,'TEJOLYA'),
 (5997,600,'TENJO JAYA'),
 (5998,600,'TENJO LAYA'),
 (5999,600,'TENJOLAYA'),
 (6000,600,'TIPAR'),
 (6001,600,'TIPAR PEUNTAS'),
 (6002,600,'TIPARA'),
 (6003,600,'TIPAS PENUTAS'),
 (6004,600,'UKAMANAH'),
 (6005,600,'VETERAN'),
 (6006,600,']SUKASARI'),
 (6007,174,'BATU LAYANG'),
 (6008,174,'CIBODAS'),
 (6009,174,'CISARUA'),
 (6010,174,'CITEKO'),
 (6011,174,'KABANDUNGAN'),
 (6012,174,'MEKAR SARI'),
 (6013,174,'TUGU SELATAN'),
 (6014,671,'CARINGIN KULON'),
 (6015,671,'CICSOLOK'),
 (6016,671,'CIKAKAK'),
 (6017,671,'CIKLAK'),
 (6018,671,'CILENGSING'),
 (6019,671,'CILEUNGSI'),
 (6020,671,'CILEUNGSIH'),
 (6021,671,'CILEUNGSING'),
 (6022,671,'CIMAJA'),
 (6023,671,'CIMANGGU'),
 (6024,671,'CISOLO'),
 (6025,671,'CITARIK'),
 (6026,671,'COSOLOK'),
 (6027,671,'GN KARAMAT'),
 (6028,671,'GN KRAMAT'),
 (6029,671,'GN TANJUNG'),
 (6030,671,'GUNUNG KARAMAT'),
 (6031,671,'GUNUNG KERAMAT'),
 (6032,671,'GUNUNGKARAMAT'),
 (6033,671,'GUNUNGKERAMAT'),
 (6034,671,'JAMBE LAER'),
 (6035,671,'KALANG PAK PAK'),
 (6036,671,'KARANG PAPAK'),
 (6037,671,'KARANG PAPAK.CISOLOK'),
 (6038,671,'KARANG PAPAT'),
 (6039,671,'KRG PAKPAK'),
 (6040,671,'MARINJUNG'),
 (6041,671,'MUKAMANAH'),
 (6042,671,'OASIBRU'),
 (6043,671,'PASAR BARU'),
 (6044,671,'PASIR BARU'),
 (6045,671,'PASIR GARU'),
 (6046,671,'PASIRBATU'),
 (6047,671,'RIDO GALIH'),
 (6048,671,'RIDOGALIH'),
 (6049,671,'SIRNA RASA'),
 (6050,671,'SIRNA RESMI'),
 (6051,671,'SIRNARESMI'),
 (6052,671,'SUKAMAJU'),
 (6053,565,'KEBON PETEUI'),
 (6054,565,'SONGGOM'),
 (6055,95,'JAKARTA TIMUR'),
 (6056,95,'JAKRATA'),
 (6057,95,'JKARTA'),
 (6058,107,'JAKARTA'),
 (6059,182,'ATANGKOLO'),
 (6060,182,'BABAKAN'),
 (6061,182,'BABAKAN JAYA'),
 (6062,182,'BANDUNGAN'),
 (6063,182,'BENDA'),
 (6064,182,'CIARAGA'),
 (6065,182,'CIAUL'),
 (6066,182,'CIAWI TALI'),
 (6067,182,'CIAWITALI'),
 (6068,182,'CIBEUREUM'),
 (6069,182,'CICADAS'),
 (6070,182,'CIHAMBERANG'),
 (6071,182,'CIHAMEARANG'),
 (6072,182,'CIHAMERANGCIHAMERANG'),
 (6073,182,'CIHAMERNG'),
 (6074,182,'CIHEMERANG'),
 (6075,182,'CIHUMERANG'),
 (6076,182,'CIKALONG WETAN'),
 (6077,182,'CIKAMERANG'),
 (6078,182,'CIMANGGU'),
 (6079,182,'CIMENTENG'),
 (6080,182,'CIPANAS'),
 (6081,182,'CIPANENGAH'),
 (6082,182,'CIPEEUY'),
 (6083,182,'CIPETEU'),
 (6084,182,'CIPETEUI'),
 (6085,182,'CIPETEUY'),
 (6086,182,'CIPETEY'),
 (6087,182,'CIPETUY'),
 (6088,182,'CIPEUTEUY.'),
 (6089,182,'CIPEUTEY'),
 (6090,182,'CIPEUTUY'),
 (6091,182,'CIPEUYEUY'),
 (6092,182,'CIPEUYTEUY'),
 (6093,182,'CIPUETEUY'),
 (6094,182,'CIPUETTEUY'),
 (6095,182,'CIRAKSAMALA'),
 (6096,182,'CISALIMAR'),
 (6097,182,'CISARUA'),
 (6098,182,'CISAT'),
 (6099,182,'CPEUTEUY'),
 (6100,182,'CUIPEUTEUY'),
 (6101,182,'CUIPEUTEY'),
 (6102,182,'GUNUNG TANJUNG'),
 (6103,182,'JAYA BAKTI'),
 (6104,182,'JAYA NEGARA'),
 (6105,182,'JAYANEGARA'),
 (6106,182,'KAAAABNDAUNGAN'),
 (6107,182,'KAADUNGAN'),
 (6108,182,'KAANDUNGAN'),
 (6109,182,'KABADUNGAN'),
 (6110,182,'KABAN DUNGAN'),
 (6111,182,'KABANDU NGAN'),
 (6112,182,'KABANDUGAN'),
 (6113,182,'KABANDUNAGAMN'),
 (6114,182,'KABANDUNAGAN'),
 (6115,182,'KABANDUNAGN'),
 (6116,182,'KABANDUNGANG'),
 (6117,182,'KABANDUNGN'),
 (6118,182,'KABNADUNGAN'),
 (6119,182,'KABNDUNGAN'),
 (6120,182,'KABNDUNGN'),
 (6121,182,'KABUNDANG'),
 (6122,182,'KAKABNDUNGAN'),
 (6123,182,'KALADI'),
 (6124,182,'KALAPA  NUNGGAL'),
 (6125,182,'KALAPANUGGAL'),
 (6126,182,'KAMPUNG TUGU'),
 (6127,182,'KANBANDUNGAN'),
 (6128,182,'KANDUNGAN'),
 (6129,182,'KBANDUNAGN'),
 (6130,182,'KBANDUNGAN'),
 (6131,182,'KP PAJAGAN'),
 (6132,182,'KP. KALADI'),
 (6133,182,'LANGENSARI'),
 (6134,182,'MEKAR JAYA'),
 (6135,182,'MEKAR JAYA]'),
 (6136,182,'MEKRAJAYA'),
 (6137,182,'MRKAR JAYA'),
 (6138,182,'PAJAGAN'),
 (6139,182,'PAJAGAN GIRANG'),
 (6140,182,'PAJAGANGIRANG'),
 (6141,182,'PAJANGAN'),
 (6142,182,'PALASARI'),
 (6143,182,'PALASARI GIRANG'),
 (6144,182,'PAMEKARAN'),
 (6145,182,'PAMEUNGPEUK'),
 (6146,182,'PAMUMJPUG'),
 (6147,182,'PASIR MENIR'),
 (6148,182,'SIANAGA'),
 (6149,182,'SUKAMAJU'),
 (6150,182,'SUKASIRNA'),
 (6151,182,'TANGGOLO'),
 (6152,182,'TANGKOLO'),
 (6153,182,'TUGABANDUNGAN'),
 (6154,182,'TUGU'),
 (6155,182,'TUGU ANDUNG'),
 (6156,182,'TUGU BANDUGAN'),
 (6157,182,'TUGU BANDUNG'),
 (6158,182,'TUGU BANDUNGA'),
 (6159,182,'TUGU BANDUNGAN'),
 (6160,182,'TUGU BANDUNGN'),
 (6161,182,'TUGU BNADUNG'),
 (6162,182,'TUGU JAYA'),
 (6163,182,'TUGUBANUNG'),
 (6164,651,'KADUDAMMPIT'),
 (6165,651,'MUARA D UA'),
 (6166,651,'MUARA DUA'),
 (6167,663,'KLPANUNGGAL'),
 (6168,680,'BALAIKAMBANG'),
 (6169,680,'BALAIKEMBANG'),
 (6170,680,'BALEKEMBANG'),
 (6171,680,'BLEKAMBANG'),
 (6172,680,'BOJONG SATU'),
 (6173,680,'BUNIWANGI'),
 (6174,680,'KALI BUNDER'),
 (6175,680,'KALIBUNDAR'),
 (6176,680,'PANYUSUHAN'),
 (6177,680,'PULOSARI'),
 (6178,680,'SUKA LUYU'),
 (6179,680,'SUKAMAJU'),
 (6180,680,'SUKARSARI'),
 (6181,680,'SUKASARI'),
 (6182,625,'BABAKAN SITU'),
 (6183,625,'KARAWANG'),
 (6184,625,'RENGASDENGKLOK'),
 (6185,625,'SUKAJAYA'),
 (6186,625,'SUNDA JAYA GIRANG'),
 (6187,625,'WARNASARI'),
 (6188,184,'ATANG SENJAYA'),
 (6189,184,'HEGAR MANAH'),
 (6190,184,'LEMBUR JAMI'),
 (6191,184,'RANCABUNGUR'),
 (6192,603,'ALMASTURIYAH'),
 (6193,603,'BANTARSARI'),
 (6194,603,'BOJONG HAUR'),
 (6195,603,'CEMPAKA'),
 (6196,603,'CILANGKAP I'),
 (6197,603,'CILENGKO'),
 (6198,603,'CIRANGKAP'),
 (6199,603,'HEGARSARI'),
 (6200,603,'JAMPANG TENGAH'),
 (6201,603,'LANGKAP JAYA'),
 (6202,603,'LANGKAT JAYA'),
 (6203,603,'LEANGOONG'),
 (6204,603,'LENGKOMG'),
 (6205,603,'LENKONG'),
 (6206,603,'NEGLA SARI'),
 (6207,603,'PANCA SARI'),
 (6208,603,'PASIR BENDA'),
 (6209,603,'RANGKAP JAYA'),
 (6210,603,'RNGKAPJAYA'),
 (6211,603,'SIRNASARI'),
 (6212,603,'TEGAL BULED'),
 (6213,603,'TEGAL LEGA'),
 (6214,603,'TEGALDATAR'),
 (6215,603,'TEGALEGA'),
 (6216,604,'LIMO'),
 (6217,186,'BJ JENGKOL'),
 (6218,186,'KR TENGAH'),
 (6219,186,'PASIR JAYA'),
 (6220,188,'04'),
 (6221,188,'08'),
 (6222,188,'3CISARUA'),
 (6223,188,'ACIAMBAR'),
 (6224,188,'AGRAK'),
 (6225,188,'AGRAK SELATAN'),
 (6226,188,'AGRAK TARA'),
 (6227,188,'AGRAKCISARUA'),
 (6228,188,'AGRAKSELATAN'),
 (6229,188,'ALTAKWIN'),
 (6230,188,'ARAK UTARA'),
 (6231,188,'AYINDANGAN'),
 (6232,188,'BABAJAN PANJANG'),
 (6233,188,'BABAKAB N PANJAANG'),
 (6234,188,'BABAKAN'),
 (6235,188,'BABAKAN  PANJANG'),
 (6236,188,'BABAKAN -PANJANG'),
 (6237,188,'BABAKAN GOBANG'),
 (6238,188,'BABAKAN JPANJANG'),
 (6239,188,'BABAKAN KEMBANG'),
 (6240,188,'BABAKAN PAANJANG'),
 (6241,188,'BABAKAN PANAJANG'),
 (6242,188,'BABAKAN PANAJNG'),
 (6243,188,'BABAKAN PANJNAG'),
 (6244,188,'BABAKAN SAWAH'),
 (6245,188,'BABAKAN SIRNA'),
 (6246,188,'BABAKAN TENGAH'),
 (6247,188,'BABAKANA PANJANG'),
 (6248,188,'BABAKANPANJANG'),
 (6249,188,'BABAKN PANJANG'),
 (6250,188,'BABAKNA PANJANG'),
 (6251,188,'BABKAN APANJANG'),
 (6252,188,'BABKAN PANAJANG'),
 (6253,188,'BABKAN PANJANG'),
 (6254,188,'BAEAJKAMBANG'),
 (6255,188,'BAGARAK'),
 (6256,188,'BAGRAK'),
 (6257,188,'BAKLEKAMBANG'),
 (6258,188,'BAL;RKAMBANG'),
 (6259,188,'BALAAKAMBANG'),
 (6260,188,'BALAEKAMBANG'),
 (6261,188,'BALAI KAMBANG'),
 (6262,188,'BALAIKAMABANG'),
 (6263,188,'BALAIKAMBANG'),
 (6264,188,'BALE KAMBANG'),
 (6265,188,'BALE KEMBANG'),
 (6266,188,'BALEAJAMBANG'),
 (6267,188,'BALEAKAMBANG'),
 (6268,188,'BALEAKAMBNG'),
 (6269,188,'BALEIKAMBANG'),
 (6270,188,'BALEKAAMBANG'),
 (6271,188,'BALEKABANG'),
 (6272,188,'BALEKAMBAG'),
 (6273,188,'BALEKAMBBANG'),
 (6274,188,'BALEKAMBNAG'),
 (6275,188,'BALEKAMNBANG'),
 (6276,188,'BALEKEMBANG'),
 (6277,188,'BALEKMABNG'),
 (6278,188,'BALERKAMBANG'),
 (6279,188,'BALIK KAMBANG'),
 (6280,188,'BARAU RATA'),
 (6281,188,'BARU JAGONG'),
 (6282,188,'BBAKAN PA NJANG'),
 (6283,188,'BBAKAN PANJANG'),
 (6284,188,'BBK.PANJANG'),
 (6285,188,'BBKN PANJANG'),
 (6286,188,'BELAKAMBANG'),
 (6287,188,'BELEKAMBANG'),
 (6288,188,'BJ KAUNG HILIR'),
 (6289,188,'BJ KAWUNG'),
 (6290,188,'BJ.KAWUNG'),
 (6291,188,'BJG KAWUNG'),
 (6292,188,'BLE KAMBANG'),
 (6293,188,'BLEKABANG'),
 (6294,188,'BLEKAMBANG'),
 (6295,188,'BLOK B.2 NO.17'),
 (6296,188,'BLOK M 04'),
 (6297,188,'BLOK Q 18 CIBADAK'),
 (6298,188,'BNAGRAK SELATAN'),
 (6299,188,'BNAGRAK SLATAN'),
 (6300,188,'BNAGRAKUTARA'),
 (6301,188,'BOJONG'),
 (6302,188,'BOJONG GALING'),
 (6303,188,'BOJONG HONJE'),
 (6304,188,'BOJONG HONYE'),
 (6305,188,'BOJONG KAUM'),
 (6306,188,'BOJONG KAUNG'),
 (6307,188,'BOJONG KUNG'),
 (6308,188,'BOJONG LONGOK'),
 (6309,188,'BOJONG SARANG'),
 (6310,188,'BOJONG SARI'),
 (6311,188,'BOJONGHONJE'),
 (6312,188,'BOJONGJONJE'),
 (6313,188,'BOJONGKUNG'),
 (6314,188,'BTN TAMAN LESTARI'),
 (6315,188,'BUBGUR SARANG'),
 (6316,188,'BUNGUR'),
 (6317,188,'BUNGUR SARANG'),
 (6318,188,'BUNJUL'),
 (6319,188,'CAGAK'),
 (6320,188,'CAIHANJAWAR'),
 (6321,188,'CAIMBAR'),
 (6322,188,'CAMBAR'),
 (6323,188,'CANGKORE'),
 (6324,188,'CBADAS'),
 (6325,188,'CERENDEU'),
 (6326,188,'CFIHANYAWAR'),
 (6327,188,'CGINANJAR'),
 (6328,188,'CHANJAWAR'),
 (6329,188,'CHANYAWAR'),
 (6330,188,'CI AWI TALI'),
 (6331,188,'CI HANJAWAR'),
 (6332,188,'CIAHNJAWAR'),
 (6333,188,'CIAMABAR'),
 (6334,188,'CIAMBAR'),
 (6335,188,'CIANMABAR'),
 (6336,188,'CIARIPIN TENGAH'),
 (6337,188,'CIARUA'),
 (6338,188,'CIASARUA'),
 (6339,188,'CIASRUA'),
 (6340,188,'CIATALI'),
 (6341,188,'CIATER'),
 (6342,188,'CIAWI TALI'),
 (6343,188,'CIAWIAI'),
 (6344,188,'CIAWITALI'),
 (6345,188,'CIAWITTALI'),
 (6346,188,'CIBADAS'),
 (6347,188,'CIBAODAS'),
 (6348,188,'CIBODAS'),
 (6349,188,'CIBUBUAY'),
 (6350,188,'CIBUGIS'),
 (6351,188,'CIBULUH BOGOR'),
 (6352,188,'CIBURIAL'),
 (6353,188,'CICANGKORE'),
 (6354,188,'CIDSARUA'),
 (6355,188,'CIGANAS'),
 (6356,188,'CIGANAS GIRANG'),
 (6357,188,'CIGANJAR'),
 (6358,188,'CIGAOK'),
 (6359,188,'CIGOMBONG'),
 (6360,188,'CIHAJAWAR'),
 (6361,188,'CIHAMJAWAR'),
 (6362,188,'CIHANAJAWAR'),
 (6363,188,'CIHANAJWAR'),
 (6364,188,'CIHANAWAR'),
 (6365,188,'CIHANJAEAR'),
 (6366,188,'CIHANJAWA'),
 (6367,188,'CIHANJAWAN'),
 (6368,188,'CIHANJAWAR'),
 (6369,188,'CIHANJAWAT'),
 (6370,188,'CIHANJAWWAR'),
 (6371,188,'CIHANJWAR'),
 (6372,188,'CIHANNYAWAR'),
 (6373,188,'CIHANYAEWAR'),
 (6374,188,'CIHANYAMAR'),
 (6375,188,'CIHANYAWAR NAGR4AK'),
 (6376,188,'CIHANYAWAR]'),
 (6377,188,'CIHANYAWQAR'),
 (6378,188,'CIHANYAWR'),
 (6379,188,'CIHANYAWWAR'),
 (6380,188,'CIHANYSZAWAR'),
 (6381,188,'CIHAYAWAR'),
 (6382,188,'CIHAYWAR'),
 (6383,188,'CIHONJE'),
 (6384,188,'CIJAMBE'),
 (6385,188,'CIJELEGONG'),
 (6386,188,'CIJULANG'),
 (6387,188,'CIKANYERE'),
 (6388,188,'CIKARET'),
 (6389,188,'CIKATOMAS'),
 (6390,188,'CIKAUNG'),
 (6391,188,'CIKAWUNG'),
 (6392,188,'CIKAWUNG HILIR'),
 (6393,188,'CIKOPAK'),
 (6394,188,'CIKUKULU'),
 (6395,188,'CIMABAR'),
 (6396,188,'CIMABRA'),
 (6397,188,'CIMADE'),
 (6398,188,'CIMANDAE'),
 (6399,188,'CIMANDE'),
 (6400,188,'CIMANGGU'),
 (6401,188,'CIMBAR'),
 (6402,188,'CINABAR'),
 (6403,188,'CINAGARAK'),
 (6404,188,'CINUMPANG'),
 (6405,188,'CINUNMPANG'),
 (6406,188,'CIOBODAS'),
 (6407,188,'CIOSARUA'),
 (6408,188,'CIPAARANJE'),
 (6409,188,'CIPAMUTIH'),
 (6410,188,'CIPARANJE'),
 (6411,188,'CIPARI'),
 (6412,188,'CIPAYUNG'),
 (6413,188,'CIPETIR'),
 (6414,188,'CIRANGKONG'),
 (6415,188,'CIRENDEU'),
 (6416,188,'CIREUNDEPENTAS'),
 (6417,188,'CIREUNDEU'),
 (6418,188,'CIROHANI'),
 (6419,188,'CISAAADARIA'),
 (6420,188,'CISAAT'),
 (6421,188,'CISADARIA'),
 (6422,188,'CISANA'),
 (6423,188,'CISANDARIA'),
 (6424,188,'CISANGKOEG'),
 (6425,188,'CISARAU'),
 (6426,188,'CISARAUA'),
 (6427,188,'CISAREA'),
 (6428,188,'CISARIA'),
 (6429,188,'CISARRUA'),
 (6430,188,'CISARU'),
 (6431,188,'CISARU A'),
 (6432,188,'CISARUA B 5 NO 1'),
 (6433,188,'CISARUA B05 NO 1'),
 (6434,188,'CISARUA NAGARAK'),
 (6435,188,'CISARUA NGARAK'),
 (6436,188,'CISARUAQ'),
 (6437,188,'CISATUA'),
 (6438,188,'CISAUA'),
 (6439,188,'CISAURA'),
 (6440,188,'CISAURUA'),
 (6441,188,'CISEAPAN'),
 (6442,188,'CISRUA'),
 (6443,188,'CISSARUA'),
 (6444,188,'CISSAWRUA'),
 (6445,188,'CIUTARA'),
 (6446,188,'CIWARUNG'),
 (6447,188,'CNAGRAK'),
 (6448,188,'CUIJULANG'),
 (6449,188,'CUISARUA'),
 (6450,188,'CUJULANG'),
 (6451,188,'CUSARUA'),
 (6452,188,'CVIAMBAR'),
 (6453,188,'DAMAREJA'),
 (6454,188,'DAMARJA'),
 (6455,188,'DARAMAGA'),
 (6456,188,'DARMA REJA'),
 (6457,188,'DARMA REUJA'),
 (6458,188,'DARMAGA'),
 (6459,188,'DARMAGA NGARAK'),
 (6460,188,'DARMAJA'),
 (6461,188,'DARMARAJA'),
 (6462,188,'DARMAREZA'),
 (6463,188,'DARMARJA'),
 (6464,188,'DARNAREJA'),
 (6465,188,'DEGONG'),
 (6466,188,'DEPOK'),
 (6467,188,'DERMAGA'),
 (6468,188,'DERMAJA'),
 (6469,188,'DERMAREJA'),
 (6470,188,'DGIRIJAYA'),
 (6471,188,'DRMARJA'),
 (6472,188,'DS.CISARUA'),
 (6473,188,'DS.GINANJAR'),
 (6474,188,'EARUNG KAWUNG'),
 (6475,188,'EWANGUN'),
 (6476,188,'GIIRIJAYA'),
 (6477,188,'GINAAJAR'),
 (6478,188,'GINAJAR'),
 (6479,188,'GINANAJAR'),
 (6480,188,'GINANAR'),
 (6481,188,'GINANJAR'),
 (6482,188,'GINNJAR'),
 (6483,188,'GINQNJAR'),
 (6484,188,'GIRI'),
 (6485,188,'GIRI  JAYA'),
 (6486,188,'GIRI JAYA'),
 (6487,188,'GIRI JYA'),
 (6488,188,'GIRIJYA'),
 (6489,188,'GOBANG'),
 (6490,188,'GOILING JAYA'),
 (6491,188,'GRIJAYA'),
 (6492,188,'GUDANG'),
 (6493,188,'GUIRI JAYA'),
 (6494,188,'GULING JAWA'),
 (6495,188,'GUNUNG JAYA'),
 (6496,188,'HEGAAMANAH'),
 (6497,188,'HEGARMANAH'),
 (6498,188,'ISARUA'),
 (6499,188,'JAELEGONG'),
 (6500,188,'JAYA AMBAR'),
 (6501,188,'JELEGONG'),
 (6502,188,'JELEKONG'),
 (6503,188,'JENJING'),
 (6504,188,'KALAP REA'),
 (6505,188,'KALAPA'),
 (6506,188,'KALAPA  REA'),
 (6507,188,'KALAPA RAA'),
 (6508,188,'KALAPA RAE'),
 (6509,188,'KALAPA REA'),
 (6510,188,'KALAPACARANG'),
 (6511,188,'KALAPAREA .'),
 (6512,188,'KALAPREA'),
 (6513,188,'KALPA REA'),
 (6514,188,'KALPAREA'),
 (6515,188,'KAPLAPAREA'),
 (6516,188,'KARANG TEANGAH'),
 (6517,188,'KARANG TENAGAH'),
 (6518,188,'KARANG TENGAH'),
 (6519,188,'KARANG TENGAH .'),
 (6520,188,'KARANGTENGAH'),
 (6521,188,'KAUM'),
 (6522,188,'KEBON KAI'),
 (6523,188,'KELAPA REA'),
 (6524,188,'KELAPAREA'),
 (6525,188,'KEMANG'),
 (6526,188,'KEMBANG KUNING'),
 (6527,188,'KL APA REA'),
 (6528,188,'KL REA'),
 (6529,188,'KL. REA'),
 (6530,188,'KLAPA'),
 (6531,188,'KLAPAREA'),
 (6532,188,'KLP REA'),
 (6533,188,'KLP. REA'),
 (6534,188,'KLP.REA'),
 (6535,188,'KP BALEKAMBANG'),
 (6536,188,'KP GUDANG'),
 (6537,188,'KUBANG'),
 (6538,188,'KUBANG HERANG'),
 (6539,188,'KUTA JAYA'),
 (6540,188,'KUTARA'),
 (6541,188,'LEGOK YENANG'),
 (6542,188,'LEKAMBANG'),
 (6543,188,'LEMAH PUTIH'),
 (6544,188,'LEUWI KERIS'),
 (6545,188,'LEUWI NAGGUNG'),
 (6546,188,'LEWUI OROK'),
 (6547,188,'LKALAPAREA'),
 (6548,188,'LNGRAK'),
 (6549,188,'MAANGUNJYA'),
 (6550,188,'MAGRAK'),
 (6551,188,'MALASARI'),
 (6552,188,'MANGGIS'),
 (6553,188,'MANGUN JAYA'),
 (6554,188,'MANGUNJAYA'),
 (6555,188,'MANUNJUL'),
 (6556,188,'MAYA'),
 (6557,188,'MEKARJAYA'),
 (6558,188,'MINJUL'),
 (6559,188,'MNAGRAK'),
 (6560,188,'MNJUL'),
 (6561,188,'MUARA DUA'),
 (6562,188,'MUINJUL'),
 (6563,188,'MUJUL'),
 (6564,188,'MUNJAL'),
 (6565,188,'MUNJUL'),
 (6566,188,'MWANGUN JAYA'),
 (6567,188,'NABGERANG'),
 (6568,188,'NACISARUA'),
 (6569,188,'NADGRAK'),
 (6570,188,'NAGAAK'),
 (6571,188,'NAGAK'),
 (6572,188,'NAGARAK'),
 (6573,188,'NAGARAK  UTARA'),
 (6574,188,'NAGARAK SELATAN'),
 (6575,188,'NAGARAK UTARA'),
 (6576,188,'NAGARK'),
 (6577,188,'NAGARK UTARA'),
 (6578,188,'NAGARKA'),
 (6579,188,'NAGGARAK SLATAN'),
 (6580,188,'NAGGRAK SELATAN'),
 (6581,188,'NAGGRAK UTARA'),
 (6582,188,'NAGGRAKCISAA'),
 (6583,188,'NAGHRAK UTARA'),
 (6584,188,'NAGKA KONENG'),
 (6585,188,'NAGKAT SELATAN'),
 (6586,188,'NAGRA'),
 (6587,188,'NAGRA SELATAN'),
 (6588,188,'NAGRA UTARA'),
 (6589,188,'NAGRAJK'),
 (6590,188,'NAGRAJK UTARA'),
 (6591,188,'NAGRAK'),
 (6592,188,'NAGRAK  SELATAN'),
 (6593,188,'NAGRAK  UTARA'),
 (6594,188,'NAGRAK BATAS'),
 (6595,188,'NAGRAK CIBADAK'),
 (6596,188,'NAGRAK CSARUA'),
 (6597,188,'NAGRAK JUTARA'),
 (6598,188,'NAGRAK KALER'),
 (6599,188,'NAGRAK KAUM'),
 (6600,188,'NAGRAK MNAGRAK'),
 (6601,188,'NAGRAK SAKATAN'),
 (6602,188,'NAGRAK SARI'),
 (6603,188,'NAGRAK SEKATAN'),
 (6604,188,'NAGRAK SELA'),
 (6605,188,'NAGRAK SELAATN'),
 (6606,188,'NAGRAK SELATA'),
 (6607,188,'NAGRAK SELATAN UTARA'),
 (6608,188,'NAGRAK SELATANNAGRAK'),
 (6609,188,'NAGRAK SELATN'),
 (6610,188,'NAGRAK SELTAN'),
 (6611,188,'NAGRAK SSELATAN'),
 (6612,188,'NAGRAK TARA'),
 (6613,188,'NAGRAK TENGAH'),
 (6614,188,'NAGRAK TUTARA'),
 (6615,188,'NAGRAK UATARA'),
 (6616,188,'NAGRAK URATA'),
 (6617,188,'NAGRAK UTAR'),
 (6618,188,'NAGRAK UTARA]'),
 (6619,188,'NAGRAK UTRA'),
 (6620,188,'NAGRAK?'),
 (6621,188,'NAGRAKA SELATAN'),
 (6622,188,'NAGRAKARA'),
 (6623,188,'NAGRAKJ'),
 (6624,188,'NAGRAKK'),
 (6625,188,'NAGRAKL'),
 (6626,188,'NAGRAKNAGRAK'),
 (6627,188,'NAGRAKS ELATAN'),
 (6628,188,'NAGRAKSELATAN'),
 (6629,188,'NAGRAKSELAYTAN'),
 (6630,188,'NAGRAKUATYARA'),
 (6631,188,'NAGRAKUTARA'),
 (6632,188,'NAGRAKUTRA'),
 (6633,188,'NAGRAK]'),
 (6634,188,'NAGRAL SELATAN'),
 (6635,188,'NAGRASK'),
 (6636,188,'NAGRK'),
 (6637,188,'NAGRK SELATAN'),
 (6638,188,'NAGRK UTARA'),
 (6639,188,'NAGROG'),
 (6640,188,'NAGRTAK SELATAN'),
 (6641,188,'NAGTRAK'),
 (6642,188,'NAGTRAK UTARA'),
 (6643,188,'NAHGRAK'),
 (6644,188,'NAKRAG'),
 (6645,188,'NANGRAK'),
 (6646,188,'NANGRAK SELATAN'),
 (6647,188,'NANGRAK UTARA'),
 (6648,188,'NANGRAKUTARA'),
 (6649,188,'NARAK'),
 (6650,188,'NARAK SELATAN'),
 (6651,188,'NASGRAK'),
 (6652,188,'NAYLINDUNG'),
 (6653,188,'NCISARUA'),
 (6654,188,'NEGLASARI'),
 (6655,188,'NGARAK'),
 (6656,188,'NGARAK SELATAN'),
 (6657,188,'NGARAK UTARA'),
 (6658,188,'NGRAK'),
 (6659,188,'NGRAK UTARA'),
 (6660,188,'NGRAK UTRA'),
 (6661,188,'NGRAKUTARA'),
 (6662,188,'NGWEWER'),
 (6663,188,'NMUNJUL'),
 (6664,188,'NNAGRAK'),
 (6665,188,'NNAGRAK SELATAN'),
 (6666,188,'NSGRAK'),
 (6667,188,'NYALINDUNG'),
 (6668,188,'NYAMPLUNG'),
 (6669,188,'NYANGEGENG'),
 (6670,188,'NYANGKOEK'),
 (6671,188,'NYELEPET'),
 (6672,188,'NYENAG'),
 (6673,188,'NYENANG'),
 (6674,188,'OAWWENANG'),
 (6675,188,'PADANGENYANG'),
 (6676,188,'PADASUKA'),
 (6677,188,'PALASARI'),
 (6678,188,'PALEDANG'),
 (6679,188,'PAMURUYAN'),
 (6680,188,'PANAGAN'),
 (6681,188,'PANGKALAN'),
 (6682,188,'PANGKALAN NANGARAK'),
 (6683,188,'PANGKLANNAGRAK'),
 (6684,188,'PANYINANGAN'),
 (6685,188,'PANYINDANGAN'),
 (6686,188,'PARAGAHJEN'),
 (6687,188,'PARAGAJEN'),
 (6688,188,'PARIGI'),
 (6689,188,'PARUNGKUDA'),
 (6690,188,'PASIR ANGIN'),
 (6691,188,'PASIR BENTIK'),
 (6692,188,'PASIR BEUNTIK'),
 (6693,188,'PASIR BUNTUNG'),
 (6694,188,'PASIR ERIH'),
 (6695,188,'PASIR HUNI'),
 (6696,188,'PASIR JENJI'),
 (6697,188,'PASIR JINGJING'),
 (6698,188,'PASIR JINJING'),
 (6699,188,'PASIR MUNCANG'),
 (6700,188,'PASIR UTARA'),
 (6701,188,'PASIRBENTIK'),
 (6702,188,'PASIRBRNTIK'),
 (6703,188,'PASIRJEANGJING'),
 (6704,188,'PASSIR HUMI'),
 (6705,188,'PAWAEANG'),
 (6706,188,'PAWANANG'),
 (6707,188,'PAWEANAG'),
 (6708,188,'PAWEANANG'),
 (6709,188,'PAWEANG'),
 (6710,188,'PAWEEANANG'),
 (6711,188,'PAWENAG'),
 (6712,188,'PAWENANGAN'),
 (6713,188,'PAWENG'),
 (6714,188,'PAWENNAG'),
 (6715,188,'PAWEUNANG'),
 (6716,188,'PAWEWNANG'),
 (6717,188,'PAWWEANAG'),
 (6718,188,'PEANG'),
 (6719,188,'PONDOK TISUK'),
 (6720,188,'PS ANGIN'),
 (6721,188,'PS BENTIK'),
 (6722,188,'PSR. JINJING'),
 (6723,188,'PT MANGGIS'),
 (6724,188,'PT PAPARTI'),
 (6725,188,'PWENAMG'),
 (6726,188,'SADARMARJA'),
 (6727,188,'SALAJAMBE'),
 (6728,188,'SAMPALAN'),
 (6729,188,'SEKARSARI'),
 (6730,188,'SEKARWANGI'),
 (6731,188,'SELAAWI'),
 (6732,188,'SIMPENAN'),
 (6733,188,'SINAGAR'),
 (6734,188,'SINAGAR KOLOT'),
 (6735,188,'SINAGRA KOLOT'),
 (6736,188,'SINAGRAR'),
 (6737,188,'SINEGAR'),
 (6738,188,'SIRNA GALIH'),
 (6739,188,'SNAGAR'),
 (6740,188,'SOMANG'),
 (6741,188,'SSELAAWI'),
 (6742,188,'SUKADAMAI'),
 (6743,188,'SUKAMANAH'),
 (6744,188,'SUKAMULYA'),
 (6745,188,'SUNDAWENAG'),
 (6746,188,'SUNDAWENANG'),
 (6747,188,'SUNDAWENANG NAGRAK KAB.S'),
 (6748,188,'TALAGA'),
 (6749,188,'TALAGA HILIR'),
 (6750,188,'TALAGA MURNI'),
 (6751,188,'TALUN'),
 (6752,188,'TAMAN'),
 (6753,188,'TAMAN LESTAI'),
 (6754,188,'TAMAN LESTAREI'),
 (6755,188,'TAMAN LESTARI'),
 (6756,188,'TAMAN SARI'),
 (6757,188,'TEGAL LEGA'),
 (6758,188,'TEGALEGA'),
 (6759,188,'TUGU JAYA'),
 (6760,188,'UJUNG GALIH'),
 (6761,188,'WAARANA MUKTI'),
 (6762,188,'WABNGUN NAGTRAK'),
 (6763,188,'WANGGGUN JAYA'),
 (6764,188,'WANGGUN JAYA'),
 (6765,188,'WANGU AYA AGRAK'),
 (6766,188,'WANGU JAY'),
 (6767,188,'WANGUJAYA'),
 (6768,188,'WANGUN'),
 (6769,188,'WANGUN JAYA'),
 (6770,188,'WANGUNJAYA'),
 (6771,188,'WANGUNKAYA'),
 (6772,188,'WARNA JATI'),
 (6773,188,'WARNA MUKTI'),
 (6774,188,'WARNAKUKTI'),
 (6775,188,'WARNAMUKTI'),
 (6776,188,'WARUGKAUNG'),
 (6777,188,'WARUNG KAUNG'),
 (6778,188,'WARUNG KAWUNG'),
 (6779,188,'WARUNG KIARA'),
 (6780,188,'WARUNGGOMBONG'),
 (6781,188,'WARUNGKAUNG'),
 (6782,188,'WARUNGKAWUNG'),
 (6783,146,'MALASARI'),
 (6784,146,'MALASARI 3'),
 (6785,146,'NANGGUNG'),
 (6786,146,'NIRAAGUNG'),
 (6787,146,'PALASARI'),
 (6788,146,'PARAKAN MUNCANG'),
 (6789,566,'NARINGGUL'),
 (6790,675,'BAROS'),
 (6791,675,'BJ SARI'),
 (6792,675,'BOJONG GENTENG'),
 (6793,675,'BOJONG KALONG'),
 (6794,675,'BOJONG SARI'),
 (6795,675,'BOJONGSRI'),
 (6796,675,'CIANSANA'),
 (6797,675,'CIBALOBAK'),
 (6798,675,'CIBODAS'),
 (6799,675,'CICSITU'),
 (6800,675,'CICURUG'),
 (6801,675,'CIGADOG'),
 (6802,675,'CIGATI'),
 (6803,675,'CIHERANG'),
 (6804,675,'CIJAMNGKAR'),
 (6805,675,'DS.MEKARSARI'),
 (6806,675,'GANAS SOLI'),
 (6807,675,'JYALDUHG'),
 (6808,675,'KARTA RAHARJA'),
 (6809,675,'KEBON KAI'),
 (6810,675,'KERTA ANGSANA'),
 (6811,675,'KERTAANGSANA'),
 (6812,675,'MAKASARI'),
 (6813,675,'MEKAR  SARI'),
 (6814,675,'MEKAR JAYA'),
 (6815,675,'MEKAR SARI'),
 (6816,675,'MEKARSRAI'),
 (6817,675,'MUNJUL'),
 (6818,675,'NEAGLASARI'),
 (6819,675,'NEGLA SARI'),
 (6820,675,'NYAINDUNG'),
 (6821,675,'NYAKLINDUNG'),
 (6822,675,'NYALIBDUNG'),
 (6823,675,'NYALIDUNG'),
 (6824,675,'NYALIHNDUNG'),
 (6825,675,'PASIR SLAM'),
 (6826,675,'SICITU'),
 (6827,675,'SITU DAUN'),
 (6828,675,'SUKA MAJU'),
 (6829,675,'SUMAKAJU'),
 (6830,675,'TALANG'),
 (6831,675,'WAGUNLEGA'),
 (6832,675,'WANGUN REJA'),
 (6833,675,'WANGUNREAJA'),
 (6834,605,'BANTAR SARI'),
 (6835,605,'BATARSARI'),
 (6836,605,'BOJONG HAUR'),
 (6837,605,'BT SARI'),
 (6838,605,'BTR SARI'),
 (6839,605,'BTR.SARI'),
 (6840,605,'CIBEBER'),
 (6841,605,'CIUTARA'),
 (6842,605,'CUBUNGUR'),
 (6843,605,'PABUARARA'),
 (6844,605,'PARIGI'),
 (6845,605,'PARUFKAU'),
 (6846,605,'PAURABAYA'),
 (6847,605,'PUNCAK TUGU'),
 (6848,605,'SINARSRI'),
 (6849,605,'SIRNA SARI'),
 (6850,605,'SIRNASRI'),
 (6851,605,'SUKA JAYA'),
 (6852,605,'SUKATANI'),
 (6853,605,'WARU DOYONG'),
 (6854,567,'BOJONG ASIH'),
 (6855,606,'PADA ASIH'),
 (6856,664,'BOJONG ASIH'),
 (6857,191,'BOJONGKOKOSAN'),
 (6858,191,'MEKARSARI'),
 (6859,191,'PARNGKUDA'),
 (6860,191,'PARUNG KUDA'),
 (6861,191,'PONDOK KASO TONGGOH'),
 (6862,191,'PONDOKASO'),
 (6863,191,'PONDOKASO LAN'),
 (6864,191,'PONDOKKASO'),
 (6865,191,'SUNDA WE NANG'),
 (6866,191,'SUNDA WENANG'),
 (6867,191,'TENJO AYU'),
 (6868,674,'CIBUNGUR'),
 (6869,674,'CIGEMBONG'),
 (6870,674,'CIKUCANG'),
 (6871,674,'CIKUKANG'),
 (6872,674,'CIROYOM'),
 (6873,674,'CISARUA'),
 (6874,674,'CISUKA'),
 (6875,674,'MARGA LUYU'),
 (6876,674,'MARGALUYU'),
 (6877,674,'MARGARUYU'),
 (6878,674,'NANGERANG'),
 (6879,674,'NANGGERANG'),
 (6880,674,'NETGLASSARI'),
 (6881,674,'OURABAYA'),
 (6882,674,'PAGALEARAN'),
 (6883,674,'PAGALERAN'),
 (6884,674,'PANGELARAN'),
 (6885,674,'PANGLESERAN'),
 (6886,674,'PASANGRAHAN'),
 (6887,674,'PUIRABAYA'),
 (6888,674,'PURABAA'),
 (6889,674,'PURBABAYA'),
 (6890,674,'SIRNASARI'),
 (6891,674,'TENJO JAYA'),
 (6892,624,'PURWAKARTA'),
 (6893,90,'CIBADAK'),
 (6894,683,'BABMBAYANG'),
 (6895,683,'BAROS'),
 (6896,683,'BOJONG JENGKOL'),
 (6897,683,'CANTAYAN'),
 (6898,683,'CIBADAK'),
 (6899,683,'CIBADAKCIBADAK'),
 (6900,683,'CIBUNGUR'),
 (6901,683,'CICURUG'),
 (6902,683,'CIDADAP'),
 (6903,683,'CIDAHU'),
 (6904,683,'CIDOLOG'),
 (6905,683,'CIGDOG'),
 (6906,683,'CIHEULANG TONGGOH'),
 (6907,683,'CIMENTENG'),
 (6908,683,'CUCURGLUHUR'),
 (6909,683,'CURUG KEMBAR'),
 (6910,683,'CURUG LUHUR'),
 (6911,683,'CURUGKEMBAR'),
 (6912,683,'DATAR NANGKA'),
 (6913,683,'GN BENTANG'),
 (6914,683,'GN.BENTANG'),
 (6915,683,'HEGAR  MANAH'),
 (6916,683,'HEGAR MANAH'),
 (6917,683,'HEGAR MULYA'),
 (6918,683,'JAMPANG'),
 (6919,683,'JERUK LUHUR'),
 (6920,683,'KABANDUNGAN'),
 (6921,683,'KARANG TENGAH'),
 (6922,683,'KEBON MANGGU'),
 (6923,683,'KERTANANGKA'),
 (6924,683,'MARGA LUYU'),
 (6925,683,'MARGARUYU'),
 (6926,683,'MEKAR TANJUNG'),
 (6927,683,'MULYASARI'),
 (6928,683,'NAGRAOG'),
 (6929,683,'PABUARAN'),
 (6930,683,'PADA SENANG'),
 (6931,683,'PADASENANG'),
 (6932,683,'PARAKAN SAAK PARAKA SAKAK'),
 (6933,683,'PASANGARAHAN'),
 (6934,683,'PASANGGARAHAN'),
 (6935,683,'PASANGRAHAN'),
 (6936,683,'PASIR  JAYA'),
 (6937,683,'PESANGGRAHAN'),
 (6938,683,'PUNCAK MANGGIS'),
 (6939,683,'PUNCAK MANGGU'),
 (6940,683,'PUNCAK MANGIS'),
 (6941,683,'PUNCAK MANIS'),
 (6942,683,'PURABAYA'),
 (6943,683,'SAGARANRTEN'),
 (6944,683,'SAGARANTEAN'),
 (6945,683,'SAGARANTEN'),
 (6946,683,'SIANAR BENTENG'),
 (6947,683,'SINARBENTANG'),
 (6948,683,'SINDANG RAJA'),
 (6949,683,'SINDANG RESMI'),
 (6950,683,'SINDANGRAJA'),
 (6951,683,'SNDANGRAJA'),
 (6952,683,'SOROGOL'),
 (6953,683,'SUKAAAH'),
 (6954,683,'SUKABUMI'),
 (6955,683,'SUKAKARYA'),
 (6956,683,'TANJUNG SARI'),
 (6957,683,'TEGAL BULED'),
 (6958,683,'TG SARI'),
 (6959,683,'WARNA JATI'),
 (6960,570,'VIDADAP'),
 (6961,670,'BOJONG ASIH'),
 (6962,670,'CIHURANG'),
 (6963,670,'CIKIDANG'),
 (6964,670,'CIPICUNG.MEKAR ASIH'),
 (6965,670,'KEBON KOPI'),
 (6966,670,'KERTA JAYA'),
 (6967,670,'KERTARAHARJA'),
 (6968,670,'KUTA JAYA'),
 (6969,670,'LOA'),
 (6970,670,'LOGI'),
 (6971,670,'MAEKARASIH'),
 (6972,670,'MARIUK'),
 (6973,670,'MEKAR ASIH'),
 (6974,670,'MEKAR SARI'),
 (6975,670,'MEKARSARI'),
 (6976,670,'PADA SUKA'),
 (6977,670,'PADAASIH'),
 (6978,670,'SEMPENAN'),
 (6979,670,'SIMPENAN'),
 (6980,670,'WRKIARA'),
 (6981,211,'SINDAND SARI'),
 (6982,211,'SINDANG SARI'),
 (6983,645,'BABAKAN PANJANG'),
 (6984,645,'BAROS'),
 (6985,645,'BAYANG KARA'),
 (6986,645,'BAYANGKARA'),
 (6987,645,'BAYANGLARA'),
 (6988,645,'BHAYANGKARA'),
 (6989,645,'BOJONG GENTENG'),
 (6990,645,'CIAUL'),
 (6991,645,'CIAWUL'),
 (6992,645,'CIBADAK'),
 (6993,645,'CIBOLANG KALER'),
 (6994,645,'CICANATAYAN'),
 (6995,645,'CIGUNUNG'),
 (6996,645,'CIJALINAGAN'),
 (6997,645,'CIKATOMAS'),
 (6998,645,'CIKOLE'),
 (6999,645,'CIKONDANG'),
 (7000,645,'CIKUJANG'),
 (7001,645,'CIPELANG'),
 (7002,645,'CITAMIANG'),
 (7003,645,'DAYEHLUHUR'),
 (7004,645,'DAYEUH LUHUR'),
 (7005,645,'DUKSBU'),
 (7006,645,'GGEGR BITUNG'),
 (7007,645,'GUNGJAYA'),
 (7008,645,'GUNUNG PUYUH'),
 (7009,645,'KARANGTENGAH'),
 (7010,645,'KARWANG'),
 (7011,645,'KB JATI'),
 (7012,645,'KB PEDEUS'),
 (7013,645,'KB RANDU'),
 (7014,645,'KERAMAT'),
 (7015,645,'KP RANJI'),
 (7016,645,'LEMBUR SITU'),
 (7017,645,'LIMUS NUNGGAL'),
 (7018,645,'LIMUSNUNGGAL'),
 (7019,645,'MALINGGUT'),
 (7020,645,'NYAINDUNG'),
 (7021,645,'NYOMPLONG'),
 (7022,645,'PANGLESERAN'),
 (7023,645,'PARAUNGSEAH'),
 (7024,645,'PARUNG SEAH'),
 (7025,645,'PRIANGAN JAYA'),
 (7026,645,'PT GRIYA LESTARI'),
 (7027,645,'PT GRIYALESTARI'),
 (7028,645,'PT MUARA GRIRYA LESTARI'),
 (7029,645,'SALABINTANA'),
 (7030,645,'SALAKOPU'),
 (7031,645,'SEAKARWANGICIBADAK'),
 (7032,645,'SEALBINTANA'),
 (7033,645,'SELABINTANA'),
 (7034,645,'SINDANG RESMI'),
 (7035,645,'SIUKAJAYA'),
 (7036,645,'SLABINTANA'),
 (7037,645,'SRI WIDARI'),
 (7038,645,'SUKABUMI'),
 (7039,645,'SUKABUNI'),
 (7040,645,'SUKAKARYA'),
 (7041,645,'SUKALARANG'),
 (7042,645,'SUKANMBUMI'),
 (7043,645,'SUKARAJA'),
 (7044,645,'SUNDAJAYA GIRANG'),
 (7045,645,'SUNDAJAYAGIRANG'),
 (7046,645,'TEGAL PADUL'),
 (7047,645,'WARU DOYONG'),
 (7048,645,'WARUDOYONG'),
 (7049,645,'WRNASARI'),
 (7050,584,'BENDA'),
 (7051,584,'BOJONG LARANG'),
 (7052,584,'CIKAMPEK'),
 (7053,584,'CIMANGKGOG'),
 (7054,584,'CIMANGOK'),
 (7055,584,'LIMBANGAN'),
 (7056,584,'MEKARSARI'),
 (7057,584,'PIANGAN JAYA'),
 (7058,584,'PRIANGAN JAYA'),
 (7059,584,'SSUKARARANG'),
 (7060,584,'SUKA LARANG'),
 (7061,584,'SUKALAAARANG'),
 (7062,584,'SUKALARANGA'),
 (7063,195,'CIBADAK'),
 (7064,196,'BENCOY'),
 (7065,196,'BOBOJONG'),
 (7066,196,'BOJONG SAWAH'),
 (7067,196,'BOJONGSAWAH'),
 (7068,196,'CIAWUL'),
 (7069,196,'CIBEUREM'),
 (7070,196,'CIBEUREUM'),
 (7071,196,'CIJUJUNG'),
 (7072,196,'CIKAHURIPAN'),
 (7073,196,'CIKARET'),
 (7074,196,'CILANGKA'),
 (7075,196,'CILEBUT BARAT'),
 (7076,196,'CIMAHPAR'),
 (7077,196,'CIMAMPAH II'),
 (7078,196,'CIMANGKOK'),
 (7079,196,'CIPURUT'),
 (7080,196,'CIRENGHAS'),
 (7081,196,'GOAPARA'),
 (7082,196,'HAREMPOY'),
 (7083,196,'JAMBE NEGANG'),
 (7084,196,'JAMBE NENGGANG'),
 (7085,196,'JAMBENENGGENG'),
 (7086,196,'JAMBENENGGONG'),
 (7087,196,'JAMINUNGGAL'),
 (7088,196,'KEBON PEDES'),
 (7089,196,'KEBONPEDES'),
 (7090,196,'LANGEN SARI'),
 (7091,196,'LANGGENSARI'),
 (7092,196,'LENGANSARI'),
 (7093,196,'LIMBANG'),
 (7094,196,'LIMBSNGSN'),
 (7095,196,'MARGALUYU'),
 (7096,196,'PALASARI'),
 (7097,196,'PASAIR HALANG'),
 (7098,196,'PASIR  JAYA'),
 (7099,196,'PASIR HALANG'),
 (7100,196,'PRIANGANJAYA'),
 (7101,196,'SALAAWI'),
 (7102,196,'SELA AWI'),
 (7103,196,'SELAWANGGI'),
 (7104,196,'SELAWAWI'),
 (7105,196,'SELAWI'),
 (7106,196,'SUKA EKAR'),
 (7107,196,'SUKA MEKAR'),
 (7108,196,'SUKA RAJA'),
 (7109,196,'SUKAAAARAJA'),
 (7110,196,'SUKABUMI'),
 (7111,196,'SUKALARANG'),
 (7112,196,'SUKAMAJU'),
 (7113,196,'SUKARAAJA'),
 (7114,196,'SUKARJA'),
 (7115,196,'TITISAN'),
 (7116,681,'BALANDONAGN'),
 (7117,681,'BANJARSARI'),
 (7118,681,'BANYMURNI'),
 (7119,681,'BANYU MURNI'),
 (7120,681,'BANYUMURNI'),
 (7121,681,'BANYUWANGI'),
 (7122,681,'BAROS'),
 (7123,681,'BITUNG SARI'),
 (7124,681,'BIUNI WANGI'),
 (7125,681,'BUMI WANGI'),
 (7126,681,'BUMIWANGI'),
 (7127,681,'BUNI WANGI'),
 (7128,681,'BUNIOWANGI'),
 (7129,681,'BUNIWANGGI'),
 (7130,681,'BUNUWANGI'),
 (7131,681,'CBUMIMWANGI'),
 (7132,681,'CIBENTENG'),
 (7133,681,'CIBENTEUR'),
 (7134,681,'CIBITUNG'),
 (7135,681,'CIBODAS'),
 (7136,681,'CIDAHU'),
 (7137,681,'CIEUNDEUY'),
 (7138,681,'CIHAUR'),
 (7139,681,'CINBUNTU'),
 (7140,681,'CIPEANDEUY'),
 (7141,681,'CIPEDEUY'),
 (7142,681,'CIPENDEUY'),
 (7143,681,'CIPENDEY'),
 (7144,681,'CIPEUNCEUY'),
 (7145,681,'CIPEUNDEY'),
 (7146,681,'CIPEUTEUY'),
 (7147,681,'CIRACAP'),
 (7148,681,'CIRACAS'),
 (7149,681,'CITANGEALAR'),
 (7150,681,'CITANGELAR'),
 (7151,681,'CITANGGAR'),
 (7152,681,'CITANGGELAR'),
 (7153,681,'CITANGLAB'),
 (7154,681,'CITANGLAR'),
 (7155,681,'DAYEUH LUHUR'),
 (7156,681,'GN SUNGGING'),
 (7157,681,'GN.SUNGGING'),
 (7158,681,'GUNUGSNGGING'),
 (7159,681,'GUNUNG BONGKOK'),
 (7160,681,'GUNUNG SUMING'),
 (7161,681,'GUNUNG SUNGING'),
 (7162,681,'GUNUNGSUNGGING'),
 (7163,681,'JAGA MUKTI'),
 (7164,681,'JAYA MUKTI'),
 (7165,681,'KAADALEMAN'),
 (7166,681,'KADALAMAN'),
 (7167,681,'PADALEMAN'),
 (7168,681,'PASAR IPIS'),
 (7169,681,'PASIR KRIPIS'),
 (7170,681,'PASIRIPIS'),
 (7171,681,'PEUNDEUY'),
 (7172,681,'PS IPIS'),
 (7173,681,'PURWASEDA'),
 (7174,681,'SADAMUKTI'),
 (7175,681,'SEKARSARI'),
 (7176,681,'SIERNA SARI'),
 (7177,681,'SIMPANGKARET'),
 (7178,681,'SIRNA SARI'),
 (7179,681,'SUAKARYA'),
 (7180,681,'SUKA KARYA'),
 (7181,681,'SUKAKARYA'),
 (7182,681,'SUKAKERSA'),
 (7183,681,'SUKARYA'),
 (7184,681,'SURADE'),
 (7185,681,'SURASDE'),
 (7186,681,'SUWAKARYA'),
 (7187,681,'SWA KARYA'),
 (7188,681,'SWAKARSA'),
 (7189,681,'SWAKRYA'),
 (7190,681,'TALAGA MURNI'),
 (7191,681,'TALAGA SARI'),
 (7192,681,'TEGAL BULEUD'),
 (7193,681,'TEGAL LOA'),
 (7194,681,'WALURAN'),
 (7195,681,'WARNA SARI'),
 (7196,681,'WARNASARI'),
 (7197,574,'BUMBANG SAARI'),
 (7198,574,'BUMBANG SARI'),
 (7199,687,'CARINGIN'),
 (7200,687,'CARINGIN KULON'),
 (7201,687,'CIPICUNG'),
 (7202,687,'MEKARMUKTI'),
 (7203,687,'MUKTI'),
 (7204,687,'PADA ASIH'),
 (7205,687,'SEDAMUKTI'),
 (7206,687,'SUKA MUKTI'),
 (7207,687,'WARUNGGOMBONG'),
 (7208,575,'CIRENDEUR'),
 (7209,575,'WARUNG KONDANG'),
 (7210,609,'BANTARGADUNG'),
 (7211,609,'CIGOMBONG'),
 (7212,609,'DAMARAJA'),
 (7213,609,'DARMAREJA'),
 (7214,609,'SIEANAJAYA'),
 (7215,609,'SIRNA JAYA'),
 (7216,609,'SIRNJY'),
 (7217,609,'WARUNG  KIARA'),
 (7218,609,'WARUNG KIARA'),
 (7219,609,'WARUNGKIAAR'),
 (7220,657,'CIAWITALI'),
 (7221,159,'CIMANGGU'),
 (7222,159,'CIPANAS'),
 (7223,159,'KAAFHILIR'),
 (7224,159,'KARANG TENGAH'),
 (7225,159,'SEAKARWNGI'),
 (7226,169,'BOJONG KEMBAR'),
 (7227,647,'CIRENGHAS'),
 (7228,600,'CIGUNUNG'),
 (7229,600,'CIJAMBE'),
 (7230,600,'GUNUNG GURUH'),
 (7231,600,'GUNUNG JAYA'),
 (7232,671,'CITERIK'),
 (7233,182,'PARUNGSEAH GEDE'),
 (7234,186,'DAYEUH LUHUR'),
 (7235,186,'GUNUNG PUYUH'),
 (7236,186,'KARANG TENGAH'),
 (7237,186,'LEMBUR SITU'),
 (7238,186,'NYOMPLONG'),
 (7239,186,'SALABATU'),
 (7240,186,'SUKA KARYA'),
 (7241,186,'SUKABUMI'),
 (7242,186,'SUKAKARYA'),
 (7243,188,'ACISARUA'),
 (7244,645,'BAROS'),
 (7245,645,'BAYANGKARA'),
 (7246,645,'BBKN JAMPANG'),
 (7247,645,'BENTENG'),
 (7248,645,'BHAYANGKARA'),
 (7249,645,'BJ KEMBAR'),
 (7250,645,'BTN SECAPA'),
 (7251,645,'C8IBADAK'),
 (7252,645,'CELANG TONGOH'),
 (7253,645,'CEPANENGAH'),
 (7254,645,'CIAUL'),
 (7255,645,'CIBEUREM'),
 (7256,645,'CIBEUREUM'),
 (7257,645,'CIBEUREUM HILIR'),
 (7258,645,'CICURUG'),
 (7259,645,'CIGUNUNG'),
 (7260,645,'CIJANGKAR'),
 (7261,645,'CIKALEO'),
 (7262,645,'CIKAUNG'),
 (7263,645,'CIKOLE'),
 (7264,645,'CIKONDANG'),
 (7265,645,'CIPELANG'),
 (7266,645,'CIPOHO'),
 (7267,645,'CIPOHO INDAH'),
 (7268,645,'CISARUA'),
 (7269,645,'CITAMIANG'),
 (7270,645,'DAYEUH LUHUR'),
 (7271,645,'GEDONG PANJANG'),
 (7272,645,'GEDUNG PANAJANG'),
 (7273,645,'GIRIJAYA'),
 (7274,645,'GN PUYUH'),
 (7275,645,'GOALPARA'),
 (7276,645,'GUNUNG PUYUH'),
 (7277,645,'JL'),
 (7278,645,'KARAMAT'),
 (7279,645,'KARANG  TENGAH'),
 (7280,645,'KARANG TENGAH'),
 (7281,645,'KEBON PEDES'),
 (7282,645,'KUITAJAYA'),
 (7283,645,'LEMBUR SITU'),
 (7284,645,'NANGELENG'),
 (7285,645,'NANGGELENG'),
 (7286,645,'NANGLENG'),
 (7287,645,'NYOMPLONG'),
 (7288,645,'PAJAGAN CICURUG'),
 (7289,645,'PALASARI'),
 (7290,645,'PANJALU'),
 (7291,645,'PARUGSEAH'),
 (7292,645,'PARUNG SEAH'),
 (7293,645,'PARUNGSEAH GEDE'),
 (7294,645,'PASANGGRAHAN'),
 (7295,645,'PASIR GERONG'),
 (7296,645,'PASIR HALANG'),
 (7297,645,'PLAMBOYAN'),
 (7298,645,'RAMBAY'),
 (7299,645,'SELABATU'),
 (7300,645,'SELABINTANA'),
 (7301,645,'SITU MEKAR'),
 (7302,645,'SRIWEDARI'),
 (7303,645,'SUDA JAYA GIRANG'),
 (7304,645,'SUKA BUMI'),
 (7305,645,'SUKABUMI'),
 (7306,645,'SUKABUMU'),
 (7307,645,'SUKAJAYA.'),
 (7308,645,'SUKAKARYA'),
 (7309,645,'SUKARESMI'),
 (7310,645,'SUKASIRNA'),
 (7311,645,'SUNDA JAYA GIRANG'),
 (7312,645,'SUYKABUMI'),
 (7313,645,'TANJUNG SARI'),
 (7314,645,'TEGAL WANGI'),
 (7315,645,'TIPAR'),
 (7316,645,'WANASARI'),
 (7317,645,'WARNA SARI'),
 (7318,645,'WARU DOYONG'),
 (7319,645,'WARUNG SEAH'),
 (7320,196,'CIBEUREUM'),
 (7321,196,'LANEGENSARI'),
 (7322,196,'PASIR HALANG'),
 (7323,196,'SUAKARYA'),
 (7324,637,'BITUNG'),
 (7325,637,'CIMONE'),
 (7326,637,'CIMONE JAYA'),
 (7327,637,'KOSAMBI BARAT'),
 (7328,637,'PASAR KEMIS'),
 (7329,637,'TANGERANG'),
 (7330,637,'TANGGERANG'),
 (7331,617,'CIJULANG'),
 (7332,617,'TASIK'),
 (7333,618,'KAHURIPAN'),
 (7334,589,'BOJONGLOA'),
 (7335,693,'CIBIRU'),
 (7336,611,'CIPADUNG'),
 (7337,694,'A'),
 (7338,695,'BANDUNG'),
 (7339,696,'A');
COMMIT;
/*!40000 ALTER TABLE `ref_desa` ENABLE KEYS */;


--
-- Definition of table `ref_pekerjaan`
--

DROP TABLE IF EXISTS `ref_pekerjaan`;
CREATE TABLE `ref_pekerjaan` (
  `id` tinyint(3) NOT NULL auto_increment,
  `nama` varchar(50) default NULL,
  PRIMARY KEY  (`id`)
) ENGINE=MyISAM AUTO_INCREMENT=16 DEFAULT CHARSET=latin1;

--
-- Dumping data for table `ref_pekerjaan`
--

/*!40000 ALTER TABLE `ref_pekerjaan` DISABLE KEYS */;
SET AUTOCOMMIT=0;
INSERT INTO `ref_pekerjaan` (`id`,`nama`) VALUES 
 (1,'DIBAWAH UMUR'),
 (2,'IBU RUMAH TANGGA'),
 (3,'MAHASISWA'),
 (4,'NELAYAN'),
 (5,'PEDAGANG'),
 (6,'PEGAWAI SWASTA'),
 (7,'PEGAWAI LEPAS'),
 (8,'PELAJAR'),
 (9,'PENSIUNAN'),
 (10,'PETANI'),
 (11,'PNS'),
 (12,'TIDAK BEKERJA'),
 (13,'TIDAK TAHU'),
 (14,'TNI &amp; POLRI'),
 (15,'LAIN-LAIN');
COMMIT;
/*!40000 ALTER TABLE `ref_pekerjaan` ENABLE KEYS */;


--
-- Definition of table `ref_pendidikan`
--

DROP TABLE IF EXISTS `ref_pendidikan`;
CREATE TABLE `ref_pendidikan` (
  `id` tinyint(3) NOT NULL auto_increment,
  `nama` varchar(50) default NULL,
  PRIMARY KEY  (`id`)
) ENGINE=MyISAM AUTO_INCREMENT=10 DEFAULT CHARSET=latin1;

--
-- Dumping data for table `ref_pendidikan`
--

/*!40000 ALTER TABLE `ref_pendidikan` DISABLE KEYS */;
SET AUTOCOMMIT=0;
INSERT INTO `ref_pendidikan` (`id`,`nama`) VALUES 
 (1,'TIDAK SEKOLAH'),
 (2,'BELUM/ TIDAK TAMAT SD'),
 (3,'TAMAT SD'),
 (4,'TAMAT SMP'),
 (5,'TAMAT SMU'),
 (6,'TAMAT SARJANA MUDA'),
 (7,'TAMAT SARJANA'),
 (8,'TAMAT PASCA SARJANA'),
 (9,'LAIN-LAIN');
COMMIT;
/*!40000 ALTER TABLE `ref_pendidikan` ENABLE KEYS */;


--
-- Definition of table `ref_perujuk`
--

DROP TABLE IF EXISTS `ref_perujuk`;
CREATE TABLE `ref_perujuk` (
  `id` int(11) NOT NULL auto_increment,
  `nama` varchar(50) default NULL,
  `alamat` varchar(50) default NULL,
  PRIMARY KEY  (`id`)
) ENGINE=MyISAM AUTO_INCREMENT=20 DEFAULT CHARSET=latin1;

--
-- Dumping data for table `ref_perujuk`
--

/*!40000 ALTER TABLE `ref_perujuk` DISABLE KEYS */;
SET AUTOCOMMIT=0;
INSERT INTO `ref_perujuk` (`id`,`nama`,`alamat`) VALUES 
 (1,'BIDAN KARMINI',NULL),
 (2,'PKM. PLERET',NULL),
 (3,'PKM. JOGOKARIYAN',NULL),
 (4,'DR. SUHARTANTOS, SP.A','dukuhsari purwomartani kalasan'),
 (5,'LAIN-LAIN',NULL),
 (6,'pak bina','kalasan'),
 (7,'dr. Handoko','sda'),
 (8,'dr. Andika','jogokariyan'),
 (9,'dr. Andika','sda'),
 (10,'hehe','huhu'),
 (11,'coba perujuk','jl. mangkubumi 20'),
 (12,'aaa','ddd'),
 (13,'dr. subandi','alamatnya'),
 (14,'dr. Perujuk','alamat dr perujuk'),
 (15,'dr. Budi','jl. P. Mangkubumi'),
 (16,'x','123'),
 (17,'xxx','666'),
 (18,'asdf','asdf'),
 (19,'halao','disini');
COMMIT;
/*!40000 ALTER TABLE `ref_perujuk` ENABLE KEYS */;


--
-- Definition of table `req_pembelian`
--

DROP TABLE IF EXISTS `req_pembelian`;
CREATE TABLE `req_pembelian` (
  `id` int(11) NOT NULL auto_increment,
  `kd_barang` varchar(20) NOT NULL,
  `tgl` varchar(10) NOT NULL,
  `aktivasi` varchar(1) NOT NULL,
  `no_req` varchar(20) default NULL,
  `jml` int(11) NOT NULL,
  PRIMARY KEY  (`id`)
) ENGINE=MyISAM AUTO_INCREMENT=18 DEFAULT CHARSET=latin1;

--
-- Dumping data for table `req_pembelian`
--

/*!40000 ALTER TABLE `req_pembelian` DISABLE KEYS */;
SET AUTOCOMMIT=0;
INSERT INTO `req_pembelian` (`id`,`kd_barang`,`tgl`,`aktivasi`,`no_req`,`jml`) VALUES 
 (1,'dsasd','24/06/2011','2','SPB/2506110001',80),
 (5,'aaangga','25/06/2011','2','SPB/2506110001',80),
 (4,'ah','24/06/2011','2','SPB/2506110001',80),
 (6,'kd_barang51','28/06/2011','2','SPB/2806110008',300),
 (7,'kd_barang50','28/06/2011','2','SPB/2806110022',200),
 (8,'kd_barang55','28/06/2011','2','SPB/0207110033',100),
 (9,'kd_barang57','28/06/2011','2','SPB/2806110008',500),
 (11,'kd_barang59','28/06/2011','2','SPB/2806110008',500),
 (12,'kd_barang53','28/06/2011','2','SPB/2806110008',400),
 (13,'kd_barang56','28/06/2011','2','SPB/0207110033',50),
 (14,'kd_barang58','28/06/2011','2','SPB/0207110034',90),
 (15,'kd_barang60','28/06/2011','2','SPB/2806110022',332),
 (16,'kd_barang52','28/06/2011','0',NULL,0),
 (17,'kd_barang54','28/06/2011','2','SPB/0207110033',150);
COMMIT;
/*!40000 ALTER TABLE `req_pembelian` ENABLE KEYS */;


--
-- Definition of table `resep`
--

DROP TABLE IF EXISTS `resep`;
CREATE TABLE `resep` (
  `id` int(11) NOT NULL auto_increment,
  `no_resep` varchar(15) NOT NULL,
  `pasien_id` varchar(15) NOT NULL,
  `kode_obat` varchar(15) NOT NULL,
  `tgl` varchar(10) NOT NULL,
  `dosis_id` varchar(2) NOT NULL,
  `diminta` float(4,2) NOT NULL,
  `diberi` float(4,2) NOT NULL,
  `ket` varchar(15) NOT NULL,
  `racikan` varchar(2) NOT NULL,
  `ket_banyak` varchar(255) NOT NULL,
  `harga` float(14,2) NOT NULL,
  `sub_total` float(9,2) NOT NULL,
  `fld01` varchar(255) NOT NULL,
  `fld02` varchar(20) NOT NULL,
  PRIMARY KEY  (`id`)
) ENGINE=MyISAM AUTO_INCREMENT=50 DEFAULT CHARSET=latin1;

--
-- Dumping data for table `resep`
--

/*!40000 ALTER TABLE `resep` DISABLE KEYS */;
SET AUTOCOMMIT=0;
INSERT INTO `resep` (`id`,`no_resep`,`pasien_id`,`kode_obat`,`tgl`,`dosis_id`,`diminta`,`diberi`,`ket`,`racikan`,`ket_banyak`,`harga`,`sub_total`,`fld01`,`fld02`) VALUES 
 (49,'RPU/2507110001','','01012347','25/07/2011','1',1.00,1.00,'Sebelum Makan','','dsdd',9200.00,9200.00,'',''),
 (48,'RPU/2507110001','','','25/07/2011','1',0.00,0.00,'Sesudah Makan','YA','TEST',0.00,0.00,'TEST','RCU/2507110001'),
 (47,'IGD/2407110001','00000001','','24/07/2011','1',0.00,0.00,'Sesudah Makan','YA','TEST',0.00,27300.00,'RACIKAN IGD 1','RCK/2407110001'),
 (46,'IGD/2407110001','00000001','01012154','24/07/2011','1',10.00,10.00,'Sebelum Makan','','TEST',5500.00,55000.00,'','');
COMMIT;
/*!40000 ALTER TABLE `resep` ENABLE KEYS */;


--
-- Definition of table `resep_head`
--

DROP TABLE IF EXISTS `resep_head`;
CREATE TABLE `resep_head` (
  `id` int(11) NOT NULL auto_increment,
  `no_resep` varchar(30) NOT NULL COMMENT 'RRI/ RRJ/ RPU/ RNR/',
  `param_no` int(7) NOT NULL,
  `pasien_id` varchar(30) NOT NULL,
  `created_datetime` datetime NOT NULL,
  `created_user` varchar(30) NOT NULL,
  `update_datetime` datetime NOT NULL,
  `update_user` varchar(30) NOT NULL,
  `tgl` varchar(10) NOT NULL,
  `unit_id` int(2) NOT NULL default '0',
  `f_status` varchar(100) default NULL,
  `flags` int(2) default '0',
  `fld01` varchar(5) NOT NULL,
  `fld02` varchar(255) NOT NULL,
  `fld03` varchar(255) NOT NULL,
  `status_bayar` tinyint(1) NOT NULL default '0',
  `cara_masuk` varchar(30) NOT NULL,
  `no_ket` varchar(20) NOT NULL,
  `grand_total` float(14,2) NOT NULL default '0.00',
  PRIMARY KEY  (`id`),
  FULLTEXT KEY `no_resep` (`no_resep`)
) ENGINE=MyISAM AUTO_INCREMENT=56 DEFAULT CHARSET=utf8;

--
-- Dumping data for table `resep_head`
--

/*!40000 ALTER TABLE `resep_head` DISABLE KEYS */;
SET AUTOCOMMIT=0;
INSERT INTO `resep_head` (`id`,`no_resep`,`param_no`,`pasien_id`,`created_datetime`,`created_user`,`update_datetime`,`update_user`,`tgl`,`unit_id`,`f_status`,`flags`,`fld01`,`fld02`,`fld03`,`status_bayar`,`cara_masuk`,`no_ket`,`grand_total`) VALUES 
 (55,'IGD/2507110002',2,'00000001','2011-07-25 01:18:50','Hardi','0000-00-00 00:00:00','','25/07/2011',51,NULL,0,'','','',0,'IGD','',0.00),
 (54,'RPU/2507110001',1,'','2011-07-25 00:52:21','Hardi','0000-00-00 00:00:00','','25/07/2011',0,NULL,1,'','angga','RSHS',0,'KARYAWAN','K-009',10120.00),
 (53,'IGD/2407110001',1,'00000001','2011-07-24 22:20:19','UIGD','0000-00-00 00:00:00','','24/07/2011',51,NULL,1,'','','',1,'IGD','',106990.00),
 (52,'RRJ/2407110001',1,'00151135','2011-07-24 21:35:38','Jalu','0000-00-00 00:00:00','','24/07/2011',0,NULL,0,'','','',0,'RAWAT JALAN','',0.00);
COMMIT;
/*!40000 ALTER TABLE `resep_head` ENABLE KEYS */;


--
-- Definition of table `retur`
--

DROP TABLE IF EXISTS `retur`;
CREATE TABLE `retur` (
  `ID` int(11) NOT NULL auto_increment,
  `No_BTB` varchar(10) default NULL,
  `No_RPB` varchar(20) NOT NULL,
  `param_no` int(7) default '0',
  `Tgl_BTB` varchar(10) default NULL,
  `Tgl_RPB` varchar(10) NOT NULL,
  `Keterangan` text,
  `Tgl_pakai` date NOT NULL,
  `UsrBuat` varchar(5) default NULL,
  `UsrApprove` varchar(5) default NULL,
  `UsrReceived` varchar(255) NOT NULL,
  `Tgl_Cancel` datetime default NULL,
  `Tgl_Received` varchar(10) default NULL,
  `Unit` varchar(10) default NULL,
  `status` int(1) NOT NULL default '5',
  `user_cancel` varchar(100) default NULL,
  `flags_unit` int(1) NOT NULL default '0',
  PRIMARY KEY  (`ID`)
) ENGINE=MyISAM AUTO_INCREMENT=5 DEFAULT CHARSET=utf8;

--
-- Dumping data for table `retur`
--

/*!40000 ALTER TABLE `retur` DISABLE KEYS */;
SET AUTOCOMMIT=0;
COMMIT;
/*!40000 ALTER TABLE `retur` ENABLE KEYS */;


--
-- Definition of table `satuan`
--

DROP TABLE IF EXISTS `satuan`;
CREATE TABLE `satuan` (
  `kd_satuan` varchar(11) NOT NULL,
  `deskripsi` varchar(100) NOT NULL,
  PRIMARY KEY  (`kd_satuan`)
) ENGINE=MyISAM DEFAULT CHARSET=latin1;

--
-- Dumping data for table `satuan`
--

/*!40000 ALTER TABLE `satuan` DISABLE KEYS */;
SET AUTOCOMMIT=0;
INSERT INTO `satuan` (`kd_satuan`,`deskripsi`) VALUES 
 ('AMP','AMP'),
 ('BTL','Botol'),
 ('BOX','Box'),
 ('BH','Buah'),
 ('CAP','Cap'),
 ('CM','Centimeter'),
 ('DOS','Dos'),
 ('DROP','DROP'),
 ('FL','FL'),
 ('GRAM','GRAM'),
 ('KAP','KAP'),
 ('KASET','KASET'),
 ('KG','Kilo Gram'),
 ('KPL','KPL'),
 ('KTK','KTK'),
 ('LBR','Lembar'),
 ('MTR','Meter'),
 ('ML','ML'),
 ('OVULA','OVULA'),
 ('PAK','PAK'),
 ('PCS','Pieces'),
 ('POT','POT'),
 ('ROLL','Roll'),
 ('SAC','Sac'),
 ('STR','Strip'),
 ('SUP','Supp'),
 ('SYR','SYR'),
 ('TAB','TAB'),
 ('TUBE','Tube'),
 ('VIAL','VIAL'),
 ('YB','YB');
COMMIT;
/*!40000 ALTER TABLE `satuan` ENABLE KEYS */;


--
-- Definition of table `set_harga`
--

DROP TABLE IF EXISTS `set_harga`;
CREATE TABLE `set_harga` (
  `id` int(11) unsigned zerofill NOT NULL auto_increment,
  `barang_id` int(11) NOT NULL,
  `exp_date` varchar(10) NOT NULL,
  `po_no` varchar(50) NOT NULL,
  `po_date` datetime default NULL,
  `price_ms_date` datetime default NULL,
  `price_ms` float(14,2) default '0.00',
  `price_po` float(14,2) default '0.00',
  `price_now` float(14,2) default '0.00',
  `created_datetime` datetime NOT NULL,
  `created_user` varchar(20) NOT NULL,
  `updated_datetime` datetime NOT NULL,
  `updated_user` varchar(20) NOT NULL,
  PRIMARY KEY  (`id`)
) ENGINE=MyISAM AUTO_INCREMENT=4 DEFAULT CHARSET=latin1;

--
-- Dumping data for table `set_harga`
--

/*!40000 ALTER TABLE `set_harga` DISABLE KEYS */;
SET AUTOCOMMIT=0;
INSERT INTO `set_harga` (`id`,`barang_id`,`exp_date`,`po_no`,`po_date`,`price_ms_date`,`price_ms`,`price_po`,`price_now`,`created_datetime`,`created_user`,`updated_datetime`,`updated_user`) VALUES 
 (00000000001,3,'06/07/2011','PON/2806119998','2011-06-28 00:18:15','2011-07-06 02:27:58',30000.00,8000.00,0.00,'2011-07-06 02:27:58','Jalu','2011-07-06 02:27:58','Jalu'),
 (00000000002,32,'06/07/2011','PON/2806110002','2011-06-28 04:39:32','2011-07-06 04:13:56',5000.00,1290.00,0.00,'2011-07-06 04:13:56','pospv','2011-07-06 04:13:56','pospv'),
 (00000000003,31,'','PON/2806110001','2011-06-28 04:39:32','2011-07-06 04:56:53',3000.00,8000.00,0.00,'2011-07-06 04:56:53','pospv','2011-07-06 04:56:53','pospv');
COMMIT;
/*!40000 ALTER TABLE `set_harga` ENABLE KEYS */;


--
-- Definition of table `spesialisasi`
--

DROP TABLE IF EXISTS `spesialisasi`;
CREATE TABLE `spesialisasi` (
  `id` tinyint(3) NOT NULL auto_increment,
  `nama` varchar(25) default NULL,
  PRIMARY KEY  (`id`)
) ENGINE=MyISAM AUTO_INCREMENT=16 DEFAULT CHARSET=latin1;

--
-- Dumping data for table `spesialisasi`
--

/*!40000 ALTER TABLE `spesialisasi` DISABLE KEYS */;
SET AUTOCOMMIT=0;
INSERT INTO `spesialisasi` (`id`,`nama`) VALUES 
 (1,'Penyakit Dalam'),
 (2,'Bedah'),
 (3,'Anak'),
 (4,'Obsgyn'),
 (5,'Syaraf'),
 (6,'Jiwa'),
 (7,'THT'),
 (8,'Mata'),
 (9,'Kulit Kelamin'),
 (10,'Umum'),
 (11,'Psikiatri'),
 (12,'Gigi'),
 (13,'Kandungan'),
 (14,'Psikiatri'),
 (15,'Luka Bakar');
COMMIT;
/*!40000 ALTER TABLE `spesialisasi` ENABLE KEYS */;


--
-- Definition of table `status`
--

DROP TABLE IF EXISTS `status`;
CREATE TABLE `status` (
  `id` int(11) NOT NULL auto_increment,
  `param_no` int(11) NOT NULL,
  `nama` varchar(255) NOT NULL,
  `description` varchar(255) NOT NULL,
  `f_aktif` int(11) NOT NULL,
  PRIMARY KEY  (`id`)
) ENGINE=MyISAM AUTO_INCREMENT=10 DEFAULT CHARSET=utf8;

--
-- Dumping data for table `status`
--

/*!40000 ALTER TABLE `status` DISABLE KEYS */;
SET AUTOCOMMIT=0;
INSERT INTO `status` (`id`,`param_no`,`nama`,`description`,`f_aktif`) VALUES 
 (1,1,'Need Approval','-',1),
 (2,2,'Approved','-',1),
 (3,3,'Pending','-',1),
 (4,4,'Cancel','-',1),
 (5,5,'Out Standing','-',1),
 (6,6,'Retur','-',1),
 (7,7,'Close','',1),
 (8,8,'Not Complited','-',1),
 (9,9,'Received','-',1);
COMMIT;
/*!40000 ALTER TABLE `status` ENABLE KEYS */;


--
-- Definition of table `stok_opname`
--

DROP TABLE IF EXISTS `stok_opname`;
CREATE TABLE `stok_opname` (
  `id` int(11) NOT NULL auto_increment,
  `barang_id` int(11) NOT NULL,
  `stok_ms` float(9,2) NOT NULL default '0.00',
  `stok_apt` float(9,2) NOT NULL default '0.00',
  `stok_rj` float(9,2) NOT NULL default '0.00',
  `stok_ri` float(9,2) NOT NULL default '0.00',
  `stok_igd` float(9,2) NOT NULL default '0.00',
  `stok_oca` float(9,2) NOT NULL default '0.00',
  `stok_lab` float(9,2) NOT NULL default '0.00',
  `stok_rad` float(9,2) NOT NULL default '0.00',
  `jumlah` float(14,2) NOT NULL default '0.00',
  `tgl` varchar(10) NOT NULL,
  `created_datetime` datetime NOT NULL,
  `created_user` varchar(30) NOT NULL,
  `update_datetime` datetime NOT NULL,
  `update_user` varchar(30) NOT NULL,
  `fld01` varchar(255) NOT NULL,
  `fld02` varchar(255) NOT NULL,
  `fld03` varchar(255) NOT NULL,
  `fld04` varchar(255) NOT NULL,
  `fld05` varchar(255) NOT NULL,
  PRIMARY KEY  (`id`)
) ENGINE=MyISAM AUTO_INCREMENT=224 DEFAULT CHARSET=utf8;

--
-- Dumping data for table `stok_opname`
--

/*!40000 ALTER TABLE `stok_opname` DISABLE KEYS */;
SET AUTOCOMMIT=0;
INSERT INTO `stok_opname` (`id`,`barang_id`,`stok_ms`,`stok_apt`,`stok_rj`,`stok_ri`,`stok_igd`,`stok_oca`,`stok_lab`,`stok_rad`,`jumlah`,`tgl`,`created_datetime`,`created_user`,`update_datetime`,`update_user`,`fld01`,`fld02`,`fld03`,`fld04`,`fld05`) VALUES 
 (223,56,900.00,50.00,0.00,0.00,0.00,0.00,0.00,0.00,950.00,'24/07/2011','2011-07-24 22:34:11','','0000-00-00 00:00:00','','','','','',''),
 (222,55,800.00,0.00,0.00,0.00,90.00,0.00,100.00,0.00,990.00,'24/07/2011','2011-07-24 22:34:11','','0000-00-00 00:00:00','','','','','',''),
 (221,54,800.00,0.00,0.00,0.00,0.00,0.00,0.00,0.00,800.00,'24/07/2011','2011-07-24 22:34:11','','0000-00-00 00:00:00','','','','','',''),
 (220,53,900.00,0.00,0.00,0.00,0.00,0.00,0.00,100.00,1000.00,'24/07/2011','2011-07-24 22:34:11','','0000-00-00 00:00:00','','','','','',''),
 (219,52,800.00,0.00,0.00,0.00,100.00,100.00,0.00,0.00,1000.00,'24/07/2011','2011-07-24 22:34:11','','0000-00-00 00:00:00','','','','','',''),
 (218,51,960.00,0.00,0.00,0.00,8.00,0.00,0.00,30.00,998.00,'24/07/2011','2011-07-24 22:34:11','','0000-00-00 00:00:00','','','','','',''),
 (217,50,900.00,0.00,0.00,0.00,97.00,0.00,0.00,0.00,997.00,'24/07/2011','2011-07-24 22:34:11','','0000-00-00 00:00:00','','','','','',''),
 (216,49,850.00,50.00,0.00,0.00,0.00,0.00,100.00,0.00,1000.00,'24/07/2011','2011-07-24 22:34:11','','0000-00-00 00:00:00','','','','','',''),
 (214,47,1000.00,0.00,0.00,0.00,0.00,0.00,0.00,0.00,1000.00,'24/07/2011','2011-07-24 22:34:11','','0000-00-00 00:00:00','','','','','',''),
 (215,48,880.00,100.00,0.00,0.00,0.00,0.00,0.00,0.00,980.00,'24/07/2011','2011-07-24 22:34:11','','0000-00-00 00:00:00','','','','','','');
COMMIT;
/*!40000 ALTER TABLE `stok_opname` ENABLE KEYS */;


--
-- Definition of table `subspesialisasi`
--

DROP TABLE IF EXISTS `subspesialisasi`;
CREATE TABLE `subspesialisasi` (
  `id` tinyint(3) NOT NULL auto_increment,
  `spesialisasi_id` tinyint(3) NOT NULL,
  `nama` varchar(25) default NULL,
  PRIMARY KEY  (`id`),
  KEY `spesialisasi_id` (`spesialisasi_id`)
) ENGINE=MyISAM AUTO_INCREMENT=17 DEFAULT CHARSET=latin1;

--
-- Dumping data for table `subspesialisasi`
--

/*!40000 ALTER TABLE `subspesialisasi` DISABLE KEYS */;
SET AUTOCOMMIT=0;
INSERT INTO `subspesialisasi` (`id`,`spesialisasi_id`,`nama`) VALUES 
 (1,1,'Penyakit Dalam'),
 (2,2,'Bedah Umum'),
 (3,2,'Bedah Digestif'),
 (4,2,'Bedah Thorak'),
 (5,2,'Bedah Orthopedi'),
 (6,2,'Bedah Anak'),
 (7,12,'Gigi'),
 (8,12,'Bedah Mulut'),
 (9,8,'Mata'),
 (10,4,'Obsgyn'),
 (11,5,'Syaraf'),
 (12,3,'Anak'),
 (13,9,'Kulit Kelamin'),
 (14,7,'THT'),
 (15,6,'Jiwa'),
 (16,10,'Umum');
COMMIT;
/*!40000 ALTER TABLE `subspesialisasi` ENABLE KEYS */;


--
-- Definition of table `tbl_menu`
--

DROP TABLE IF EXISTS `tbl_menu`;
CREATE TABLE `tbl_menu` (
  `id` int(11) NOT NULL auto_increment,
  `code` varchar(100) NOT NULL,
  `name_menu` varchar(255) NOT NULL,
  `description` varchar(255) NOT NULL,
  `flags` bit(1) NOT NULL,
  `created_datetime` datetime NOT NULL,
  `created_user` varchar(20) NOT NULL,
  `update_datetime` datetime NOT NULL,
  `update_user` varchar(20) NOT NULL,
  `Menu` int(11) NOT NULL,
  `fld01` varchar(11) default '0',
  `fld02` varchar(11) default '0',
  `fld03` varchar(11) default '0',
  `fld04` varchar(255) default '0',
  `Link` varchar(50) default 'content/#',
  `group_id` int(11) default NULL,
  `fld07` int(11) default NULL,
  `fld08` varchar(255) default NULL,
  `fld09` varchar(255) default NULL,
  `f_aktif` int(11) default '0',
  PRIMARY KEY  (`id`)
) ENGINE=MyISAM AUTO_INCREMENT=102 DEFAULT CHARSET=latin1;

--
-- Dumping data for table `tbl_menu`
--

/*!40000 ALTER TABLE `tbl_menu` DISABLE KEYS */;
SET AUTOCOMMIT=0;
INSERT INTO `tbl_menu` (`id`,`code`,`name_menu`,`description`,`flags`,`created_datetime`,`created_user`,`update_datetime`,`update_user`,`Menu`,`fld01`,`fld02`,`fld03`,`fld04`,`Link`,`group_id`,`fld07`,`fld08`,`fld09`,`f_aktif`) VALUES 
 (1,'MFRM','Gudang','-',0x01,'2011-06-26 03:37:23','','2011-07-13 15:13:26','',1,'0','0','0','0','content/daftar_dokumen_farmasi',2,NULL,NULL,NULL,1),
 (2,'MAPT','Pelayanan','-',0x01,'2011-06-26 03:49:32','','2011-07-09 15:06:31','',1,'0','0','0','0','content/list_spp',2,NULL,NULL,NULL,1),
 (3,'MGDG','List Permintaan Pembelian','-',0x01,'2011-06-26 03:50:09','','2011-06-27 15:50:14','',2,'1','1','1','0','content/ps',2,NULL,NULL,NULL,1),
 (4,'MRWJ','Rawat Jalan','-',0x01,'2011-06-26 03:56:49','','2011-06-29 00:06:39','',1,'0','0','0','0','content/list_spp',1,NULL,NULL,NULL,1),
 (5,'MPOR','Purchasing','-',0x01,'2011-06-26 03:59:52','','2011-06-27 15:50:34','',1,'0','0','0','0','content/#',2,NULL,NULL,NULL,1),
 (6,'MKSR','Kasir','-',0x01,'2011-06-26 04:00:30','','2011-07-18 09:45:31','',1,'0','0','0','0','content/kasir_tes',2,NULL,NULL,NULL,1),
 (7,'MDMR','Data Master','-',0x01,'2011-06-26 04:01:57','','0000-00-00 00:00:00','',2,'1','53','0','0','content/#',2,NULL,NULL,NULL,1),
 (8,'MSTP','Setup','-',0x01,'2011-06-26 04:02:22','','0000-00-00 00:00:00','',2,'1','53','0','0','content/#',2,NULL,NULL,NULL,1),
 (9,'MMNU','Master Daftar Menu','-',0x01,'2011-06-26 04:03:21','','2011-06-27 19:00:30','',3,'1','53','8','2','setup/tbl_menu',2,NULL,NULL,NULL,1),
 (11,'MMTU','Master Pelayanan','-',0x01,'2011-06-26 04:53:17','','2011-06-28 17:23:32','',3,'1','53','7','0','content/unit',2,NULL,NULL,NULL,1),
 (12,'MGRB','Master Group Barang','-',0x01,'2011-06-26 04:59:23','','0000-00-00 00:00:00','',3,'1','53','7','0','content/group_barang',2,NULL,NULL,NULL,1),
 (13,'MJOB','Master Jenis Obat','-',0x01,'2011-06-26 05:01:22','','0000-00-00 00:00:00','',3,'1','53','7','0','content/jenis_obat',2,NULL,NULL,NULL,1),
 (14,'MTOB','Master Type Obat','-',0x01,'2011-06-26 05:02:41','','0000-00-00 00:00:00','',3,'1','53','7','0','content/jenis_obat',2,NULL,NULL,NULL,1),
 (15,'MGOB','Master Golongan Obat','-',0x01,'2011-06-26 05:03:41','','0000-00-00 00:00:00','',3,'1','53','7','0','content/golongan_obat',2,NULL,NULL,NULL,1),
 (16,'MGNO','Master Guna Obat','-',0x01,'2011-06-26 05:05:03','','0000-00-00 00:00:00','',3,'1','53','7','0','content/guna_obat',2,NULL,NULL,NULL,1),
 (17,'MKSI','Master Kla.Inventory','-',0x01,'2011-06-26 05:06:45','','0000-00-00 00:00:00','',3,'1','53','7','0','content/klasifikasi_inventory',2,NULL,NULL,NULL,1),
 (18,'MDOB','Master Dosis','-',0x01,'2011-06-26 05:07:56','','0000-00-00 00:00:00','',3,'1','53','7','0','content/dosis',2,NULL,NULL,NULL,1),
 (19,'MSTN','Master Satuan','-',0x01,'2011-06-26 05:09:05','','0000-00-00 00:00:00','',3,'1','53','7','0','content/satuan',2,NULL,NULL,NULL,1),
 (20,'MUSR','Master User ','-',0x01,'2011-06-26 05:11:11','','2011-06-28 14:58:18','',3,'1','53','8','0','setup/user_access_level',0,NULL,NULL,NULL,1),
 (21,'MPBF','Master PBF','-',0x01,'2011-06-26 05:21:16','','0000-00-00 00:00:00','',3,'1','53','7','0','content/pbf',2,NULL,NULL,NULL,1),
 (22,'MUAC','Master Type Access Level','-',0x01,'2011-06-26 05:46:13','','2011-06-28 14:57:22','',3,'1','53','8','0','setup/leveling_akses',2,NULL,NULL,NULL,1),
 (23,'MGRD','Master Group Dept','-',0x01,'2011-06-26 05:50:02','','2011-06-26 05:18:20','',3,'1','53','8','0','setup/user_group',2,NULL,NULL,NULL,1),
 (25,'MLSP','List Permintaan','-',0x01,'2011-06-26 06:27:04','','2011-06-26 10:27:40','',2,'1','5','0','0','content/list_spb_grid',2,NULL,NULL,NULL,1),
 (27,'MNPO','Manual PO','-',0x01,'2011-06-26 06:29:39','','2011-06-27 03:10:52','',2,'1','5','0','0','content/po_processing',2,NULL,NULL,NULL,1),
 (28,'MRCO','Penerimaan Order','-',0x01,'2011-06-26 06:30:55','','2011-06-29 03:38:15','',2,'1','5','0','0','content/list_po',2,NULL,NULL,NULL,1),
 (29,'MNRT','Retur Pembelian','-',0x01,'2011-06-26 06:31:50','','2011-06-29 03:39:01','',2,'1','5','0','0','content/list_po',2,NULL,NULL,NULL,1),
 (30,'MACC','Keuangan','-',0x01,'2011-06-26 06:36:14','','2011-07-05 14:17:17','',1,'0','0','0','0','content/#',2,NULL,NULL,NULL,1),
 (31,'MRQO','Permintaan Pembelian','-',0x01,'2011-06-26 06:43:06','','2011-06-30 23:42:39','',2,'1','1','0','0','content/mr',2,NULL,NULL,NULL,1),
 (32,'MLPO','List Purchase Order','-',0x01,'2011-06-26 06:44:26','','2011-06-27 03:06:57','',2,'1','5','0','0','content/list_po',2,NULL,NULL,NULL,1),
 (34,'MPNO','Bukti Penerimaan Barang/ Obat','-',0x01,'2011-06-26 06:47:39','','2011-07-24 22:56:07','',2,'1','1','0','0','content/distribusi_obat&status_ket=2&f=1',2,NULL,NULL,NULL,1),
 (81,'MRRJ','Input Resep','-',0x01,'2011-07-10 12:13:41','','2011-07-10 11:14:48','',2,'1','4','0','0','content/resep_reg_rawat_jalan',1,NULL,NULL,NULL,1),
 (36,'MPLO','Bukti Pengeluaran Barang/ Obat','-',0x01,'2011-06-26 06:49:20','','2011-07-24 22:56:27','',2,'1','1','0','0','content/distribusi_obat&status_ket=9&f=2',2,NULL,NULL,NULL,1),
 (38,'MRNT','Margin','-',0x01,'2011-06-26 06:52:11','','2011-06-28 14:30:13','',2,'1','30','0','0','content/margin',0,NULL,NULL,NULL,1),
 (49,'MGRU','Master Group Unit','-',0x01,'2011-06-26 04:43:24','','2011-06-27 21:09:33','',3,'1','53','7','0','content/group_unit',0,NULL,NULL,NULL,1),
 (41,'MRSTO','Bukti Penerimaan Stok','-',0x01,'2011-06-26 06:56:30','','2011-06-30 21:59:47','',2,'1','2','0','0','content/list_BTB',2,NULL,NULL,NULL,1),
 (48,'MSGU','Stock Gudang Rawat Jalan','-',0x01,'2011-06-26 01:33:47','','2011-06-28 00:13:44','',2,'1','4','0','0','content/daftar_barang_unit',1,NULL,NULL,NULL,1),
 (44,'MSTGA','Stok Gudang Apotek','-',0x01,'2011-06-26 07:14:38','','2011-06-27 16:37:16','',2,'1','2','0','0','content/daftar_barang_unit',2,NULL,NULL,NULL,1),
 (47,'MBPU','Bukti Penerimaan Stok','-',0x01,'2011-06-26 01:21:45','','2011-06-30 22:40:13','',2,'1','4','0','0','content/list_BTB',2,NULL,NULL,NULL,1),
 (46,'MTYI','Master Type Accsess','-',0x01,'2011-06-26 11:36:49','','0000-00-00 00:00:00','',3,'1','53','8','0','setup/user_type',2,NULL,NULL,NULL,1),
 (50,'MRTI','Rawat Inap','-',0x01,'2011-06-26 11:50:40','','2011-06-29 00:07:26','',1,'0','0','0','0','content/list_spp',1,NULL,NULL,NULL,1),
 (51,'MIGD','IGD','-',0x01,'2011-06-26 11:51:00','','2011-07-13 23:22:54','',1,'0','0','0','0','content/list_spp',1,NULL,NULL,NULL,1),
 (52,'MOCA','OKA (Ruang Tindakan)','-',0x01,'2011-06-26 11:51:51','','2011-07-23 13:56:18','',1,'0','0','0','0','content/list_spp',1,NULL,NULL,NULL,1),
 (53,'MADM','Administrator','-',0x01,'2011-06-26 02:29:27','','2011-07-06 06:05:16','',1,'0','0','0','0','content/Admin',2,NULL,NULL,NULL,1),
 (54,'MRSP','Input Resep','-',0x01,'2011-06-26 03:41:25','','0000-00-00 00:00:00','',2,'1','2','39','0','content/pasien',2,NULL,NULL,NULL,1),
 (62,'MLPS','List Permintaan Stock Unit','-',0x01,'2011-06-27 04:53:00','','2011-06-29 03:30:32','',2,'1','1','0','0','content/distribusi_obat',2,NULL,NULL,NULL,1),
 (66,'MSIG','Stock Gudang IGD','-',0x01,'2011-06-28 12:56:59','','2011-07-10 00:19:22','',2,'1','51','0','0','content/daftar_barang_unit',1,NULL,NULL,NULL,1),
 (65,'MSRI','Stock Gudang Rawat Inap','-',0x01,'2011-06-28 12:55:27','','0000-00-00 00:00:00','',2,'1','50','0','0','content/daftar_barang_unit',1,NULL,NULL,NULL,1),
 (67,'MSOC','Stock Gudang OCA','-',0x01,'2011-06-28 12:58:56','','2011-07-10 11:09:41','',2,'1','52','0','0','content/daftar_barang_unit',0,NULL,NULL,NULL,1),
 (68,'MTOM','Master Otoritas Menu','-',0x01,'2011-06-28 04:21:45','','2011-06-28 15:28:43','',3,'1','53','8','0','setup/Otoritas_Menu',2,NULL,NULL,NULL,1),
 (84,'MTRK','Transaksi','-',0x01,'2011-07-13 04:30:58','','2011-07-13 17:44:06','',2,'1','6','0','0','content/kasir_tes',2,NULL,NULL,NULL,1),
 (72,'MSOP','Stok Opname','-',0x01,'2011-07-04 05:24:29','','2011-07-04 22:51:52','',2,'1','1','0','0','content/stok_opname',2,NULL,NULL,NULL,1),
 (73,'MLBF','List Barang','-',0x01,'2011-07-04 09:43:09','','0000-00-00 00:00:00','',2,'1','1','0','0','content/daftar_barang',2,NULL,NULL,NULL,1),
 (74,'MLPS','List Permintaan Stock Unit','-',0x01,'2011-07-04 11:06:28','','2011-07-04 22:15:17','',2,'1','2','0','0','content/distribusi_obat&ket_status=1',2,NULL,NULL,NULL,1),
 (75,'MIRI','Input Resep','-',0x01,'2011-07-06 07:51:46','','0000-00-00 00:00:00','',2,'1','51','0','0','content/resep_reg_igd',1,NULL,NULL,NULL,1),
 (76,'MIGB','Bukti Penerimaan Stok','-',0x01,'2011-07-06 07:57:13','','2011-07-13 23:23:51','',2,'1','51','0','0','content/list_BTB',1,NULL,NULL,NULL,1),
 (77,'MOCI','Input Resep','-',0x01,'2011-07-06 08:11:24','','0000-00-00 00:00:00','',2,'1','52','0','0','content/resep_reg_oca',1,NULL,NULL,NULL,1),
 (78,'MOCB','Bukti Penerimaan Stok','-',0x01,'2011-07-06 08:14:17','','2011-07-14 11:29:23','',2,'1','52','0','0','content/list_BTB',1,NULL,NULL,NULL,1),
 (79,'MCSU','Controlling Stok Unit','-',0x01,'2011-07-09 01:06:08','','2011-07-09 00:08:39','',2,'1','1','0','0','content/daftar_barang_unit&f=1',2,NULL,NULL,NULL,1),
 (80,'MCMK','Menu Kasir','-',0x01,'2011-07-09 04:30:37','','2011-07-20 18:14:20','',2,'1','2','0','0','content/kasir_tes',2,NULL,NULL,NULL,1),
 (82,'MRRI','Input Resep','-',0x01,'2011-07-10 12:16:40','','0000-00-00 00:00:00','',2,'1','50','0','0','content/resep_reg_rawat_inap',1,NULL,NULL,NULL,1),
 (83,'MBRI','Bukti Penerimaan Stok','-',0x01,'2011-07-10 12:18:09','','2011-07-14 11:28:52','',2,'1','50','0','0','content/list_BTB',1,NULL,NULL,NULL,1),
 (87,'MLBR','Laboratorium','-',0x01,'2011-07-14 02:43:44','','0000-00-00 00:00:00','',1,'0','0','0','0','content/list_spp',1,NULL,NULL,NULL,1),
 (86,'MLKR','Laporan Transaksi','-',0x01,'2011-07-13 04:43:02','','2011-07-13 15:43:39','',2,'1','6','0','0','content/lap_kasir',2,NULL,NULL,NULL,1),
 (88,'MSOL','Stock Gudang Laboratorium','-',0x01,'2011-07-14 02:51:29','','0000-00-00 00:00:00','',2,'1','87','0','0','content/daftar_barang_unit',1,NULL,NULL,NULL,1),
 (89,'MIRL','Input Resep','-',0x01,'2011-07-14 02:52:51','','0000-00-00 00:00:00','',2,'1','87','0','0','content/resep_reg_lab',1,NULL,NULL,NULL,1),
 (90,'MBPL','Bukti Penerimaan Stok','-',0x01,'2011-07-14 02:54:54','','0000-00-00 00:00:00','',2,'1','87','0','0','content/list_BTB',1,NULL,NULL,NULL,1),
 (91,'MRDL','Radiologi','-',0x01,'2011-07-14 02:59:48','','0000-00-00 00:00:00','',1,'0','0','0','0','content/list_spp',1,NULL,NULL,NULL,1),
 (92,'MSGR','Stok Gudang Radiologi','-',0x01,'2011-07-14 03:01:01','','0000-00-00 00:00:00','',2,'1','91','0','0','content/daftar_barang_unit',1,NULL,NULL,NULL,1),
 (93,'MIRR','Input Resep','-',0x01,'2011-07-14 03:02:31','','0000-00-00 00:00:00','',2,'1','91','0','0','content/resep_reg_radiologi',1,NULL,NULL,NULL,1),
 (94,'MBTR','Bukti Penerimaan Stok','-',0x01,'2011-07-14 03:03:33','','0000-00-00 00:00:00','',2,'1','91','0','0','content/list_BTB',1,NULL,NULL,NULL,1),
 (95,'MPJB','Penjualan Bebas','-',0x01,'2011-07-14 08:18:32','','0000-00-00 00:00:00','',2,'1','2','0','0','content/resep_reg_umum',1,NULL,NULL,NULL,1),
 (96,'MLBK','List Barang Kadaluarsa','-',0x01,'2011-07-17 09:25:39','','0000-00-00 00:00:00','',2,'1','1','0','0','content/daftar_barang_kadaluarsa',2,NULL,NULL,NULL,1),
 (97,'MDRK','Daftar Rekening','-',0x01,'2011-07-19 10:56:08','','2011-07-19 10:03:28','',2,'1','30','0','0','content/daftar_akun',2,NULL,NULL,NULL,1),
 (98,'MJRU','Jurnal Umum','-',0x01,'2011-07-19 10:56:51','','0000-00-00 00:00:00','',2,'1','30','0','0','content/jurnal_umum',2,NULL,NULL,NULL,1),
 (99,'MJBB','Buku Besar','-',0x01,'2011-07-19 10:58:39','','0000-00-00 00:00:00','',2,'1','30','0','0','content/lihat_buku_besar',2,NULL,NULL,NULL,1),
 (100,'MJPY','Jurnal Penyesuaian','-',0x01,'2011-07-19 10:59:33','','0000-00-00 00:00:00','',2,'1','30','0','0','content/jurnal_penyesuaian',2,NULL,NULL,NULL,1),
 (101,'MNRC','Neraca Lajur','-',0x01,'2011-07-19 11:00:13','','0000-00-00 00:00:00','',2,'1','30','0','0','content/neraca_lajur',2,NULL,NULL,NULL,1);
COMMIT;
/*!40000 ALTER TABLE `tbl_menu` ENABLE KEYS */;


--
-- Definition of table `tipe_obat`
--

DROP TABLE IF EXISTS `tipe_obat`;
CREATE TABLE `tipe_obat` (
  `id` int(11) NOT NULL auto_increment,
  `kd_tipe_obat` varchar(15) NOT NULL,
  `nama_tipe_obat` varchar(100) NOT NULL,
  PRIMARY KEY  (`id`,`kd_tipe_obat`)
) ENGINE=MyISAM AUTO_INCREMENT=4 DEFAULT CHARSET=latin1;

--
-- Dumping data for table `tipe_obat`
--

/*!40000 ALTER TABLE `tipe_obat` DISABLE KEYS */;
SET AUTOCOMMIT=0;
INSERT INTO `tipe_obat` (`id`,`kd_tipe_obat`,`nama_tipe_obat`) VALUES 
 (1,'STD','DOSP'),
 (3,'NSTD','Non - DOSP');
COMMIT;
/*!40000 ALTER TABLE `tipe_obat` ENABLE KEYS */;


--
-- Definition of table `unit`
--

DROP TABLE IF EXISTS `unit`;
CREATE TABLE `unit` (
  `id` int(11) NOT NULL auto_increment,
  `kd_unit` varchar(20) NOT NULL,
  `unit_name` varchar(255) NOT NULL,
  `status` varchar(40) default NULL,
  `flags` tinyint(1) NOT NULL default '1',
  `created_datetime` datetime NOT NULL,
  `created_user` varchar(20) NOT NULL,
  `update_datetime` datetime NOT NULL,
  `update_user` varchar(20) NOT NULL,
  `fld01` varchar(255) default NULL,
  `fld02` varchar(255) default NULL,
  `fld03` varchar(255) default NULL,
  `fld04` varchar(255) default NULL,
  `fld05` varchar(255) default NULL,
  `fld06` varchar(255) default NULL,
  `fld07` varchar(255) default NULL,
  `fld08` varchar(255) default NULL,
  `fld09` varchar(255) default NULL,
  `fld10` varchar(255) default NULL,
  PRIMARY KEY  (`id`,`kd_unit`)
) ENGINE=MyISAM AUTO_INCREMENT=21 DEFAULT CHARSET=latin1;

--
-- Dumping data for table `unit`
--

/*!40000 ALTER TABLE `unit` DISABLE KEYS */;
SET AUTOCOMMIT=0;
INSERT INTO `unit` (`id`,`kd_unit`,`unit_name`,`status`,`flags`,`created_datetime`,`created_user`,`update_datetime`,`update_user`,`fld01`,`fld02`,`fld03`,`fld04`,`fld05`,`fld06`,`fld07`,`fld08`,`fld09`,`fld10`) VALUES 
 (1,'01','UNIT 01','AKTIF',1,'2011-06-26 03:57:02','JL','2011-06-26 03:57:02','JL',NULL,NULL,NULL,NULL,NULL,NULL,NULL,NULL,NULL,NULL),
 (2,'02','UNIT 02','AKTIF',1,'2011-06-26 03:57:09','JL','2011-06-26 03:57:09','JL',NULL,NULL,NULL,NULL,NULL,NULL,NULL,NULL,NULL,NULL),
 (3,'03','UNIT 03','AKTIF',1,'2011-06-26 03:57:16','JL','2011-06-26 03:57:16','JL',NULL,NULL,NULL,NULL,NULL,NULL,NULL,NULL,NULL,NULL),
 (4,'04','UNIT 04','AKTIF',1,'2011-06-26 03:57:20','JL','2011-06-26 03:57:20','JL',NULL,NULL,NULL,NULL,NULL,NULL,NULL,NULL,NULL,NULL),
 (5,'05','UNIT 05','AKTIF',1,'2011-06-26 03:57:25','JL','2011-06-26 03:57:25','JL',NULL,NULL,NULL,NULL,NULL,NULL,NULL,NULL,NULL,NULL),
 (6,'06','UNIT 06','AKTIF',1,'2011-06-26 03:57:32','JL','2011-06-26 03:57:32','JL',NULL,NULL,NULL,NULL,NULL,NULL,NULL,NULL,NULL,NULL),
 (7,'07','UNIT 07','AKTIF',1,'2011-06-26 03:57:37','JL','2011-06-26 03:57:37','JL',NULL,NULL,NULL,NULL,NULL,NULL,NULL,NULL,NULL,NULL),
 (8,'08','UNIT 08','AKTIF',1,'2011-06-26 03:57:42','JL','2011-06-26 03:57:42','JL',NULL,NULL,NULL,NULL,NULL,NULL,NULL,NULL,NULL,NULL),
 (9,'09','UNIT 09','AKTIF',1,'2011-06-26 03:57:46','JL','2011-06-26 03:57:46','JL',NULL,NULL,NULL,NULL,NULL,NULL,NULL,NULL,NULL,NULL),
 (10,'10','UNIT 10','AKTIF',1,'2011-06-26 03:57:52','JL','2011-06-26 03:57:52','JL',NULL,NULL,NULL,NULL,NULL,NULL,NULL,NULL,NULL,NULL),
 (11,'11','UNIT 11','AKTIF',1,'2011-06-26 03:57:56','JL','2011-06-26 03:57:56','JL',NULL,NULL,NULL,NULL,NULL,NULL,NULL,NULL,NULL,NULL),
 (12,'12','UNIT 12','AKTIF',1,'2011-06-26 03:58:00','JL','2011-06-26 03:58:00','JL',NULL,NULL,NULL,NULL,NULL,NULL,NULL,NULL,NULL,NULL),
 (13,'13','UNIT 13','AKTIF',1,'2011-06-26 03:58:04','JL','2011-06-26 03:58:04','JL',NULL,NULL,NULL,NULL,NULL,NULL,NULL,NULL,NULL,NULL),
 (14,'14','UNIT 14','AKTIF',1,'2011-06-26 03:58:08','JL','2011-06-26 03:58:08','JL',NULL,NULL,NULL,NULL,NULL,NULL,NULL,NULL,NULL,NULL),
 (15,'15','UNIT 15','AKTIF',1,'2011-06-26 03:58:12','JL','2011-06-26 03:58:12','JL',NULL,NULL,NULL,NULL,NULL,NULL,NULL,NULL,NULL,NULL),
 (16,'16','UNIT 16','AKTIF',1,'2011-06-26 03:58:16','JL','2011-06-26 03:58:16','JL',NULL,NULL,NULL,NULL,NULL,NULL,NULL,NULL,NULL,NULL),
 (17,'17','UNIT 17','AKTIF',1,'2011-06-26 03:58:20','JL','2011-06-26 03:58:20','JL',NULL,NULL,NULL,NULL,NULL,NULL,NULL,NULL,NULL,NULL),
 (18,'18','UNIT 18','AKTIF',1,'2011-06-26 03:58:24','JL','2011-06-26 03:58:24','JL',NULL,NULL,NULL,NULL,NULL,NULL,NULL,NULL,NULL,NULL),
 (19,'19','UNIT 19','AKTIF',1,'2011-06-26 03:58:28','JL','2011-06-26 03:58:28','JL',NULL,NULL,NULL,NULL,NULL,NULL,NULL,NULL,NULL,NULL),
 (20,'20','UNIT 20','AKTIF',1,'2011-06-26 03:58:33','JL','2011-06-26 03:58:33','JL',NULL,NULL,NULL,NULL,NULL,NULL,NULL,NULL,NULL,NULL);
COMMIT;
/*!40000 ALTER TABLE `unit` ENABLE KEYS */;


--
-- Definition of table `user`
--

DROP TABLE IF EXISTS `user`;
CREATE TABLE `user` (
  `id` int(11) NOT NULL auto_increment,
  `type_id` int(20) NOT NULL,
  `group_id` varchar(20) NOT NULL,
  `created_datetime` datetime NOT NULL,
  `created_user` varchar(20) NOT NULL,
  `update_datetime` datetime NOT NULL,
  `update_user` varchar(20) NOT NULL,
  `id_user` varchar(11) NOT NULL,
  `nm_user` varchar(100) NOT NULL,
  `pwd` varchar(255) NOT NULL,
  `jns_kel` varchar(255) NOT NULL,
  `Ket` varchar(255) NOT NULL,
  `fullname` varchar(255) NOT NULL,
  `status_aktifasi` int(11) NOT NULL,
  `unit_id` varchar(255) NOT NULL,
  `param_no` int(11) NOT NULL,
  `sub_unit` int(11) NOT NULL,
  `f_login` int(11) NOT NULL,
  PRIMARY KEY  (`id`)
) ENGINE=MyISAM AUTO_INCREMENT=39 DEFAULT CHARSET=latin1;

--
-- Dumping data for table `user`
--

/*!40000 ALTER TABLE `user` DISABLE KEYS */;
SET AUTOCOMMIT=0;
INSERT INTO `user` (`id`,`type_id`,`group_id`,`created_datetime`,`created_user`,`update_datetime`,`update_user`,`id_user`,`nm_user`,`pwd`,`jns_kel`,`Ket`,`fullname`,`status_aktifasi`,`unit_id`,`param_no`,`sub_unit`,`f_login`) VALUES 
 (4,3,'3','2011-06-26 16:57:38','angga','2011-06-26 19:38:52','Hardiasnyah','USR0001','Hardi','25d55ad283aa400af464c76d713c07ad','L','Administrator','angga',1,'',1,0,1),
 (5,3,'','2011-06-26 19:33:39','angga','2011-07-01 04:04:34','Jalu','USR0002','Jalu','25d55ad283aa400af464c76d713c07ad','L','Administrator','J.a Pambudi',1,'',2,0,0),
 (11,2,'2','2011-06-26 10:02:15','Hardi','2011-06-28 04:45:44','Hardi','USR0003','Richard','25d55ad283aa400af464c76d713c07ad','L','Operator','Richard SAM',1,'4',3,0,0),
 (28,2,'2','2011-06-28 23:25:46','Hardi','0000-00-00 00:00:00','','USR0005','UFRM','25d55ad283aa400af464c76d713c07ad','P','Operator','User Farmasi',1,'1',5,95,0),
 (27,2,'2','2011-06-28 22:29:20','Hardi','2011-06-29 05:05:54','Hardi','USR0004','UAPT','25d55ad283aa400af464c76d713c07ad','L','Operator','User Apotik',1,'2',4,93,0),
 (29,2,'1','2011-06-29 00:09:35','Hardi','0000-00-00 00:00:00','','USR0006','angga','25d55ad283aa400af464c76d713c07ad','L','Operator','angga gitu dech',1,'4',6,9,0),
 (30,2,'1','2011-06-30 21:06:05','Hardi','0000-00-00 00:00:00','','USR0007','URWJ','25d55ad283aa400af464c76d713c07ad','P','Operator','User Rawat Jalan',1,'4',7,3,0),
 (31,2,'2','2011-07-01 01:30:54','Jalu','0000-00-00 00:00:00','','USR0008','po01','25d55ad283aa400af464c76d713c07ad','L','Operator','Purchasing 01',1,'5',8,97,0),
 (33,2,'1','2011-07-05 01:47:14','Hardi','0000-00-00 00:00:00','','USR0010','UIGD','25d55ad283aa400af464c76d713c07ad','L','Operator','UIGD',1,'51',10,1,0),
 (32,4,'2','2011-07-01 03:58:56','Jalu','0000-00-00 00:00:00','','USR0009','pospv','25d55ad283aa400af464c76d713c07ad','P','Supervisor','Purchasing Supervisor',1,'5',9,1,0),
 (34,2,'1','2011-07-06 04:25:32','Hardi','0000-00-00 00:00:00','','USR0011','UOCA','25d55ad283aa400af464c76d713c07ad','L','Operator','UOCA',1,'52',11,80,0),
 (35,3,'1','2011-07-14 11:19:05','Hardi','0000-00-00 00:00:00','','USR0012','URWI','25d55ad283aa400af464c76d713c07ad','P','Administrator','Unit Rawat Inap',1,'50',12,44,1),
 (36,3,'1','2011-07-14 11:59:54','Hardi','0000-00-00 00:00:00','','USR0013','UOCA','25d55ad283aa400af464c76d713c07ad','P','Administrator','OCA gt lho',1,'52',13,70,0),
 (37,3,'1','2011-07-14 14:22:40','Hardi','0000-00-00 00:00:00','','USR0014','ULAB','25d55ad283aa400af464c76d713c07ad','P','Administrator','Laboratorium',1,'87',14,98,0),
 (38,3,'1','2011-07-14 14:23:00','Hardi','0000-00-00 00:00:00','','USR0015','URAD','25d55ad283aa400af464c76d713c07ad','L','Administrator','Radiologi',1,'91',15,99,0);
COMMIT;
/*!40000 ALTER TABLE `user` ENABLE KEYS */;


--
-- Definition of table `user_group`
--

DROP TABLE IF EXISTS `user_group`;
CREATE TABLE `user_group` (
  `id` int(11) NOT NULL auto_increment,
  `group_code` varchar(20) NOT NULL,
  `name_group` varchar(100) NOT NULL,
  `description` varchar(255) NOT NULL,
  `flags` bit(1) NOT NULL,
  `created_datetime` datetime NOT NULL,
  `created_user` varchar(20) NOT NULL,
  `update_datetime` datetime NOT NULL,
  `update_user` varchar(20) NOT NULL,
  `type_id` varchar(20) NOT NULL,
  `lv_id` varchar(20) NOT NULL,
  `fld01` varchar(255) default NULL,
  `fld02` varchar(255) default NULL,
  `fld03` varchar(255) default NULL,
  `fld04` varchar(255) default NULL,
  `fld05` varchar(255) default NULL,
  `fld06` varchar(255) default NULL,
  `fld07` varchar(255) default NULL,
  `fld08` varchar(255) default NULL,
  `fld09` varchar(255) default NULL,
  `fld10` varchar(255) default NULL,
  PRIMARY KEY  (`id`)
) ENGINE=MyISAM AUTO_INCREMENT=2 DEFAULT CHARSET=latin1;

--
-- Dumping data for table `user_group`
--

/*!40000 ALTER TABLE `user_group` DISABLE KEYS */;
SET AUTOCOMMIT=0;
COMMIT;
/*!40000 ALTER TABLE `user_group` ENABLE KEYS */;


--
-- Definition of table `user_type`
--

DROP TABLE IF EXISTS `user_type`;
CREATE TABLE `user_type` (
  `id` int(11) NOT NULL auto_increment,
  `type_code` varchar(100) NOT NULL,
  `name_access` varchar(255) NOT NULL,
  `description` varchar(255) NOT NULL,
  `flags` bit(1) NOT NULL,
  `created_datetime` datetime NOT NULL,
  `created_user` varchar(20) NOT NULL,
  `update_datetime` datetime NOT NULL,
  `update_user` varchar(20) NOT NULL,
  `fld01` varchar(255) default NULL,
  `fld02` varchar(255) default NULL,
  `fld03` varchar(255) default NULL,
  `fld04` varchar(255) default NULL,
  `fld05` varchar(255) default NULL,
  `fld06` varchar(255) default NULL,
  `fld07` varchar(255) default NULL,
  `fld08` varchar(255) default NULL,
  `fld09` varchar(255) default NULL,
  `fld10` varchar(255) default NULL,
  PRIMARY KEY  (`id`)
) ENGINE=MyISAM AUTO_INCREMENT=5 DEFAULT CHARSET=latin1;

--
-- Dumping data for table `user_type`
--

/*!40000 ALTER TABLE `user_type` DISABLE KEYS */;
SET AUTOCOMMIT=0;
INSERT INTO `user_type` (`id`,`type_code`,`name_access`,`description`,`flags`,`created_datetime`,`created_user`,`update_datetime`,`update_user`,`fld01`,`fld02`,`fld03`,`fld04`,`fld05`,`fld06`,`fld07`,`fld08`,`fld09`,`fld10`) VALUES 
 (2,'OPR','Operator','-',0x01,'2011-06-26 10:38:54','angga','0000-00-00 00:00:00','',NULL,NULL,NULL,NULL,NULL,NULL,NULL,NULL,NULL,NULL),
 (3,'ADM','Administrator','-',0x01,'2011-06-26 10:39:09','angga','0000-00-00 00:00:00','',NULL,NULL,NULL,NULL,NULL,NULL,NULL,NULL,NULL,NULL),
 (4,'SPV','Supervisor','-',0x01,'2011-06-26 10:39:20','angga','0000-00-00 00:00:00','',NULL,NULL,NULL,NULL,NULL,NULL,NULL,NULL,NULL,NULL);
COMMIT;
/*!40000 ALTER TABLE `user_type` ENABLE KEYS */;




/*!40101 SET SQL_MODE=@OLD_SQL_MODE */;
/*!40014 SET FOREIGN_KEY_CHECKS=@OLD_FOREIGN_KEY_CHECKS */;
/*!40014 SET UNIQUE_CHECKS=@OLD_UNIQUE_CHECKS */;
/*!40101 SET CHARACTER_SET_CLIENT=@OLD_CHARACTER_SET_CLIENT */;
/*!40101 SET CHARACTER_SET_RESULTS=@OLD_CHARACTER_SET_RESULTS */;
/*!40101 SET COLLATION_CONNECTION=@OLD_COLLATION_CONNECTION */;
/*!40101 SET CHARACTER_SET_CLIENT=@OLD_CHARACTER_SET_CLIENT */;
